verse|start|end|sentence
1.1|388124|532066|Хоёр тэнгэрэлч Содомд үдшээр иржээ.
1.2|601391|944666|Лот, Содомын гулдан хаалган дээр сууж байснаа тэднийг харж, босон угтаад, нүүрээрээ газарт доош мэхийв.
1.3-2.2|957896|1346902|Тэрээр —Харагтун, эзэд минь! Зарцынхаа гэрээр орж, хөлөө угааж, хоноод маргааш өглөө эрт босож аян замдаа гарна уу?
2.3|1371201|1585791|гэсэнд тэд —Үгүй, бид гадаа талбайд хононо гэв.
3.1|1624423|1850171|Тэгээд Лот тэднээс хүчлэн гуйсанд тэд Лотынд очиж гэрт нь оржээ.
3.2|1915615|2156357|Лот тэдэнд хоол унд бэлтгэн, исгээгүй талх барьж өгсөнд тэд идэцгээв.
4.1-5.2|2199178|2671974|Тэднийг хэвтэхийн өмнө тэр хотын эрчүүд болох Содомын эрчүүд хөгшин залуугүй бүгд тал бүрээс цуглан гэрийг нь бүсэлж, Лотыг дуудан түүнд
5.2|2722557|2827471|—Энэ шөнө танайд ирсэн хүмүүс хаана байна вэ?
5.3|2845243|3018204|Тэднийг бидэнд гаргаж ир, бид тэдэнтэй хурьцацгаая! гэв.
6|3077871|3244701|Лот тэдэнтэй уулзахаар гарч ирээд, үүдээ араараа хааж
7|3337929|3517680|—Ах дүү нар минь ээ гуйя, ийм муухай юм битгий хийгээрэй!
8.1|3533821|3703826|Харагтун, надад эр хүнтэй хавьтаагүй хоёр охин бий.
8.2|3720408|3781795|Би тэднийг та нарт авчиръя.
8.3|3803492|3887767|Та нар тэдэнтэй дураараа л бол.
8.4|3906907|4200833|Харин энэ хүмүүс миний гэрт ирж, дээвэр дор минь орсон учир тэдэнд бузар хэрэг бүү хий гэв.
9.1|4228440|4304733|Гэтэл тэд —Зайл! гээд
9.2|4318801|4477120|—Манай энд цагаачилж ирчихээд бас бидний шүүгч болох нь уу?
9.3|4526732|4920722|Одоо бид тэднээс илүү чамайг хорлоно гээд дайран ирж, Лотыг хүчээр түлхэж, хаалгыг нь эвдэхээр дөхөв.
10-11|4992561|5689693|Нөгөө хүмүүс нь гараа сунган Лотыг гэрт татан оруулаад хаалгыг хааж, гэрийн үүдэнд байсан хүмүүсийг том багагүй бүгдийг нь юу ч харахгүй болгосонд тэд гэрийн үүдийг олох гээд яджээ.
12.1|5948384|6200680|Нөгөө хүмүүс Лотод —Энд танайхнаас өөр хэн хэн байна вэ?
12.2|6233579|6560448|Хүргэн, хөвгүүд, охид гээд энэ хотод байгаа өөрийн гэсэн хэнийг ч болов энэ газраас гадагш гарга.
13.1|6598418|6849744|Тэдний хашхираан ЭЗЭНий өмнө үлэмж их болсон учир бид энэ газрыг устгана.
13.2|6893535|7008813|Үүний учир биднийг ЭЗЭН илгээсэн юм.
14.1|7078887|7384809|Тэгээд Лот гадагш гарч, охидыг нь авахаар болсон хүргэддээ —ЭЗЭН энэ хотыг устгах гэж байна.
14.2|7402714|7522754|Босогтун, энэ газраас гарагтун! гэв.
14.3|7568750|7718999|Харин хүргэд нь түүнийг тоглоом хийж байна гэж боджээ.
15.1|7782547|8178786|Үүр цайх үеэр тэнгэрэлч нар Лотыг яаруулан —Босогтун, энд байгаа эхнэр, хоёр охиноо аваад яв.
15.2|8197219|8459703|Эс тэгвээс та нар энэ хотын шийтгэлтэй хамтдаа устгагдах болно гэжээ.
16|8525059|9115558|Харин Лотыг саатан тээнэгэлзэхэд тэр хүмүүс түүний гараас мөн эхнэрийнх нь болон хоёр охиных нь гараас зууран авч, ЭЗЭН тэдэнд өршөөнгүй хандсан тул тэднийг гадагш гарган, хотын гадна аваачиж тавив.
17.1|9147663|9423111|Тэднийг гадагш нь аваачаад нөгөө хүмүүсийн нэг нь —Амийнхаа төлөө зугт! Бүү эргэж хар!
17.2|9443044|9502271|Энэ талд бүү үлд!
17.3|9511973|9573007|Харин уул уруу зугт!
17.4-18|9588486|9863891|Эс тэгвэл та нар устгагдах болно гэсэнд Лот тэдэнд —Үгүй, эзэн минь!
19.1|9893438|10341229|Таны нүдэнд зарц тань тааллыг олж, та энэрэл хайраа надад үзүүлэн амийг минь аварсан ач тань тун их авч би уул уруу зугтаж чадахгүй.
19.2|10390974|10520716|Гай зовлон намайг нөмөрч, би үхэх болно.
20.1|10555996|10761105|Харагтун, тэр нэг хотод зугтаж очвол ойрхон бас жижиг ч хот юм.
20.2|10778084|10873781|Гуйя, намайг тийшээ зугтаалгаач.
20.3|10915587|11075979|Тэр жижиг хот биш үү? Тэгвэл би амьд гарна гэв.
21|11106276|11433454|Тэрээр түүнд —За, би чиний хүсэлтийг хүлээн авч, чиний хэлж байгаа тэр хотыг устгахгүй.
22.1|11510849|11746079|Чамайг тэнд очтол Би юу ч хийж болохгүй тул тийшээ бушуухан зугт гэв.
22.2|11766409|11922082|Тиймээс тэр хотыг Зоар гэж дуудах болжээ.
23|11954583|12103200|Лотыг Зоарт орж ирэхэд нар мандсан байв.
24|12142493|12549448|ЭЗЭН Содом, Гоморра дээр хүхэр ба галыг тэнгэрээс буюу ЭЗЭНээс бороо мэт буулгажээ.
25|12585699|13090335|Тэгээд Тэрээр тэдгээр хот, тал хөндийг бүхлээр нь, бас хотод амьдарч байсан хамаг амьтан, газрын ургамал бүгдийг хөмрөн сүйрүүлжээ.
26|13118074|13413411|Харин Лотын ард явж байсан эхнэр нь эргэж хараад давсан багана болчихжээ.
27|13481061|13730976|Абрахам өглөө эрт босоод, ЭЗЭНий өмнө зогсож байсан тэр газартаа очив.
28|13756774|14225337|Тэрээр Содом, Гоморра болон бүх тал газрыг өнгийн харахад, зуухнаас гарч байгаа утаа шиг утаа бургилж байлаа.
29|14295456|14903595|Бурхан талын хотыг устгахдаа Абрахамыг дурсан санаж, Лотын сууж байсан хотыг устган сүйрүүлэхдээ Лотыг сүйрлийн дундаас мэнд гаргажээ.
30|15172737|15552923|Лот, Зоарт амьдрахаас айсан учир хоёр охиныхоо хамт Зоараас гарч, ууланд сууж, хоёр охинтойгоо агуйд амьдрах болов.
31.1|15583572|15825417|Нэгэн өдөр том охин нь дүү охиндоо —Аав маань өвгөрлөө.
31.2|15838294|15988543|Энэ газарт ертөнцийн жам ёсоор бидэн дээр орох хүн алга байна.
32|16009314|16296008|Тиймээс аавдаа дарс уулгаад, түүнтэй унтаж, улмаар эцгийнхээ үр удмыг залгамжлуулан үлдээцгээе гэв.
33.1|16338168|16597035|Тэр шөнөдөө тэд эцэгтээ дарс уулгаж, том охин нь аав дээрээ оржээ.
33.2|16619261|16850786|Харин аав нь охиныхоо хэзээ хэвтэж, хэзээ боссоныг нь мэдсэнгүй.
34.1|16893298|17187181|Түүний маргааш нь том охин нь охин дүүдээ —Өнгөрсөн шөнө би эцэг дээрээ орсон.
34.2|17198867|17429687|Өнөө шөнө ч бас чи түүн дээр орж эцгийнхээ үр удмыг залгамжлуулан үлдээцгээе гэв.
35.1|17496498|17814195|Тэр шөнөдөө тэд эцэгтээ дахин дарс уулгаж, бага охин нь босож очоод, эцэг дээрээ оржээ.
35.2|17847755|18061860|Эцэг нь охиноо хэзээ хэвтэж, хэзээ боссоныг нь мэдсэнгүй.
36|18124085|18325710|Ингэж Лотын хоёр охин нь эцгээсээ хүүхэдтэй болов.
37.1|18388068|18552032|Том охин нь хүү төрүүлж, хүүгээ Моаб гэж нэрлэжээ.
37.2|18575052|18693416|Тэр нь өнөөгийн моабчуудын өвөг билээ.
38|18742455|19093359|Бага охин нь бас хүү төрүүлж, хүүгээ Бен-амми гэж нэрлэсэн нь өнөөгийн аммончуудын өвөг билээ.
