verse|start|end|sentence
1|456920|978667|Шинарын хаан Амрафел, Елласарын хаан Ариох, Еламын хаан Хедорлаомер, Гойимын хаан Тидал нарын өдрүүдэд тэрхүү хаадын эсрэг
2|1008214|1638006|Содомын хаан Бера, Гоморрагийн хаан Бирша, Адмагийн хаан Шинаб, Зебойимын хаан Шемебер нар Белагийн (тэр нь одоогийн Зоар) Белагийн хааны хамт босон дайтжээ.
3|1678401|1883334|Тэд бүгд Сиддимийн хөндий буюу Давст тэнгист цугларцгаав.
4|1942296|2214172|Тэд Хедорлаомерт арван хоёр жил зарцлагдаж байгаад арван гурав дахь жилдээ тэрслэн босжээ.
5-6|2256244|3048059|Арван дөрөв дэх жилд нь Хедорлаомер ба түүний холбоотон хаад хөдөлж, Аштерот-карнаимд рефаимчуудыг, Хамд зузчуудыг, Шаве-кириатаимд емчүүдийг бут цохиж мөн цөлийн ойролцоох Ел-параныг хүртэл Сеирийн ууланд хоричуудыг бут цохив.
7|3083427|3574790|Тэгээд тэд буцаж Ен-мишпатад (тэр нь Кадеш) хүрч ирээд, амалекчуудын бүх газар нутагт болон Хазазон-тамарт сууж байсан аморичуудыг бут цохив.
8-9|3626078|4729107|Содомын хаан, Гоморрагийн хаан, Адмагийн хаан, Зебойимын хаан, Белагийн (Зоар) хаан хөдөлцгөөж, Сиддимийн хөндийд дайтсан бөгөөд Еламын хаан Хедорлаомер, Гойимын хаан Тидал, Шинарын хаан Амрафел, Елласарын хаан Ариох нарын дөрвөн хаан дээрх таван хааны эсрэг жагсан гарчээ.
10|4798741|5308272|Сиддимийн хөндий барагшинт нүхээр дүүрэн байсан бөгөөд Содом, Гоморрагийн хаадыг зугтахад цэргүүд нь түүнд унаж, үлдсэн нь уул уруу зугтацгаав.
11|5353210|5649210|Дөрвөн хаан нь Содом, Гоморрагийн хамаг эд юмс, хоол хүнсийг булааж аваад явцгаав.
12|5676066|6036628|Тэд бас Содомд сууж байсан Абрамын дүүгийнх нь хүү болох Лотыг эд юмстай нь хамт булаан авч оджээ.
13.1|6097574|6334391|Тэгтэл зугтаж байсан нэгэн хүн, еврей хүн болох Абрамд очиж дуулгав.
13.2|6368392|6626201|Тэр үед Абрам, Мамрегийн царс модны орчим аморичуудын дунд сууж байжээ.
13.3|6695879|6945926|Мамре нь Ешкол, Анер хоёрын ах дүүс бөгөөд тэд Абрамын холбоотон байв.
14|6982044|7435039|Тэгээд Абрам ач дүүгээ олзлогдсоныг сонсоод, гэрт нь төрж бэлтгэгдсэн гурван зуун арван найман хүнийг удирдаж Дан хүртэл нэхэн хөөжээ.
15-16|7468599|8301913|Абрам болон зарц нар нь шөнө дүлээр тэдний эсрэг хуваагдаж, тэднийг бут цохиод, Дамаскийн зүүн тал дахь Хоба хүртэл элдэн хөөж, булаагдсан эд юмс бүхнийг бас ач дүү Лот болон түүний эд юмс, эмэгтэйчүүд, ардууд бүгдийг нь эргүүлэн авчирчээ.
17|8579919|9092229|Хедорлаомерыг хамсаатан хаадтай нь бут цохиод Абрамыг буцаж ирэхэд нь Содомын хаан Шавегийн хөндийд (тэр нь Хааны хөндий) түүнийг угтахаар хүрч ирэв.
18.1|9152910|9325606|Салемын хаан Мелхизедек талх, дарс аваад гарч иржээ.
18.2|9348494|9489526|Тэрээр Хамгийн Дээд Бурханы тахилч байв.
19|9523924|9880957|Абрамыг ерөөж хэлэхдээ —Тэнгэр газрын Эзэн, Хамгийн Дээд Бурхан, Абрахамыг ерөөх болтугай!
20.1|9911871|10230494|Та нарын дайсныг гарт чинь тушаасан Хамгийн Дээд Бурхан магтагдах болтугай! гэв.
20.2|10292807|10466826|Абрам түүнд бүх юмнаас аравны нэгийг өгчээ.
21|10539679|10806043|Содомын хаан Абрамд —Хүмүүсийг надад өг, эд хөрөнгийг нь чи өөртөө ав
22-23.1|10838853|11527519|гэсэнд Абрам, Содомын хаанд —Би гараа өргөн тэнгэр газрын Эзэн, Хамгийн Дээд Бурхан ЭЗЭНд чинийх гэгдэх юмнаас ширхэг утас, шаахайны уяа ч бай юу ч авахгүй гэж тангарагласан юм.
23.2|11555831|11703434|“Би Абрамыг баян болгосон” гэж чи хэлэх вий.
24.1|11724602|12102848|Гагцхүү энэ залуусын идсэн зүйл болон надтай цуг яваа Анер, Ешкол, Мамре нарын хувиас өөр юу ч авахгүй.
24.2|12123619|12217993|Тэд хувиа авцгааг гэжээ.
