verse|start|end|sentence
2|192981|281931|Хоёр хоригдлын зүүд
3|345567|704453|Түүнээс хойно Египетийн хааны сөнч, талхчин хоёр өөрсдийн эзэн Египетийн хаанд нүгэл үйлджээ.
4|740306|960409|Фараон өөрийнхөө хоёр албат ахлах сөнч, ахлах талхчин хоёрт уурлаж,
5|994410|1226200|тэднийг хамгаалагчдын захирагчийн байшин доторх Иосефын хоригдож байсан шоронд хийв.
6|1267919|1509984|Хамгаалагчдын захирагч Иосефыг тэдэн дээр нэмж оруулсанд Иосеф тэдэнд үйлчилжээ.
7|1548483|1647399|Тэд хэсэг хугацаанд хорионд байв.
8|1696086|2106657|Шоронд хоригдож байсан Египетийн хааны сөнч, талхчин хоёр нэгэн шөнө хоёулаа зүүдэлсэн бөгөөд тэр хоёрын зүүдний совин өөр өөр байлаа.
9|2148243|2400495|Иосефыг өглөөгүүр тэдэн дээр орж ирээд харахад, үзэгтүн, тэд их гунигтай байв.
10|2442522|2664345|Иосеф эзнийхээ байшинд өөртэй нь хамт хорионд байгаа Фараоны хоёр албатаас
11|2754045|2980807|—Өнөөдөр та хоёрын царай яагаад ийм дүнсгэр муу харагдана вэ? гэж асуусанд тэд
12|3043870|3308690|—Бид хоёулаа зүүд зүүдэллээ, харин түүнийг тайлах хүн алга гэсэнд Иосеф тэдэнд
13|3346528|3500966|—Тайлал нь Бурханых биш үү? Надад яриач дээ! гэв.
14|3524868|3655581|Тэгээд ахлах сөнч зүүдээ Иосефт ярьсан нь
15|3699328|3915374|—Миний зүүдэнд, харагтун, өмнө минь усан үзмийн мод байв.
16|3946244|4171727|Тэр мод гурван мөчиртэй бөгөөд ургаж дэлгэрээд усан үзэм боловсорчээ.
17|4213931|4653123|Тэгээд миний гар дээр Фараоны аяга байх ба би усан үзэм авч, Фараоны аяганд шүүсийг нь шахаж хийгээд, тэр аягаа Фараоны гарт өгч байлаа гэв.
19|4782645|5025944|Фараон гурван өдрийн дотор тэргүүнийг тань өргөж, хуучин албанд тань дахин оруулна.
20|5050376|5347213|Тэгээд та урьд түүний сөнч байх үедээ хийдэг байсан ёсоор Фараоны аягыг дахин гарт нь өгөх болно.
21|5385800|5802633|Бүх юм чинь сайн болбол намайг дурсан санаарай. Надад нинжин сэтгэл гарган Фараонд миний тухай дурдаж энэ байшингаас намайг гаргаж өгнө үү?
22|5835444|5975020|Үнэнээ хэлэхэд, би еврейчүүдийн нутгаас хулгайлагдсан.
23|6010741|6222245|Тэд намайг гянданд суулгах ямар ч хэрэг би энд хийгээгүй гэжээ.
24|6267536|6430309|Түүнийг сайнаар тайлахыг ахлах талхчин хараад, Иосефт
25|6468102|6778566|—Би бас зүүдэндээ үзсэн нь, харагтун, миний толгой дээр цагаан талхтай гурван сагс байв.
26|6800484|7072802|Дээд талын сагсанд нь Фараонд зориулж жигнэсэн янз бүрийн жигнэсэн бүтээгдэхүүн байлаа.
27|7112844|7319321|Гэтэл шувууд миний толгой дээрх сагснаас түүнийг авч идэж байлаа
28|7350808|7513317|гэсэнд Иосеф —Түүний тайлал гэвэл,
30|7535014|7637987|гурван сагс нь гурван өдөр юм.
31|7683719|8073872|Гурван өдрийн дотор Фараон тэргүүнийг тань биеэс чинь өргөн авч модонд өлгөхөд шувууд махыг чинь идэх болно гэв.
33|8118324|8248419|Гурав дахь өдөр нь Фараоны төрсөн өдөр байв.
34|8292608|8661681|Фараон бүх зарц нартаа зориулсан найран дээр ахлах сөнч, ахлах талхчин хоёрынхоо толгойг зарц нарынхаа дунд дээш өргүүлэв.
35|8696167|8891089|Тэгээд тэр ахлах сөнчийг сөнчийнх нь албанд дахин оруулав.
36|8927339|9058933|Тэрээр Фараоны гарт аягыг нь барьж өгчээ.
37|9104004|9343687|Бас Иосефын тэдэнд тайлсан ёсоор ахлах талхчинг тэр дүүжилжээ.
38|9373940|9629190|Харин ахлах сөнч Иосефыг эргэж саналгүй түүнийг мартав.
