verse|start|end|sentence
1|343935|642845|Абрам эхнэрээ мөн хамаг юмаа аваад, Лоттой хамт Египетээс гарч, Негев уруу хөдөлжээ.
2|710892|898758|Абрам мал сүрэг, алт мөнгө ихтэй, маш баян байж.
3|929098|1313562|Тэрээр Негевээс Бетел, тэндээсээ Бетел Аи хоёрын хооронд урьд нь анх майхнаа босгож байсан тэр газартаа хүрэв.
4.1|1366791|1515011|Түүний анх тахилын ширээ босгосон газар нь тэр байлаа.
4.2|1549497|1689867|Тэнд Абрам, ЭЗЭНий нэрийг дуудав.
5-6.1|1798574|2120328|Абрамтай хамт явсан Лот бас мал сүрэг, майхан савтай учир тэд нэг газар хамт амьдрахад хүрэлцэхгүй байв.
6.2|2171231|2390661|Тэдний эд хөрөнгө үлэмж арвин байсан учир хамт амьдрах аргагүй болж.
7.1|2418796|2608206|Тиймээс Абрамын малчид, Лотын малчид хоорондоо маргалджээ.
7.2|2676164|2889784|Бас тэр нутагт канаанчууд болон перизчүүд нутаглан суудаг байлаа.
8.1|2940323|3132908|Абрам, Лотод —Бид ахан дүүс.
8.2|3161043|3374091|Чи бид хоёрын хооронд бас танай манай малчдын хооронд маргаан бүү байг!
9.1|3441828|3556532|Чиний өмнө энэ бүх газар байгаа биш үү?
9.2|3615759|3687421|Чи надаас салж яваач.
9.3|3727684|3894294|Хэрэв чамайг зүүн тийшээ явбал би баруун тийшээ явъя.
9.4|3915198|4080264|Хэрэв чамайг баруун тийшээ явбал би зүүн тийшээ явъя гэв.
10.1|4123129|4608185|Лот хараагаа өргөн, Зоар хүртэлх Иорданы талыг бүх газартаа элбэг устай, ЭЗЭНий цэцэрлэг шиг мөн Египетийн нутаг шиг байхыг харав.
10.2|4652329|4902067|Учир нь энэ нь Содом, Гоморра хоёрыг ЭЗЭН устгахаас өмнө байв.
11.1|4976552|5285561|Тиймээс Лот Иорданы тал хөндийг бүхлээр нь өөртөө сонгож, Лот зүүн тийш нүүжээ.
11.2|5311007|5457507|Ийнхүү тэд бие биенээсээ салцгаав.
12|5564317|5982120|Абрам Канаан нутагт амьдран сууж, Лот талын хотуудын дунд сууж, майхнаа нүүлгэн Содомын ойролцоо босгожээ.
13|6072040|6323675|Содомын хүмүүсийн санаа ёрын муу тул ЭЗЭНий өмнөх нүгэл нь их байв.
14|6364997|6867913|Лотыг салж явсны дараа ЭЗЭН, Абрамд —Чи хараагаа өргөн, одоо байгаа газраасаа хойд, урд, баруун, зүүн зүгийг харагтун.
15|6903237|7186580|Чиний харж байгаа тэр бүх нутгийг Би чамд болон чиний үр удамд үүрд өгнө.
16.1|7215068|7409946|Би бас чиний үр удмыг газрын тоос мэт болгоно.
16.2|7443153|7697610|Хэрэв хүн газрын тоос шороог тоолж чаддаг бол чиний үр удмыг ч тоолог.
17|7739153|8107873|Бос, энэ газар нутгаар хөндлөн гулд явж үз. Учир нь Би түүнийг чамд өгнө гэв.
18|8213139|8650170|Тэгээд Абрам майхнаа нүүлгэж, Хебронд байгаа Мамрегийн царс модны дэргэд очиж суугаад тэндээ ЭЗЭНд тахилын ширээ босгожээ.
