verse|start|end|sentence
3|396018|667674|Бурхан, Иаковт —Чи босоод Бетел уруу яв, тэнд суурьш.
5|690826|1121022|Тэгээд Есав ахаасаа нүүр буруулан зугтаж байсан тэр үед чамд үзэгдсэн Бурханд зориулан тэндээ тахилын ширээ босго гэв.
6|1155375|1321191|Иаков гэрийнхэн болон хамт байгаа бүх хүмүүстээ
7|1385930|1618381|—Та нар өөрсдөдөө байгаа харийн бурхдаа хаяж, биесээ цэвэрлэн, хувцсаа сольцгоо!
8|1662922|1752578|Бүгдээрээ босож, Бетел уруу явцгаая.
9|1787769|2176070|Миний шаналант өдөр надад хариу өгч, хаана ч явсан надтай хамт байсан Бурханд зориулж, тахилын ширээг тэнд би босгоно гэж хэлэв.
10|2237810|2769435|Тэд гартаа байсан хамаг харийн бурхад, чихэндээ байсан ээмгүүдээ Иаковт өгчээ. Иаков тэдгээрийг нь Шехемийн ойролцоох царс модны доор булав.
11|2829015|3255153|Тэд хөдөлсөн бөгөөд тэдний эргэн тойрон дахь бүх хот дээр Бурханы сүрдүүлгэ байсан тул Иаковын хөвгүүдийн хойноос хэн ч мөрдөн хөөсөнгүй.
12|3301237|3584536|Иаков болон түүнтэй хамт байсан бүх хүн Канаан нутаг дахь Луз буюу Бетелд хүрч ирлээ.
13|3636089|3879256|Тэрээр тэндээ тахилын ширээ босгож, уг газрыг Ел-бетел гэж нэрлэжээ.
14|3916168|4168728|Учир нь Иаковыг ахаасаа зугтаж байсан тэр үед тэнд Бурхан Өөрийгөө түүнд илчилжээ.
15|4204008|4546754|Ребекагийн асрагч эх Дебора үхэж, түүнийг Бетелээс доохно царс модны доор оршуулав.
17|4575242|4742117|Тэгээд тэр модыг Аллон-бакут гэж нэрлэв.
18|4789260|5107970|Иаковыг Паддан-Арамаас ирж явахад нь Бурхан түүнд дахин үзэгдэж, түүнийг ерөөв. Бурхан түүнд
19|5171430|5417420|—Чамайг Иаков гэдэг, Үүнээс хойш чамайг Иаков гэж дуудахгүй,
20|5442292|5546368|Харин чиний нэр Израиль болно
21|5584471|5720387|гээд түүнийг Израиль гэж нэрлэжээ.
22|5757740|6073363|Бурхан түүнд —Би Төгс Хүчит Бурхан байна. Чи үржигтүн, олшрогтун!
24|6104366|6382593|Үндэстэн, олон үндэстэн чамаас гарч, Хаад бас чамаас төрж гарах болно.
25|6428898|6657997|Би Абрахам Исаак нарт өгсөн тэр газраа чамд бас өгнө.
26|6713651|6985263|Би бас чамаас хойших чиний үр удамд ч тэр газрыг өгнө гэв.
27|7076374|7261197|Бурхан түүнтэй ярьж байсан газартаа түүнийг орхин, дээш одов.
28|7303489|7724908|Өөртэй нь Бурханы ярьсан тэр газарт Иаков нэгэн багана буюу чулуун багана босгоод, дээр нь ундаан өргөл, тос цутгажээ.
29|7770993|8056540|Өөртэй нь Бурханы ярьсан тэр газрыг Бетел гэж Иаков нэрлэв.
31|8106550|8243304|Бениамин төрж Рахел өөд болов
32|8294636|8586093|Тэднийг Бетелээс хөдлөөд Ефратад хүрэхээс арай өмнөхөн Рахел төрөх болж, хүчтэй өвджээ.
33|8651229|8982773|Түүнийг хүндрэлтэйгээр төрөх үед эх баригч нь —Битгий ай. Та одоо бас нэг хүүтэй боллоо гэж хэлэв.
34|9032297|9272598|Тэрээр нас эцэслэж, амь тавихдаа хүүгээ Бен-они гэж нэрлэжээ.
35|9301527|9453276|Харин эцэг нь түүнийг Бениамин гэж нэрлэв.
37|9546415|9828522|Рахел нас барж, түүнийг Ефрат (Бетлехем) орох зам дээр оршуулав.
38|9874783|10272521|Иаков түүний булшин дээр хөшөө босгосон бөгөөд тэр нь одоо хүртэл Рахелын булшны хөшөө гэж нэрлэгдсээр байна.
39|10322487|10525479|Израиль дахин цааш хөдөлж Едерийн цамхгийг өнгөрөөд майхнаа босгов.
40|10627173|10923040|Израилийг тэр газар сууж байх үед Реубен явж, эцгийнхээ татвар эм Билхатай унтав.
41|10944693|11045947|Израиль түүнийг нь сонсжээ.
42|11090488|11214277|Иаков арван хоёр хүүтэй байв.
43|11261199|11447698|Леагийн хөвгүүд гэвэл, Иаковын ууган хүү Реубен,
44|11470983|11698715|дараа нь Симеон, Леви, Иуда, Иссахар, Зебулун билээ.
45|11737744|11898621|Рахелын хөвгүүд нь Иосеф, Бениамин хоёр билээ.
46|11945852|12169262|Рахелын шивэгчин Билхагийн хөвгүүд нь Дан, Нафтали хоёр билээ.
47|12209570|12637075|Леагийн шивэгчин Зилпагийн хөвгүүд нь Гад, Ашер хоёр билээ. Тэд бол Паддан-Арамд төрсөн Иаковын хөвгүүд болно.
48|12680690|12774535|Исаак өөд болов
49|12828160|13046367|Тэгээд Иаков Кириат-арбагийн Мамре уруу явж, эцэг Исаактаа очив.
50|13086013|13340426|Кириат-арба гэдэг нь Абрахам, Исаак хоёрын сууж байсан Хеброн билээ.
51|13391229|13536803|Тэгэхэд Исаак зуун наян настай байжээ.
52|13578345|13862173|Өндөр насыг насалж өтөлсөн Исаак амьсгал хураан нөгчөөд, өөрийнхөндөө нийлсэнд
53|13904421|14091317|хүү Есав Иаков хоёр нь түүнийг оршуулжээ.
