verse|start|end|sentence
2|256970|459786|Иаковыг аян замдаа явж байтал Бурханы тэнгэрэлч нар түүнтэй уулзав.
3|488187|857171|Иаков тэднийг хармагцаа —Энэ бол Бурханы хуаран байна гээд, тэр газрыг Маханаим гэж нэрлэв.
6|943166|1055533|Иаков Есавд бэлэг илгээв
7|1129665|1434220|Иаков, Сеирийн нутаг Едомын талд байгаа ах Есав уруугаа элч нарыг өмнөө илгээгээд, тэдэнд тушааж
8|1492079|1581161|—Миний эзэн Есавд ингэж хэл.
9|1610399|1729734|Таны зарц Иаков ингэж хэлүүллээ.
10|1770615|2138100|Би Лабантай хамт өнөөг хүртэл суулаа. Надад үхэр, илжиг, хонин сүрэг, эрэгтэй, эмэгтэй зарц нар байна.
11|2173027|2422368|Би таны тааллыг хайн эзэн тандаа энэ хэлийг хүргүүлж байна гэж хэл гэв.
12|2472246|2561328|Элч нар Иаковт буцаж ирээд
13|2613277|2938515|—Бид таны ах Есавд хүрч очлоо. Тэрээр тантай уулзахаар дөрвөн зуун хүнийг дагуулан ирж байна гэжээ.
15|2987245|3159015|Иаков ихэд айн, сэтгэлийн дарамтад оров.
16|3190723|3438477|Тэгээд хамт байсан хүмүүсээ болон хонь, үхэр, тэмээдээ хоёр отог болгон хуваалаа.
17|3473668|3794408|Тэгээд Иаков —Хэрэв Есав ирээд, нэг отгийг нь дайрвал үлдсэн отог нь зугтах болно гэжээ.
20|3894338|4431432|Иаков —Миний өвөг Абрахамын Бурхан, миний эцэг Исаакийн Бурхан, ЭЗЭН минь! Та надад “Чи төрсөн нутаг, төрөл төрөгсдөдөө буц. Би чамайг ерөөх болно” гэж хэлсэн.
21|4472225|4773119|Өчүүхэн зарц надад Таны үзүүлсэн хайр ерөөл, үнэн шударга бүхнийг би хүртэх зохисгүй.
22|4810957|5152335|Би энэ Иордан голыг ганцхан таягтайгаа гаталж очсон. Харин би одоо хоёр ч хэсэг отогтой болсон.
23|5191319|5382537|Миний ах Есавын гараас намайг авраач гэж гуйн залбирч байна.
24|5412613|5661822|Учир нь тэр хүрч ирээд, намайг болон эхнэр хүүхдүүдийг минь дайрна гэхээс би айж байна.
25|5689517|6132457|Та “Би чамд хайр ерөөлөө хүртээж, үр удмыг чинь далайн тоо томшгүй элс мэт олон болгож өгнө” гэж хэлсэн билээ гэв.
26|6170604|6468455|Иаков тэр шөнөдөө тэндээ хонож, эд хөрөнгөнөөсөө ах Есавдаа зориулан бэлэг сонгожээ.
27|6503427|7094190|Хоёр зуун эм ямаа, хорин ухна, хоёр зуун эм хонь, хорин хуц, гучин ботготой ингэ, дөчин үнээ, арван үхэр, хорин эр илжиг, арван эм илжиг бэлтгэв.
28|7165764|7360290|Тэдгээрийг хэсэг хэсгээр нь зарц нарынхаа гарт өгөөд, зарц нартаа
29|7417708|7640677|—Та нар надаас түрүүлэн гаталж, хэсэг бүрийн хооронд зай барьж яв хэмээжээ.
30|7668901|7762526|Тэрээр түрүүнд нь яваа зарцдаа захиж
31|7821708|8065978|—Миний ах Есав чамтай уулзаад -Чи хэний хүн бэ? Хаашаа явж байна вэ?
32|8092394|8360257|Чиний өмнө яваа эдгээр мал сүрэг хэнийх вэ? гэж асуувал, Энэ бол таны зарц Иаковынх.
33|8386541|8563734|Үүнийг өөрийн эзэн Есавдаа бэлэг болгон явуулсан юм.
34|8584858|8745074|Иаков өөрөө бас бидний ард ирж байгаа гэж хэл гэв.
35|8783441|9040500|Тэрээр бас хоёр дахь, гурав дахь хэсэг болон бусад хэсэг тус бүрийг тууж яваа хүмүүст тушаан
36|9089847|9232643|—Та нар ч бас Есавтай уулзахдаа энэ үгийг хэлээрэй.
37|9256193|9487497|Та нар бас “Таны зарц Иаков бидний ард ирж байгаа” гэж хэлээрэй гэв.
39|9591882|9984151|Би өөрийнхөө түрүүнд явуулж байгаа бэлгээрээ түүнийг тайтгаруулаад, дараа нь би өөрөө түүнтэй уулзвал ах минь намайг хүлээн авч магадгүй гэж боджээ.
40|10032794|10286457|Тэгээд Иаков бэлгээ өөрөөсөө түрүүлж явуулаад, өөрөө тэр шөнө отогтоо хонов.
42|10519790|10845424|Тэрээр шөнө босож, хоёр эхнэр, хоёр шивэгчин, арван нэгэн хүүхдээ дагуулан, Иаббок гармаар гол гарчээ.
43|10939357|11170530|Иаков тэднийг дагуулан гол гаргаад, дараа нь өөрт байсан болгоноо гаргажээ.
44|11212160|11460884|Иаков ганцаараа үлдсэн бөгөөд нэгэн хүн Иаковтай үүр цайтал барилдлаа.
45|11501544|11669962|Тэрээр Иаковыг дийлж чадахгүйгээ үзээд түнх уруу нь цохив.
46|11694173|11864752|Түүнтэй барилдаж байгаад Иаковын түнх ингэж мултарчээ.
47|11898003|12287097|Мөнөөх нь —Үүр цайж байгаа учир намайг явуул гэсэнд Иаков —Намайг ерөөхөөс тань нааш би таныг явуулахгүй гэжээ. Тэгээд тэр хүн
48|12314043|12502129|—Чиний нэр хэн бэ? гэж асуусанд тэрээр —Иаков гэв. Тэр хүн
49|12549933|13043809|—Үүнээс хойш чамайг Иаков гэхгүй харин Израиль гэж нэрлэх болно. Учир нь чи Бурхантай бас хүмүүстэй тэмцэлдэж илүүрхлээ гэв.
51|13139109|13275687|—Та нэрээ хэлээч гэж гуйсанд тэр хүн
52|13318817|13425627|—Чи яагаад миний нэрийг асуугаад байгаа юм бэ?
53|13467963|13608774|гэж хэлээд тэнд Иаковыг ерөөжээ.
54|13650758|13811193|Тэгээд Иаков тэр газрыг Пениел гэж нэрлээд
55|13854103|14084084|—Би Бурхантай нүүр нүүрээрээ уулзсан боловч амь голтойгоо үлдлээ гэв.
56|14142296|14291839|Иаковыг Пенуелээр өнгөрч байхад нар гарчээ.
57|14324606|14430931|Тэрээр түнхнээсээ болж доголж явав.
58|14471326|14848558|Тэр хүн Иаковын түнхнийх нь шөрмөсийг цохисноос болж израильчууд өнөөг хүртэл гуяны шөрмөс иддэггүй билээ.
