verse|start|end|sentence
1.1|402500|713934|Үүний дараа ЭЗЭНий үг Абрамд үзэгдлээр ирж Абрам аа, бүү ай!
1.2|731310|939815|Бамбай чинь Би тул шагнал чинь агуу их гэжээ.
2.1|963232|1219585|Абрам —Эзэн БУРХАН минь! Та надад юу хайрлахсан бол?
2.2|1255571|1575296|Би үр хүүхэдгүй бөгөөд миний голомт сахих хүү бол энэ Дамаскийн Елиезер юм гэв.
3.1|1597610|1799412|Абрам цааш нь —Та надад үр удам заяагаагүй.
3.2|1816611|2072567|Харагтун, гэрт минь өссөн хүү миний өв залгамжлагч болно гэж хэлжээ.
4|2108553|2582628|Харагтун, ЭЗЭНий үг түүнд ирж —Тэр хүн чиний өв залгамжлагч болохгүй, харин өөрийн чинь биеэс төрөх хүн л өв залгамжлагч болно
5.1|2631050|3024863|гээд түүнийг гадагш гаргаж —Чи тэнгэр өөд хар, оддыг тоолж чадваас тоол гэв.
5.2|3065302|3320906|Тэгээд тэрээр түүнд —Үр удам чинь ийм олон болно гэж айлдав.
6|3394332|3643189|Тэгээд Абрам, ЭЗЭНд итгэсэнд Эзэн үүгээр нь түүнийг зөвд тооцов.
7|3668458|4132699|Тэрээр Абрамд —Би бол чамд энэ газар нутгийг өгч өвлүүлэхээр чамайг Халдеин Ураас авчирсан ЭЗЭН байна гэхэд Абрам
8|4198143|4448367|БУРХАН Эзэн минь! Энэ газрыг өвлөн авахаа би хэрхэн мэдэх вэ? гэж хэлэв.
9|4470152|4941360|ЭЗЭН түүнд —Надад зориулж гунжин үнээ, хязаалан эм ямаа, хязаалан эр хонь, хүүрзгэнэ, өсвөр тагтаа зэргийг ав гэв.
10.1|4988724|5247106|Абрам тэр бүхнийг авч хоёр таллан хуваагаад, тал бүрийг өөд өөдөөс нь харуулан тавьжээ.
10.2|5273389|5369704|Харин шувуудыг хуваасангүй.
11|5406483|5590116|Махчин шувууд цогцсууд дээр бууж ирэхэд Абрам үргээж хөөв.
12|5651856|6066484|Нар шингэх үеэр Абрам гүн нойронд автсан бөгөөд харагтун, түнэр харанхуй хийгээд айдас хүйдэс түүнийг нөмрөв.
13|6095502|6659761|ЭЗЭН, Абрамд —Чиний үр удам хүний нутагт ирмэл хүн болж тэнд боолчлогдох бөгөөд дөрвөн зуун жил дарлагдана гэдгийг мэдтүгэй.
14.1|6683840|6857241|Мөн тэднийг боолчлох үндэстнийг Би Өөрөө шүүнэ.
14.2|6887185|7031039|Түүний дараа тэд их эд юмтай гарч ирнэ.
15|7059351|7381369|Чиний хувьд, чи урт наслаад, эцэг өвгөд уруугаа амар тайвнаар очиж, тавигдах болно.
16.1|7414665|7614526|Харин тэд дөрөв дэх үедээ нутагтаа эргэж ирнэ.
16.2|7633401|7920933|Учир нь аморичуудын хилэнц арай дүүрээгүйгээс тэр болой гэжээ.
17|7987833|8426539|Нар шингэж харанхуй болох үед, харагтун, утаат зуух ба галт бамбар нөгөө хуваагдсан махнуудын дундуур гарчээ.
18|8484178|9025991|Тэр өдөр ЭЗЭН, Абрамтай гэрээ байгуулж —Египет мөрнөөс их мөрөн Евфрат хүртэлх энэ газрыг Би үр удамд чинь өгсөн билээ.
19-21|9072075|9552456|Тэнд кен, кениз, кадмон, хит, периз, рефаим, амори, канаан, гиргаш болон иебусчууд байдаг юм гэв.
