verse|start|end|sentence
1.1|346537|523775|Абрамын эхнэр Сараи түүнд нэг ч хүүхэд төрүүлээгүй байв.
1.2|564524|739380|Тэрээр Хагар нэртэй нэгэн египет зарц бүсгүйтэй байв.
2.1|1150392|1475321|Би түүгээр дамжуулан хүүхэдтэй болж магад гэж гуйсанд Абрам, Сараиг сонсон дагажээ.
2.2|997894|1132135|Тийм учраас та миний зарц бүсгүй дээр орно уу?
3|1530358|2035611|Ийнхүү Абрамыг Канаанд арван жил суусны дараа Абрамын эхнэр Сараи египет зарц Хагараа авчирч, нөхөр Абрамдаа татвар эм болгон өгчээ.
4.1|2080638|2230137|Тэгээд Абрам, Хагар дээр орсонд тэр жирэмслэв.
4.2|2328303|2555947|Хагар жирэмсэн болсноо мэдээд эзэгтэйгээ дорд үзэх болов.
5.1|2597181|2834615|Сараи, Абрамд —Миний хийсэн алдаа тан дээр буух болтугай!
5.2|2864074|2971149|Би зарц бүсгүйгээ таны өвөрт хийсэн.
5.3|2990685|3324081|Одоо тэрээр жирэмсэн болсноо мэдээд намайг дорд үзэж байна, Та бид хоёрын хоорондохыг ЭЗЭН шүүг гэв.
6.1-2|3353496|3687333|Абрам Сараид —Харагтун, зарц бүсгүй чинь чиний л гарт. Дураараа л бол гэв.
6.3|3729228|3962693|Тэгээд Сараи Хагартай ширүүн харьцсанд Хагар түүнээс оргон зугтаажээ.
7|4016231|4319065|ЭЗЭНий тэнгэрэлч цөлийн нэгэн булгийн дэргэдээс, Шур хүрэх зам дахь булгийн дэргэдээс Хагарыг олж
8|4361622|4851044|Сараигийн зарц бүсгүй Хагар аа! Чи хаанаас ирээд, хаашаа явж байна вэ? гэсэнд тэрээр —Би эзэгтэй Сараигаасаа оргон зугтаж явна гэжээ.
9|4887823|5224086|ЭЗЭНий тэнгэрэлч түүнд —Чи эзэгтэйдээ буцаж очоод, гар дор нь орж захирагд гэв.
10|5245165|5599112|ЭЗЭНий тэнгэрэлч түүнд —Би үр удмыг чинь ихэд олшруулж, тоолж баршгүй болгоно гэв.
11.1|5641801|5865917|ЭЗЭНий тэнгэрэлч түүнд —Харагтун, чи жирэмсэн байна.
11.2|5890525|5970478|Чи хүү төрүүлэх болно.
11.3|5995703|6093605|Түүнийг Ишмаел гэж дуудна.
11.4|6111113|6312429|Учир нь ЭЗЭН чиний зовлон зүдүүрийг сонссон билээ.
12.1|6364335|6570547|Тэрээр хүмүүсийн дунд зэрлэг илжиг мэт байх болно.
12.2|6602387|7090706|Түүний гар хүн бүхний эсрэг Хүн бүхний гар түүний эсрэг байх бөгөөд Хамаг ах дүүсийнхээ эсрэг талд тэр амьдрах болно гэв.
13|7143097|7655142|Хагар “Түүнийг харсны дараа би энд амьд үлдлээ гэж үү?” гээд өөртэй нь ярьсан ЭЗЭНийг “Та бол хардаг Бурхан” гэж нэрлэжээ.
14|7685174|8041767|Тиймээс тэр булгийг Беер-лахаи-рои гэж нэрлэсэн бөгөөд тэр нь Кадеш, Беред хоёрын хооронд байжээ.
15|8119427|8482811|Тэгээд Хагар, Абрамд хүү төрүүлсэн ба Хагарын төрүүлсэн тэр хүүд Ишмаел гэдэг нэрийг Абрам өгөв.
16|8522633|8795700|Хагар, Ишмаелыг Абрамд төрүүлж өгөхөд Абрам наян зургаан настай байжээ.
