verse|start|end|sentence
1|352535|875473|Тэгээд ЭЗЭН, Абрамд айлдахдаа: —Чи эх нутгаасаа, төрлүүдээсээ мөн эцгийнхээ гэрээс гарч чамд Миний харуулах нутаг уруу явагтун.
2.1|909209|1249176|Чамаас Би агуу үндэстнийг гаргаж, чамайг бас Би ерөөн, чиний алдрыг Би агуу болгоно.
2.2|1275680|1375699|Чи тэгээд ерөөл болтугай!
3.1|1400263|1637300|Чамайг ерөөгчдийг Би ерөөж, чамайг хараагчийг Би хараана.
3.2|1693969|1893477|Газар дэлхийн бүх овог чамаар ерөөгдөх болно гэв.
4.1|1932903|2092059|Тэгээд Абрам, ЭЗЭНий хэлсэн ёсоор гарч явжээ.
4.2|2110581|2163854|Лот хамт явав.
4.3|2208748|2402215|Абрам Харанаас хөдөлсөн тэр үед далан таван настай байлаа.
5.1|2449755|2931238|Абрам эхнэр Сараи, дүүгийнхээ хүү Лот болон Харанд байхдаа цуглуулсан бүх эд юмс, олж авсан хүмүүсээ аваад тэд Канаан нутгийг зорин хөдөлжээ.
5.2|3001093|3102655|Тэгээд тэд Канаан нутагт орж ирэв.
6.1|3132070|3338590|Абрам тэр нутгийг туулан, Шехемд байгаа Морегийн царс модонд хүрэв.
6.2|3381058|3520282|Тэр үед канаанчууд тэр газар нутагт байжээ.
7.1|3619992|3964325|ЭЗЭН, Абрамд үзэгдэн —Би чиний үр удамд энэ нутгийг өгөх болно гэж айлдав.
7.2|3986463|4226323|Тэгээд Абрам өөрт нь үзэгдсэн ЭЗЭНд зориулан тэнд тахилын ширээ босгожээ.
8.1|4316728|4505785|Тэндээсээ Бетелийн зүүн талын уул уруу хөдөлж, майхнаа босгожээ.
8.2|4540668|4704102|Бетел баруунтаад нь, Аи зүүнтээд нь байв.
8.3|4760595|4963940|Тэрээр тэнд ЭЗЭНд зориулан тахилын ширээг босгож, ЭЗЭНий нэрийг дуудав.
9|4991502|5182543|Тэгээд Абрам цааш хөдөлж улмаар Негев тийш оджээ.
10.1|5405425|5508927|Тэр газарт нь ган гачиг болов.
10.2|5543017|5688944|Абрам Египетэд цагаачлахаар уруудан явлаа.
10.3|5712846|5855598|Учир нь тэр нутаг нь маш их ган гачигтай байв.
11|5900976|6335273|Тэрээр Египетэд ойртож ирэх үедээ эхнэр Сараидаа —Үзэгдэх төрх чинь үзэсгэлэнтэй эмэгтэй гэдгийг би сайн мэдэж байна.
12|6374390|6636168|Чамайг харсан египетчүүд “Эхнэр нь юм байна” гэж хэлээд намайг алж, чамайг амьд үлдээнэ.
13.1|6683619|6787651|Чи өөрийгөө миний дүү охин гэж хэлээч.
13.2|6803086|7013355|Тэгвэл чи надад өлзий болж чиний ачаар би амь мэнд үлдэнэ гэв.
14|7076374|7353895|Абрамыг Египетэд хүрч ирэхэд египетчүүд эмэгтэйг нь маш үзэсгэлэнтэй болохыг харжээ.
15|7387014|7632828|Фараоны түшмэд ч түүнийг хараад Фараонд магтсанд тэр бүсгүйг Фараоны ордонд хүргэжээ.
16|7666608|8082207|Фараон тэр бүсгүйн төлөө Абрамд бог мал, үхэр, эр эм илжиг, боол, шивэгчин, тэмээ өгч, түүнийг сайхан байлгав.
17|8121808|8407620|Абрамын эхнэр Сараигаас болж Фараон хийгээд түүний гэр бүлийнхнийг ЭЗЭН хүндээр цохив.
18|8454719|8789703|Тэгэхэд Абрамыг Фараон дуудаж —Чи яаж байгаа юм бэ? Чи юунд түүнийг эхнэрээ гэж надад хэлсэнгүй вэ?
19.1|8834553|8965353|Чи түүнийг миний дүү охин гэж юунд хэлсэн юм бэ?
19.2|8978319|9093684|Тиймээс түүнийг би эхнэрээ болгож авсан юм.
19.3|9115558|9292531|Эхнэр чинь энэ байна, одоо түүнийгээ аваад яв гэв.
20|9342585|9670733|Фараон энэ тухай хүмүүстээ тушаасанд тэд Абрамыг эхнэртэй нь, хамаг эд юмстай нь явуулав.
