verse|start|end|sentence
2|186013|328545|Иосеф өөрийгөө ах нартаа таниулав
3|396194|649989|Иосеф хажуудаа зогсож байсан бүгдийн өмнө сэтгэлээ барьж чадахгүйд хүрээд
4|685137|815938|—Бүгдээрээ надаас зайлцгаа! хэмээн хашхирчээ.
5|854084|1112731|Иосефыг ах дүү нартаа өөрийгөө таниулахад түүний хамт хэн ч байсангүй.
6|1156522|1435807|Иосефын енгэнэн уйлсан нь египетчүүдэд сонсогдсон ба Фараоны ордонд ч сонсогджээ.
7|1475850|1662746|Иосеф ах дүү нартаа — Би Иосеф байна.
9|1696438|1794296|Эцэг минь одоо хүртэл амьд сэрүүн байна уу?
10|1836147|2066481|гэсэнд ах дүү нар нь түүнээс айн сандарснаасаа болоод хариулж чадсангүй.
11|2094000|2303078|Иосеф ах нартаа — Надад ойрт гэсэнд тэд ойртон очжээ.
12|2323717|2598063|Тэгээд Иосеф — Би та нарын Египет уруу худалдсан тэр дүү Иосеф чинь байна.
14|2635636|2828485|Та нар намайг энэ газар худалдсандаа бүү санаа зов, бүү харамс.
15|2875364|3016572|Бурхан амийг аврахаар та нараас өмнө намайг илгээжээ.
16|3049647|3425688|Энэ нутагт хоёр жилийн турш өлсгөлөн болсон бөгөөд бас дахин таван жил газар хагалж ч чадахгүй, ургац хурааж ч чадахгүй.
17|3468994|3836038|Бурхан их авралаараа та нарыг амь хэлтрүүлж, үр удмыг чинь газар дэлхий дээр үлдээхээр та нараас өмнө намайг илгээжээ.
18|3898263|4106283|Тийм учраас намайг нааш нь та нар явуулаагүй, харин Бурхан явуулсан.
19|4165685|4507725|Бурхан намайг Фараоны эцэг, түүний бүх гэрийн эзэн, Египетийн бүх нутгийн захирагч болгосон билээ.
20|4550238|4789745|Та нар эцэг дээр минь түргэн очиж, түүнд “Таны хүү Иосеф ингэж хэлэв.
21|4811310|5481806|«Бурхан таны хүү Иосефыг бүх Египетийн эзэн болгожээ. Над дээр бушуухан ирээч. Та үр хүүхэд, ач зээ нар, мал сүрэг, бүх эд хөрөнгийнхөө хамт Гошен нутагт амьдран сууж, надад ойрхон бай.
22|5521408|5705613|Өлсгөлөн дахин таван жил үргэлжлэх учир би тэнд таныг хангана.
23|5742084|5931802|Тэгвэл та болон танайхан, таны бүх харьяат ядарч дордохгүй» гээрэй.
24|5956057|6246985|Харагтун, та нарын нүдэн дээр бас миний дүү Бениамины нүдэн дээр та нарт би амаараа хэллээ шүү.
25|6284514|6684060|Та нар Египет дэх миний алдар хүндийн тухай болон энд үзэж харсан бүхнээ эцэгт минь цөмийг нь хэлээрэй. Тэгээд эцгийг минь энд яаран авчир!”
26|6721104|7031877|гээд, дүү Бениаминыхаа хүзүүгээр тэврэн уйлахад Бениамин ч бас түүний хүзүүгээр тэврэн уйлав.
27|7089692|7232135|Иосеф бас ах нараа үнсээд тэвэрч уйлав.
28|7259962|7362318|Тэгээд ах нар нь түүнтэй ярилцацгаав.
29|7426395|7597724|Иосефын ах нарын ирсэн тухай сураг Фараоны ордонд сонсогдов.
30|7633798|7894605|Энэ нь Фараон болон түүний зарц нарын нүдэнд аятай байлаа. Фараон, Иосефт
31|7937426|8048161|Ах дүү нартаа “Үүнийг үйлдэцгээ,
32|8074577|8582301|та нар мал хөсгөө ачаалан хөдөлж, Канаан нутагтаа очоод, эцгээ болон гэр орныхноо дагуулан над дээр хүрч ир! Би та нарт Египетийн хамгийн сайн газрыг өгнө.
33|8606467|8791687|Та нар тэр газрын өег нүнжгийг хүртэх болно” гэж хэл.
34|8832436|8961428|Бас чи тушаал авсан тул “Үүнийг үйлдэцгээ,
35|9004867|9272245|Египет нутгаас хөсөг тэрэг авч, эхнэр хүүхдүүдээ суулган, эцгээ аваад ирцгээ.
36|9315595|9690534|Та нар эд хөрөнгөндөө харамсах хэрэггүй. Учир нь Египет нутгийн хамаг сайн сайхан юм та нарынх” гэж хэл гэжээ.
37|9755846|9866757|Израилийн хөвгүүд ёсчлон хийжээ.
38|9924881|10548896|Иосеф, Фараоны айлдсан ёсоор тэдэнд хөсөг тэрэг болон замын хүнс өгөв. Бас тэрээр хүн бүрд нижгээд хувцас өгч, Бениаминд гурван зуун шекел мөнгө болон таван ээлжийн хувцас өгчээ.
39|10588851|11165943|Мөн тэрээр эцэгтээ арван эр илжгэнд Египетийн сайн эд бараа ачуулж арван эм илжгэнд эцгийнхээ замд хэрэглэх үр тариа, талх, замын хүнсийг ачуулж явуулав.
40|11209867|11445008|Тэрээр ах нараа үдэж гаргахдаа —Замдаа битгий хэрэлдээрэй! гэж тэдэнд хэлэв.
42|11487300|11689983|Тэд Египетээс гарч, Канаан нутагт эцэг Иаковынд хүрч ирэв.
43|11721427|12256360|Тэгээд эцэгтээ —Иосеф одоо ч амьд байна. Тэрээр Египетийн бүх нутгийн захирагч болжээ гэсэнд Иаков тэдэнд итгээгүй тул түүний зүрх шимширлээ.
45|12301165|12540584|Тэгтэл тэд Иосефын өөрсдөд нь захиж хэлсэн бүх үгийг эцэгтээ хэлэв.
46|12595621|12946701|Эцэг Иаков нь өөрийг нь суулгаж аваачихаар Иосефын илгээсэн хөсөг тэрэгнүүдийг хараад, сэтгэл нь сэргэв. Израиль
47|12984010|13393081|—Одоо боллоо! Миний хүү Иосеф одоо хүртэл амьд байгаа юм байна! Би үхэхээсээ өмнө очиж, түүнийг харъя гэж хэлэв.
