verse|start|end|sentence
1.1|354563|490568|Адамын уг угсаа ийм билээ.
1.2-2.1|539607|811087|Бурхан, хүнийг бүтээхдээ Бурханы дүр төрхөөр, эр эмээр нь тэднийг бүтээжээ.
2.2|859112|1131870|Тэдний бүтээгдсэн өдөр Бурхан тэднийг ерөөж, тэднийгээ хүн гэж нэрлэсэн юм.
3|1205164|1636418|Адам зуун гучин жил амьдраад өөрийнхөө төрхтэй, өөрийнхөө дүртэй адилхан хүү төрүүлж, түүнийг Сет гэж нэрлэв.
4|1707375|1992305|Сетийг төрснөөс хойш Адам найман зуун жил амьдарч бас үр хүүхдүүдтэй болжээ.
5|2028820|2239442|Адам есөн зуун гучин нас наслаад үхэв.
6|2315029|2460824|Сет зуун таван настайдаа Еношийг төрүүлжээ.
7|2492355|2800658|Еношийг төрүүлснээс хойш Сет найман зуун долоон жил амьдарч, үр хүүхдүүдтэй болжээ.
8|2830293|3045325|Сет есөн зуун арван хоёр нас наслаад үхэв.
9|3109535|3253786|Енош ерэн настайдаа Кенаныг төрүүлжээ.
10|3291535|3614524|Кенаныг төрүүлснээс хойш Енош найман зуун арван таван жил амьдарч, үр хүүхдүүдтэй болжээ.
11|3648789|3846137|Енош есөн зуун таван нас наслаад үхэв.
12|3921989|4076515|Кенан далан настайдаа Махалалелыг төрүүлжээ.
13|4103681|4418114|Кенан Махалалелыг төрүүлснээс хойш найман зуун дөчин жил амьдарч, үр хүүхдүүдтэй болов.
14|4453394|4690211|Кенан есөн зуун арван нас наслаад үхжээ.
15|4728975|4904802|Махалалел жаран таван настайдаа Иаредыг төрүүлжээ.
16|4922045|5242519|Махалалел Иаредыг төрүүлснээс хойш найман зуун гучин жил амьдарч, үр хүүхдүүдтэй болов.
17|5276697|5487451|Махалалел найман зуун ерэн таван нас наслаад үхжээ.
18|5531551|5712493|Иаред зуун жаран хоёр настайдаа Енохыг төрүүлжээ.
19|5746230|6019473|Иаред Енохыг төрүүлснээс хойш найман зуун жил амьдарч, үр хүүхдүүдтэй болов. 
20|6045536|6270270|Иаред есөн зуун жаран хоёр нас наслаад үхжээ.
21|6330466|6500913|Енох жаран таван настайдаа Метуселаг төрүүлжээ.
22|6519126|6829678|Метуселаг төрүүлснээс хойш Енох гурван зуун жил Бурхантай хамт явж, үр хүүхдүүдтэй болжээ.
23|6858784|7013443|Енох гурван зуун жаран тав наслав.
24|7042725|7385868|Енох Бурхантай хамт явж байсан ба түүнийг Бурхан авч явсан учир тэрээр дэлхийд байсангүй.
25|7460705|7659684|Метусела зуун наян долоон настайдаа Ламехыг төрүүлжээ.
26|7698228|8048294|Ламехыг төрүүлснээс хойш Метусела долоон зуун наян хоёр жил амьдарч, үр хүүхдүүдтэй болжээ.
27|8060068|8293578|Метусела есөн зуун жаран есөн нас наслаад үхэв.
28|8352451|8522898|Ламех зуун наян хоёр настайдаа хүү төрүүлжээ.
29|8547550|9114455|Ламех түүнийг Ноах гэж нэрлээд “ЭЗЭНий хараасан газар шороог хагалах хүнд хүчир ажил болон гарын маань бэрхшээл зүдүүрээс энэ хүү биднийг амарлиулна” гэж хэлжээ.
30|9188720|9491202|Ноаг төрүүлснээс хойш Ламех таван зуун ерэн таван жил амьдарч, үр хүүхдүүдтэй болжээ.
31|9525203|9739396|Ламех долоон зуун далан долоон нас наслаад үхэв.
32|9792360|10071866|Ноа таван зуу насалсныхаа дараа Шем, Хам, Иафетыг төрүүлжээ.
