verse|start|end|sentence
2|194436|476015|Иосеф эцгийнхээ толгой дээр унан түүний дээр уйлж, эцгийгээ үнсэв.
3|511780|938359|Тэгээд Иосеф үйлчлэгч, эмч нартаа эцгийнхээ биед гүгэл хийхийг тушаасанд эмч нар нь Израильд тэр ёсоор үйлдэв.
4|971919|1085036|Түүнийг бүтэн дөч хоногийн турш хийв.
5|1117714|1274313|Энэ нь гүглийг хийж дуусахад шаардагдах хугацаа юм.
6|1310872|1522684|Египетчүүд түүний хойноос далан хоног гашууджээ.
7|1560875|1753768|Гашуудлын хугацаа өнгөрмөгц Фараоны ордныхонд хандаж, Иосеф хэлсэн нь
8|1790415|2201251|— Хэрэв би одоо та нарын нүдэнд тааллыг олсон бол та нар Фараонд сонордуулж өгнө үү? Эцэг минь надаар тангараглуулж хэлэхдээ
9|2236928|2631888|“Харагтун, үхэх цаг минь боллоо. Канаан нутагт өөртөө ухаж бэлтгэсэн оршуулгын газарт минь намайг оршуулаарай!” гэсэн билээ.
10|2661567|2978205|Тиймээс намайг явуулж, эцгээ нутаглуулаад эргэж ирэхийг минь болгооно уу? гэв. Фараон
11|3003165|3202233|— Эцэгтээ тангарагласан ёсоор, чи яваад эцгээ нутаглуул гэв.
12|3237028|3908097|Иосефыг эцгээ оршуулахаар явахад Фараоны бүх түшмэл, түүний ордны ахмадууд, Египетийн ахмадууд мөн Иосефын бүх гэрийнхэн, түүний ах дүү нар, түүний эцгийн гэр бүлийнхэн түүнтэй хамт явжээ.
13|3936101|4107121|Зөвхөн тэдний хүүхэд багачууд болон мал сүрэг нь Гошенд үлджээ.
14|4139931|4400077|Тэгээд тэрэгт цэрэг, морьтон бас Иосефыг дагалдсан ба асар том хуаран болов.
15|4448499|4628162|Тэд Иордан голын нөгөө эрэг дээр, Атадын үтрэм дээр хүрч ирэв.
16|4663751|4846413|Тэд тэнд чангаар уйлалдан гүнээ эмгэнэцгээв.
17|4880679|5096901|Иосеф тэнд эцгийнхээ хойноос долоо хоногийн турш гашууджээ.
18|5129094|5324986|Тэнд оршин суугч канаанчууд Атадын үтрэм дээр болсон гашуудлыг хараад
19|5345316|5533227|—Египетчүүдийн маш том гашуудал болж байна хэмээн ярилцацгаав.
20|5567580|5855950|Тийм учраас Иордан голын нөгөө эргийн тэр газрыг Абел-мицраим гэж нэрлэх болжээ.
21|5888628|6099426|Иаковын хөвгүүд эцгийнхээ тушаасан ёсоор бүгдийг гүйцэлдүүлэв.
22|6133648|6475511|Иаковын хөвгүүд эцгээ Канаан нутагт авчраад, Мамрегийн өмнө орших Махпелагийн талбай дахь агуйд оршуулав.
23|6502633|6848377|Тэр газрыг Абрахам хитчүүдийн Ефроноос талбайтай нь хамт арилжиж аваад оршуулгын газар болгосон байв.
24|6883480|7360422|Иосеф эцгээ оршуулаад, хамт явсан ах дүү нар болон эцгийг нь оршуулахад явсан бусад бүх хүний хамт Египетдээ буцаж иржээ.
25|7396672|7500395|Иосеф ах нараа уучлав
26|7538013|7687776|Иосефын ах дүү нар эцгийнхээ нас барсныг хараад
27|7726055|8136009|— Хэрэв Иосеф бидний эсрэг өс санаж, өөрт нь бидний хийсэн бүх гэм хорыг бидэнд эргүүлж хийх гэвэл яах вэ? хэмээн ярилцацгаав.
28|8170715|8267647|Тэгээд тэд Иосефт хэл дамжуулж
29|8300810|8395052|—Эцэг чинь нас барахынхаа өмнө
30|8427421|9048393|“Ах нар чинь чамд гэм хор хийсэн боловч тэдний гэмт үйлдэл болон нүглийг нь чи одоо уучлаарай гэж та нар Иосефт хэл” гэсэн учир та эцгийнхээ Бурханы зарц бидний гэмт үйлдлийг одоо уучилна уу?
31|9075118|9278199|гэж хэлсэнд тэдний үгийг сонсоод Иосеф уйлав. 
32|9311891|9446308|Тэгээд ах нар нь явж түүний өмнө очиж сөгдөн
33|9479162|9714348|— Харагтун, бид бол таны зарц нар гэсэнд Иосеф тэдэнд
34|9749054|9935068|— Битгий айцгаа. Би Бурханыг орлож яахан болох билээ?
36|9967790|10797973|Та нар намайг хорлох гэсэн боловч Бурхан өнөөдрийнх шиг үй олон хүний амийг аврахын төлөө түүнийг сайнаар эргүүлсэн юм. Та нар одоо битгий ай. Би та нарыг болон хүүхдүүдийг чинь тэтгэнэ гэж хэлээд, тэднийг тайвшруулж, сэтгэл зүрхэнд нь өгүүлэв.
37|10854641|10966788|Иосефын сүүлчийн өдрүүд
38|11020634|11328143|Иосеф эцгийнхээ гэр бүлийнхэнтэй хамт Египетэд суугаад зуун арван жил амьдрав.
39|11363202|11722353|Ефраимын хөвгүүдийн гурван үеийг үзэж бас Манассегийн хүү Махирын хөвгүүд ч Иосефын өвөр дээр төржээ.
40|11755781|11825988|Иосеф ах дүү нартаа
41|11860871|12375430|— Би үхэвч Бурхан та нарт туслахаар хүрч ирж, та нарыг энэ газраас дагуулан гаргаад, Абрахам, Исаак, Иаковт тангарагласан тэр газарт аваачна
42|12411283|12570660|гээд, Иосеф бас Израилийн хөвгүүдээр тангараглуулан
43|12604750|12913450|— Бурхан та нарт туслахаар заавал ирэх бөгөөд та нар ясыг минь эндээс авч яваарай гэж хэлэв.
45|12947715|13357493|Тэгээд Иосефыг зуун арван насандаа үхсэнд тэд түүний биед гүгэл хийгээд, түүнийг Египетэд авсанд хийжээ.
