verse|start|end|sentence
2|205461|285106|Динаг хүчирхийлсэн нь
3|364927|645359|Иаковт Леагийн төрүүлж өгсөн Дина охин тэр нутгийн бүсгүйчүүдийг харахаар гадагш гарчээ.
4|670452|1010772|Хивичүүдийн Хаморын хүү буюу тэр нутгийн жонон Шехем түүнийг хараад, авчирч хүчирхийлэн бузарлав.
5|1049227|1350694|Иаковын охин Динад тэр үнэн голоосоо татагдаж, тэр охиныг хайрлан, энхрий үгээр түүнтэй ярив.
6|1383990|1596375|Энэ охиныг надад эхнэр болгон авч өгөөч гэж тэр эцэг Хамораасаа гуйлаа.
7|1630553|2018104|Охин Динаг нь тэрээр бузарласныг Иаков сонссон боловч хүүхдүүд нь хээр мал хариулж байгаа тул тэднийг харьж иртэл нь дуугүй байлаа.
8|2052105|2200325|Шехемийн эцэг Хамор Иаковтай ярилцахаар гарчээ.
9|2228505|2384090|Иаковын хүүхдүүд энэ тухай сонсоод, бэлчээрээсээ буцаж ирэв.
10|2433305|2876731|Иаковын охиныг Шехем хүчирхийлэн, Израильд ичгүүрт хэрэг үйлдсэн ба тэр нь байж болшгүй хэрэг учир хүмүүс ихэд гашуудан харамсаж, машид уурлажээ.
11|2917611|3330343|Хамор тэдэнтэй ярилцан —Миний хүү Шехем танай охинд үнэн голоосоо татагдсан учир түүнийг Шехемд эхнэр болгон өгөөч.
13|3356230|4098389|Та нар бидэнтэй охидоо солилцон гэрлүүлээч. Та нар охидоо бидэнд өгч, манай охидыг та нар авцгаа. Тэгээд та нар бидэнтэй хамт амьдран сууцгаа. Та нарын өмнө газар нутаг байна. Эндээ суугаад, худалдаа наймаа хийж, өмчөө эзэмшицгээ гэв.
14|4150912|4314214|Шехем, Динагийн эцэг болон ах нарт нь хандаж
15|4340498|4600688|—Та нарын нүдэнд би таалал олох болтугай. Та нарын юу хүссэнийг чинь би биелүүлж өгье.
16|4623135|5053022|Охиныхоо инж болон бэлгийг хичнээн их хэлсэн ч та нарын хэлснээр би өгнө. Харин та нар охиноо л надад эхнэр болгон өг гэв.
17|5095710|5504517|Дүү Динаг нь бузарласан учир, Иаковын хөвгүүд Шехемд болон эцэг Хаморт нь хуурамч хариу өгчээ. Иаковын хөвгүүд тэдэнд
18|5560569|5617458|—Бид ингэж болохгүй.
19|5641801|5905122|Тээрхийн арьстайгаа байгаа хүнд охин дүүгээ өгч чадахгүй. Энэ нь бидэнд ичгүүр болно.
20|5939917|6103131|Харин ийм нэг болзлыг хангавал бид та нарт зөвшөөрнө.
21|6135500|6700774|Хэрэв танай эрчүүд бүгд хозлуулж, бидэнтэй адил болбол бид охидоо та нарт өгч, танай охидыг бид авна. Тэгээд бид та нартай хамт аж төрж, нэг үндэстэн болцгооно.
22|6736098|7041667|Хэрэв та нар бидний үгийг сонсохгүй, хозлуулахгүй бол бид даруй охиноо аваад явна гэв.
23|7077256|7261726|Тэдний үг Хамор болон түүний хүү Шехемд таалагджээ.
24|7332330|7693244|Тэр залуу Иаковын охинд дурласан бас эцгийнхээ гэрт хамгийн хүндтэй нь учир үүнийг биелүүлэхийг хойшлуулсангүй.
25|7753706|7973324|Хамор болон түүний хүү Шехем хотынхоо хаалган дээр ирж, хотынхонтойгоо ярилцан
26|7998990|8361624|Эдгээр хүмүүс бидэнтэй найрсаг байна. Тэднийг энд суулгаж, худалдаа хийлгэе. Энэ газар өргөн уудам учир тэдэнд хүрэлцээтэй.
27|8407312|8609687|Тэдний охидыг бид эхнэр болгон авч бас тэдэнд охидоо өгцгөөе.
28|8646334|9027975|Манайхны бүх эрчүүд тэдний хозлуулдаг шиг хозлуулсан нөхцөлд л тэр хүмүүс бидэнтэй хамт аж төрж, нэг үндэстэн болохыг зөвшөөрнө.
29|9063432|9320799|Тэдний мал сүрэг, эд хөрөнгө, хамаг ан амьтан биднийх болохгүй гэж үү?
30|9378217|9588177|Зөвхөн тэдэнтэй зохицоцгооё. Тэгвэл тэд бидэнтэй амьдарна гэв.
31|9647095|10086111|Хотын хаалганд гарч ирсэн бүх хүн Хамор болон түүний хүү Шехемийн үгийг сонсоод тэр хотын хаалгаар гарч ирсэн бүх эрс хозлуулжээ.
32|10158567|10261496|Динагийн ах нар өшөө авав
33|10319796|10865490|Гурван өдрийн дараа тэднийг хөндүүрлэн байхад нь Иаковын хоёр хүү, Динагийн ах Симеон Леви хоёр сэлмээ авцгааж, ажиг сэжиггүй байгаа хотыг довтлон хамаг эрчүүдийг нь алжээ.
34|10902402|11181555|Тэд Хамор болон түүний хүү Шехемийг сэлэмдэн алаад, Шехемийн гэрээс Динагаа авч одов.
35|11229403|11496781|Охин дүүг нь бузарласан учир Иаковын хөвгүүд алагдсан хүмүүсийн хүүрэн дээр ирж, хотыг түйвээжээ.
36|11529151|11840982|Тэдний хонь, үхэр, илжиг бас хотын дотор болон талбайд байсан хамаг юмыг нь тэд булаан авав.
37|11875777|12228930|Тэд бас тэдний бүх эд хөрөнгө, үр хүүхэд, эхнэрүүдийг булаан авч, гэр оронд нь байсан бүхнийг түйвээжээ.
38|12275896|12760070|Иаков, Симеон Леви хоёрт —Энэ нутгийнханд, канаанчуудад болон перизчүүдийн дунд та нар намайг жигшүүр болгосноороо надад лай тарилаа.
40|12785736|13184136|Бид цөөхүүлээ, тэд миний эсрэг нийлж, намайг довтлон, намайг алж, би гэр оронтойгоо устгагдах болно гэв.
42|13218048|13476254|Харин тэд —Тэрээр охин дүүд минь янхан мэт хандах ёстой байсан гэж үү? хэмээжээ.
