verse|start|end|sentence
2|204800|286473|Иосефын зүүд
3|347860|541283|Эцгийнхээ цагаачилж явсан Канаан нутагт Иаков амьдран суужээ.
4|575681|714155|Иаковын уг угсаа ийм билээ.
5|772279|1213411|Арван долоон настай залуу хүү Иосеф ах нартайгаа хонь хариулж байхад эцгийнх нь татвар эхнэр Билха, Зилпа хоёрын хөвгүүд хамт байлаа.
6|1270962|1459092|Иосеф эцэгтээ тэдний талаар базаахгүй мэдээ авчирчээ.
7|1488110|1921392|Израилийг өндөр настай болсон хойно Иосеф төрсөн тул тэрээр түүнийг бусад хөвгүүдээсээ илүү хайрлаж түүнд ханцуйтай урт дээл хийж өгчээ.
8|1961567|2382458|Эцэг нь түүнийг бусад хөвгүүдээсээ илүү хайрладгийг ах нар нь хараад Иосефыг үзэн ядаж, түүнтэй эв найртай ярилцаж чаддаггүй байжээ.
9|2454385|2743108|Иосеф нэгэн зүүд зүүдлээд, түүнийгээ ах нартаа ярьсанд тэд түүнийг улам үзэн ядах болжээ.
10|2775257|2844846|Иосеф тэдэнд ярихдаа
11|2887976|3570512|—Миний зүүдэлсэн зүүдийг сонсоцгооно уу гээд тэдэнд —Биднийг тариалангийн талбайд сүрэл боож байтал миний боосон сүрэл босоод зогсчихов. Гэтэл үзэгтүн, та нарын боосон сүрэл миний сүрлийг тойрон зогсоод, түүнд мөргөцгөөв
12|3598163|3638250|гэж ярьжээ.
13|3664621|4003794|Ах нар нь түүнд —Чи үнэхээр бидний хаан болно гэж үү? Чи үнэхээр биднийг захирах болно гэж үү? гэцгээжээ.
15|4038854|4293223|Ах нар нь түүний зүүд, түүний ярианаас болоод улам илүү үзэн ядах болжээ.
16|4338072|4526820|Иосеф бас өөр нэгэн зүүд зүүдлээд, түүнийгээ ах нартаа
17|4569509|4990356|—Харагтун, би бас өөр нэгэн зүүд зүүдэллээ. Үзэгтүн, нар, сар бас арван нэгэн од надад мөргөцгөөж байлаа гэж ярив.
18|5019991|5281724|Тэрээр энэ зүүдээ эцэгтээ бас ах нартаа ярьсанд эцэг нь түүнийг зэмлэж
19|5324634|5877339|—Чи хаашаа янзын зүүд зүүдлээд байна вэ? Би бас ээж чинь, ах нар чинь үнэхээр чам дээр очиж, чиний өмнө газарт сөгдөн мөргөх гэж үү? гэв.
20|5923423|6216909|Ах нар нь түүнд атаархаж харин эцэг нь түүний үгийг сэтгэлдээ хадгалав.
21|6278296|6394632|Иосефыг ах нар нь худалдав
22|6437100|6696408|Ах нар нь Шехемд очиж эцгийнхээ хонийг хариулахаар явахад Израиль, Иосефт
23|6736054|7002462|—Ах нар чинь Шехемд хонио хариулж байгаа биш үү? Нааш ир, би чамайг тэдэн уруу явуулъя
24|7025923|7183404|гэсэнд Иосеф эцэгтээ —Би энд байна гэжээ.
25|7217979|7621494|Израиль түүнд  Одоо чи яваад ах нараа бас хонин сүргээ мэнд сайн байгаа эсэхийг үзэж надад эргэж хэл авчир
27|7649409|7801157|гээд түүнийг Хеброны хөндийгөөс илгээжээ.
28|7835908|7899544|Тэрээр Шехемд ирэв.
29|7934251|8199689|Харагтун, түүнийг хээр талд тэнэж явахад нь нэг хүн түүнийг олоод, түүнээс
30|8234969|8431390|—Чи юу эрж яваа юм бэ? гэж асуусанд тэрээр —Би ах нараа эрж байна.
31|8473021|8634691|Тэдний хаана хонио хариулж байгааг нь надад хэлж өгнө үү?
32|8667722|9039838|гэсэнд тэр хүн  —Тэд эндээс явцгаасан. “Дотан уруу явцгаая” гэж тэдний хэлэлцэхийг нь би сонссон гэв.
34|9087995|9310877|Тэгээд Иосеф ах нарынхаа хойноос явж, тэднийг Дотанаас олжээ.
35|9346995|9551442|Тэд Иосефыг тэдэнд ойртож ирэхээс нь өмнө холоос хараад,
36|9580680|9664559|түүнийг алахаар хуйвалджээ.
37|9690445|9847971| Тэд —Хараач, өнөөх зүүдний эзэн чинь ирж байна
38|9901243|9978242|хэмээн бие биендээ хэлээд
39|10061415|10432207|За, одоо цөмөөрөө нааш ир, түүнийг цохиж алаад, энэ нүхнүүдийн нэгэнд хаяж “Зэрлэг араатан түүнийг идсэн” гэж хэлцгээе.
40|10454390|10625895|Тэгээд түүний зүүд юу болохыг харцгаая л даа гэжээ.
41|10656853|10840573|Реубен үүнийг сонсоод Иосефыг тэдний гараас аврахаар
42|10868048|10982708|—Цөмөөрөө түүнийг алахаа больё гэв.
43|11004361|11348958|Реубен бас тэдэнд —Цус бүү урсга. Түүнийг цөлийн энэ нүхэнд хая харин түүнд гар бүү хүр! гэв
45|11392132|11542116|Энэ нь түүнийг аварч, эцэгт нь буцаах гэснийх ажээ.
46|11603283|12019455|Иосефыг ах нар дээрээ хүрч ирмэгц тэд Иосефын өмсөж байсан ханцуйтай урт дээлийг нь хуу татан түүнийг барьж аваад нүхэнд хаяв.
47|12052265|12192459|Харин тэр нүх нь хоосон, дотроо усгүй байлаа.
48|12250759|12599943|Тэд сууцгаан хоолоо идэж байгаад нүдээ өргөн хартал ишмаелчуудын жингийн цуваа Гилеадаас ирж явав.
49|12638927|12950714|Тэд тэмээнүүддээ анхилуун үнэрт бараа, үнэрт давирхай, гүгэл ачаад Египет уруу аваачихаар явж байжээ.
50|12990889|13061008|Иуда ах дүү нартаа
51|13089232|13257827|—Бид дүүгээ алж, түүний цусыг нууснаар юу хожих юм бэ?
52|13281200|13388451|Түүнийг ишмаелчуудад худалдацгаая!
53|13413985|13640174|Түүнд гар бүү хүрцгээ! Тэр бол бидний дүү, мах цусны маань тасархай
54|13682730|13809782|гэсэнд ах дүү нар нь сонсоцгоов.
55|13875138|14319358|Мидианыхны худалдаачид ирж өнгөрөхөд тэд Иосефыг нүхнээс нь татаж гаргаад ишмаелчуудад хорин шекел мөнгөөр түүнийг худалдав.
56|14383744|14567993|Жинчид Иосефыг авч Египет уруу оджээ.
57|14629822|15054020|Реубен тэр нүхэн дээр буцаж ирвэл, хараач, Иосеф нүхэнд алга. Тэрээр хувцас хунараа тасар татан дүү нартаа эргэж ирээд
58|15099663|15196286|—Тэр хөвгүүн алга болжээ!
59|15237520|15324088|Би одоо хаачих вэ? гэв.
60|15368497|15662511|Тэд Иосефын дээлийг аваад, нэг эр ямаа алж, цусанд нь түүний дээлийг дүрэв.
61|15697350|15897697|Дараа нь тэд тэр урт алаг эрээн дээлийг илгээж, эцэгтээ хүргээд
62|15941091|16021882|—Бид үүнийг оллоо.
63|16063204|16219009|Хүүгийн тань дээл энэ мөн эсэхийг хараарай! гэв.
64|16285556|16380107|Тэгэхэд тэрээр дээлийг таниад
65|16413667|16616571|—Миний хүүгийн дээл мөн байна. Зэрлэг араатан түүнийг барьж иджээ.
66|16648058|16765761|Иосеф тасчуулсан нь гарцаагүй
67|16809288|16953142|гээд Иаков хувцас хунараа урж тастаад,
68|16976118|17342986|бүдүүн таараар ууц нуруугаа ороож, хүүгийнхээ төлөө олон хоног гашуудан гашуудсаар байлаа.
69|17410812|17649305|Хөвгүүд охид нь бүгдээрээ түүнийг тайвшруулахаар очиход тэрээр тайвшрахаас татгалзаж
70|17716513|18022832|—Би Үхэгсдийн оронд одсон хүүгийнхээ араас гашуудсаар, хүрч очъё гэв.
72|18088717|18296119|Ийнхүү эцэг нь түүний төлөө гашуудан уйлжээ.
73|18361520|18713658|Мидианчууд Иосефыг Египетэд Фараоны ордны түшмэл, хамгаалагчдын захирагч Потифарт худалджээ.
