verse|start|end|sentence
3|323694|474383|Сара нэг зуун хорин долоо наслав.
4|500270|661367|Энэ нь Сарагийн амьдралын он жилүүд ажээ.
5|750890|1268360|Сара Канаан нутгийн Кириат-арба хэмээх газарт (одоогийн Хеброн) үхэж, Абрахам Сарагийн төлөө гашуудан уйлахаар тэнд оров.
6|1300641|1672227|Тэрээр Сарагийн шарилын өмнө босож зогсоод, хитчүүдэд —Та нарын дунд түр суугч цагаач надад
8|1693263|2051046|талийгаачаа далд оршуулах нэг оршуулгын газар эзэмшлийг олгоно уу? Би энэ шарилаа тэнд оршуулъя гэжээ.
10|2086812|2424706|Хитчүүд Абрахамд хариулан —Эзэн минь! Биднийг сонс! Та бол бидний дундах хүчирхэг ноён мөн.
12|2454870|2675414|Та бидний оршуулгын газраас хамгийн тохиромжтой газарт шарилыг оршуулаарай.
13|2706902|2987995|Таныг энэ шарилаа аль ч оршуулгын газар тавихад хориглох хүн бидний дунд байхгүй гэцгээв.
14|3031345|3215066|Абрахам босож, тэр нутгийн хитчүүдэд мэхийн ёслоод тэдэнд
15|3276277|3942451|—Хэрэв та нар намайг нас барсан хүнээ нутаглуулахыг хүсэж байгаа бол миний үгийг сонсож, миний төлөө Зохарын хүү Ефроноос гуйж, түүгээр талбайнх нь захад байгаа өөрийнх нь өмч болох Махпелагийн агуйг надад өгүүлээч.
16|3970543|4255870|Тэрээр хангалттай үнээр агуйг оршуулгын газар болгон та нарын дунд надад өгөг гэв.
17|4333971|4482279|Тэр үед Ефрон хитчүүдийн дунд сууж байв.
18|4511738|4761212|Тэрээр хитчүүд ба хотын гулдан хаалгаар орж ирсэн бүхнийг сонсож байхад Абрахамд хариулан 
19|4810780|5123714|—Үгүй эзэн минь, намайг сонсооч! Би тэр талбайг танд өгье. Бас түүний дотор байгаа агуйг ч танд өгье.
20|5147131|5429371|Би түүнийг өөрийн нутгийнхны өмнө танд өгье. Та тэнд тэр шарилаа оршуулаарай гэв.
21|5500460|5656662|Абрахам тэр нутгийнханд мэхийн ёслов.
22|5753065|5883028|Тэрээр нутгийнхныг сонсож байхад нь Ефронд
23|5965407|6202885|—Та таалбал, үгийг минь сонсоно уу. Би тэр талбайн үнийг танд өгнө.
24|6225376|6431279|Түүнийг та надаас аваарай, би тэнд шарилаа оршуулъя гэв.
25|6483229|6895476|Ефрон, Абрахамд —Эзэн минь ээ! Миний үгийг сонсооч. Хэсэг газрын үнэ дөрвөн зуун шекел мөнгөтэй тэнцэнэ.
27|6915365|7189755|Энэ нь та бид хоёрын хооронд юухан билээ? Тиймээс нас барсан хүнээ оршуул гэв.
28|7235442|7759174|Ефроны үгийг Абрахам дагаж, хитчүүдийг сонсож байхад Ефроны хэлсэн дөрвөн зуун шекел мөнгийг тухайн үеийн худалдаачдын хэрэглэдэг жингээр жинлэж Ефронд өгчээ.
29|7820253|8521354|Мамрегийн өмнөх Махпелад байдаг Ефроны талбай, түүний доторх агуй бас тэр талбайн эргэн тойрны ой мод цөмийг хотын гулдан хаалгаар орж ирсэн бүгдийн болон хитчүүдийн өмнө Абрахамын өмч хөрөнгө болгон өгөхөөр тогтжээ.
30|8567262|8989608|Тэгээд Абрахам Канаан нутгийн Мамре буюу Хеброны өмнөх Махпелагийн талбай дахь агуйд эхнэр Сарагаа оршуулав.
31|9026829|9454819|Ийнхүү тэр талбай болон доторх агуйг нь хитчүүд Абрахамын өмч, түүний оршуулгын газар болгохоор тогтов.
