verse|start|end|sentence
2|249120|361884|Исаак Ребекатай гэрлэв
3|476676|740703|Абрахам нас өндөр болсон бөгөөд ЭЗЭН бүхий л талаар түүнийг ерөөв.
4|817834|1025633|Абрахам гэрийнх нь бүх хэргийг хариуцдаг хамгийн ахмад зарцдаа
5|1084815|1183688|—Миний өгзгөн доогуур гараа хий.
6|1215704|1413360|Тэнгэрийн Бурхан ба газрын Бурхан, ЭЗЭНээр тангарагла.
7|1463987|2061234|Миний амьдран сууж байгаа канаанчуудын охидоос хүүд минь эхнэр эс сонгон, нутагт минь, төрөл төрөгсдөд минь очиж, миний хүү Исаакт эхнэр авч өгнө гэж тангарагла гэв.
8|2081872|2373594|Зарц нь —Хэрэв тэр эмэгтэй намайг дагаж энэ нутагт ирэхийг хүсэхгүй бол яах вэ?
10|2402700|2603752|Тэгвэл таны гарч явсан нутагт хүүг чинь буцааж аваачих уу? гэж асуужээ.
11|2623641|2848463|Абрахам түүнд —Чи миний хүүг тэнд буцааж аваачив аа!
13|2876378|3075181|Намайг эцгийн минь гэрээс, төрсөн нутгаас минь салгаж ирүүлэн,
14|3106271|3695800|“Би энэ газар нутгийг чиний үр удамд өгнө” гэж надад тангараглан хэлсэн тэнгэрийн Бурхан ЭЗЭН тэнгэрэлчээ чиний өмнө илгээнэ. Тэгээд чи тэндээс миний хүүд эхнэр сонгох болно.
15|3720937|4037266|Хэрэв тэр бүсгүй чамайг дагаж ирэхийг хүсэхгүй бол, чи миний энэ тангаргаас чөлөөлөгдөх болно.
16|4077309|4272981|Зөвхөн хүүг минь битгий тийш нь аваачаарай гэв.
18|4332736|4652638|Тэгээд зарц өөрийн эзэн Абрахамын өгзгөн дор гараа тавьж, дээрхийг түүнд тангараглав.
19|4672880|5126095|Тэгээд эзнийхээ тэмээнээс арвыг, эзнийхээ янз бүрийн үнэт эдлэлээс бас аваад, Месопотами тийш хөдөлж, Нахорын хот уруу явжээ. 
20|5179941|5495918|Тэрээр эмэгтэйчүүд ус авахаар гардаг үдшийн цагаар хотын гаднах худгийн дэргэд тэмээгээ хэвтүүлэв.
21|5529787|6041126|Тэр залбирч —Миний эзэн Абрахамын Бурхан ЭЗЭН! Та өнөөдөр намайг тэр бүсгүйтэй уулзуулж, миний эзэн Абрахамд хайр энэрэл үзүүлнэ үү?
23|6068424|6219290|Хотын хүмүүсийн охид ус авахаар гарч ирэх цаг болжээ.
24|6245838|6339507|Би худгийн дэргэд зогсож байя.
25|6370377|6961052|“Чи ваараа тонгойлгож, уснаасаа надад уулгана уу?” гэж намайг асуухад “Уу, уу! Би бас таны тэмээг ч усалж өгье” гэж хариулагч эмэгтэй нь Таны зарц Исаакт Танаас заяасан хүн байг!
26|6988703|7221286|Та миний эзэнд хайр энэрэл үзүүлснийг тань үүгээр би мэднэ гэв.
27|7250569|7508951|Зарцыг үгээ хэлж дуусаагүй байтал Ребека мөрөн дээрээ ваартай гарч ирэв. 
28|7535984|7807508|Тэрээр Абрахамын дүү Нахорын эхнэр Милкагийн хүү Бетуелийн охин байжээ.
29|7869644|8157132|Тэр бол харваас маш гоо үзэсгэлэнтэй, өдий хүртэл эр хүнтэй ойртоогүй, онгон охин ажээ.
30|8200042|8408988|Тэр бүсгүй худаг дээр очиж, ваараа усаар дүүргээд дээш гарч ирэв.
31|8431920|8703355|Зарц түүнтэй уулзахаар гүйж очоод —Чи надад ваартай уснаасаа жаахан балгуулна уу?
33|8737268|9028769|гэсэнд тэрээр —Эзэн минь, уу! гээд ваараа яаран гар дээрээ буулгаж уулгав.
36|9058889|9421656|Тэр түүнд ус уулгаж дуусаад —Би бас ус утгаж, таны тэмээнүүдийг ч ханатал нь усалъя гэж хэлэв.
38|9468270|9813793|Тэрээр ваартай усаа онгоцонд яаран юүлээд, дахин ус авахаар худаг уруу гүйж, бүх тэмээнд нь ус утгажээ.
39|9843561|10147806|Нөгөө хүн түүнийг дуугүй ширтэн, ЭЗЭН түүний аян замыг ивээсэн эсэхийг мэдэх гэж байлаа.
41|10190407|10616986|Тэмээнүүдээ ус ууж дууссаны дараа, тэр хүн хагас шекелийн жинтэй алтан гархи, арван шекелийн жинтэй хос алтан бугуйвчийг түүнд авч өгөөд
42|10687414|10976710|—Чи хэний охин бэ? Надад хэлээч! Эцгийн чинь гэрт бидэнд хоноглох өрөө бий юу?
43|10998892|11600240|гэж хэлсэнд тэрээр —Би бол Нахорт Милкагийн төрүүлж өгсөн хүү Бетуелийн охин гээд —Манайд сүрэл, өвс тэжээл арвин бий мөн хоноглох өрөө ч бий гэв.
45|11673843|11827487|Тэгээд тэр хүн доор бөхийн, ЭЗЭНд мөргөж
46|11912644|12057425|—Абрахам эзнийхээ Бурхан ЭЗЭНийг магтъя. 
47|12081856|12273603|Миний эзний төлөө Та энэрэл хайр ба үнэнээ эс орхив.
48|12300416|12553902|Замд ЭЗЭН намайг удирдаж, миний эзний дүүгийн гэрт ирүүлсэн байна гэв.
50|12603383|12801612|Тэр бүсгүй ээжийнхээ гэрт гүйж хүрээд, энэ тухай хэлжээ.
51|12881565|12991242|Ребекад Лабан гэдэг ах байжээ.
52|13019598|13166804|Тэр ах нь худаг дээр байсан нөгөө хүн уруу яаран гүйж очив.
53|13186782|13856881|Тэрээр охин дүүгийнхээ гарт байгаа бугуйвч, чихэнд байгаа ээмгийг хараад, бас тэр хүн надад ингэж хэллээ гэсэн үгийг нь Ребекагаас сонсоод, нөгөө хүн уруу очиход тэрээр худгийн дэргэд тэмээнийхээ хажууд зогсож байжээ. Лабан
54|13887045|14628587|—Бурханы ерөөлийг хүртсэн хүн та манайд ороорой. Бид танд өрөө, тэмээнд чинь байр бэлтгэчихсэн байхад та яагаад гадаа зогсоод байна вэ? гэсэнд нөгөө хүн байшинд орж, Лабан тэмээнүүдийнх нь ачааг буулгаж, сүрэл, өвс тэжээл авчирч өгөөд,
55|14656061|14855702|түүнд бас түүнтэй хамт ирсэн эрчүүдэд хөл угаах ус авчирч өгчээ.
56|14898920|15048287|Тэгээд түүний өмнө хоол унд авчирч тавихад тэр хүн
57|15103853|15370614|—Би ажил хэргийнхээ тухай ярихаас нааш хоол идэхгүй гэсэнд Лабан — Ярь ярь! гэв.
58|15390547|15564433|Тэрээр —Би бол Абрахамын зарц.
60|15609768|16494943|ЭЗЭН миний эзнийг ихэд ерөөж, түүнийг агуу их болгожээ. Мөн түүнд үхэр, хонин сүрэг, алт мөнгө, зарц шивэгчингүүд, тэмээ, илжиг өгсөн юм. Миний эзний эхнэр Сара настай болсон үедээ миний эзэнд хүү төрүүлж өгсөнд эзэн хүүдээ бүх өмчөө өгсөн юм.
61|16529694|16654806|Миний эзэн надаар тангараглуулж
62|16675885|16875702|Миний амьдран суудаг канаанчуудын охидоос хүүд минь эхнэр бүү сонго.
63|16928490|17302238|Харин чи миний эцгийн гэр, манай төрөл төрөгсдөд очиж, тэндээс миний хүүд эхнэр сонго!” гэсэн билээ. Тэгэхэд нь би эзэндээ
64|17334960|17543729|Хэрэв тэр эмэгтэй намайг дагаж явахгүй бол яах вэ? гэж хэлэхэд тэрээр надад
65|17563971|17884887|Миний даган бишрэгч ЭЗЭН тэнгэрэлчээ чамтай хамт явуулж, аян замыг чинь амжилттай болгоно.
66|17906893|18183664|Тэгээд чи миний эцгийн гэр, манай төрөл төрөгсдөөс хүүд минь эхнэр сонгож авах болно.
67|18213873|18481604|Чи манай төрөл төрөгсдөд хүрч очсон үедээ энэ тангаргийн гэрээнээс чөлөөтэй болно.
68|18520456|18756920|Тэд чамд охиноо өгөхгүй байсан ч чи энэ тангаргийн гэрээнээс чөлөөтэй болно гэв.
69|18804901|19212429|Би өнөөдөр худаг дээр ирээд “Миний эзэн Абрахамын Бурхан ЭЗЭН! Хэрэв Та соёрхвол аян замыг минь амжилттай болгож өгнө үү!
70|19237169|20427649|Би худгийн дэргэд зогсож байна. Залуу бүсгүйг ус авахаар ирвэл би түүнд «Чи ваартай уснаасаа надад жаахан уулгана уу?» гэж хэлье. Хэрэв тэрээр «Уу, уу! Би бас тэмээнүүдэд чинь ус авчиръя» гэж хэлбэл тэр бүсгүй нь ЭЗЭНээс миний эзний хүүд заяасан хүн болно” гэж зүрхэндээ залбирч арай дуусаагүй байтал, харагтун, Ребека мөрөн дээрээ ваараа тавин, худаг уруу бууж ирээд, ус татав.
71|20470161|20871956|“Надад ус уулгана уу?” гэж би түүнд хэлэхэд тэрээр ваараа мөрнөөсөө яаран буулгаад, “Уу, уу! Би бас тэмээнүүдийг чинь усалъя” гэж хэлэв.
72|20901856|21499499|Тэгээд би уусан бөгөөд тэр миний тэмээнүүдийг ч бас усаллаа. Тэгээд би түүнээс “Чи хэний охин бэ?” гэж асуухад тэр “Би бол Милкагийн Нахорт төрүүлж өгсөн Бетуелийн охин” гэж хариулсан.
73|21534735|21714399|Би түүний хамарт гархи, гарт бугуйвч хийж өгөв.
74|21734420|22309263|Тэгээд миний эзэн Абрахамын Бурхан ЭЗЭН намайг үнэн зөв замаар хөтөлсөөр, эзний минь дүүгийн охиныг хүүд нь сонгуулсанд би ЭЗЭНд доор бөхийн мөргөөд, Түүнийг магтан дуулав.
75|22372679|23005161|Хэрэв одоо та нар миний эзэнд энэрэл хайр ба үнэнээр хандъя гэвэл надад хэлээрэй. Тэгэхгүй ч гэсэн бас надад хэлээд, баруун тийшээ эргэх үү эсвэл зүүн тийшээ эргэх үү гэдгийг минь мэдүүл гэж хэлэв.
76|23048424|23808487|Лабан Бетуел хоёр —Энэ нь ЭЗЭНээс заяагддаг учраас бид чамд сайн муу аль нь болохыг хэлж чадахгүй. Харагтун, Ребека таны өмнө байна. Түүнийг аваад яваарай. ЭЗЭНий айлдсан ёсоор тэрээр таны эзний хүүгийн эхнэр болог гэв.
78|23890778|24126492|Абрахамын зарц тэдний үгийг сонсоод, ЭЗЭНд газарт доош мэхийж,
79|24149556|24349021|алт мөнгөн эрдэнэс, хувцас хунар гарган Ребекад өгөв.
80|24418919|24589939|Тэр түүний ах болон ээжид нь бас үнэт зүйлс барьжээ.
81|24628659|24839898|Тэр болон түүнийг дагалдагсад идэж уугаад, хоноглов. Өглөө босоод тэрээр
82|24870856|24976520|—Намайг эзэнд минь буцааж явуулна уу?
83|24997423|25112524|гэхэд Ребекагийн ах, ээж хоёр
84|25185201|25428236|—Охин минь арваад хоног бидэнтэй хамт байг. Тэгээд дараа нь тэр явж болно гэв.
85|25468808|25534385|Тэр хүн тэдэнд хэлэхдээ
86|25565916|25861607|—Намайг бүү саатуул. ЭЗЭН замыг минь амжилттай болгосон учир намайг явуулаач! Би эзэндээ очъё
87|25883612|26183845|гэв. Тэд —Бид охиноо дуудаж, түүний амнаас лавлая гээд Ребекаг дуудаж
88|26236060|26463483|—Чи энэ хүнтэй хамт явах уу? гэж асуусанд тэрээр —Би явна гэж хариулжээ.
89|26514331|26922344|Тэгээд тэд өөрсдийн охин дүү Ребекаг болон түүний асрагч эхийг мөн Абрахамын зарц хийгээд түүний эрсийн хамт явуулав.
90|27002341|27502832|Тэд Ребекаг ерөөн Охин дүү минь, Түм буман хүний эх болох болтугай! Өшөөтнийхөө үүд хаалгыг Үр удам чинь эзэгнэх болтугай! хэмээжээ.
92|27547814|27932984|Ребека болон түүний шивэгчид босоцгоож, тэмээндээ мордон, тэр хүнийг даган хөдөлж, зарц нь Ребекаг аваад явлаа.
93|28013422|28204022|Энэ үед Исаак Беер-лахаи-роигоос хүрч ирсэн байлаа.
94|28239787|28334426|Тэрээр Негевд сууж байсан ажээ.
95|28405118|28584429|Үдэш болж байхад Исаак бясалгал хийхээр хээр гарчээ.
96|28622972|28800254|Тэгээд хараагаа өргөн хартал тэмээн жин айсуй харагдав.
97|28828611|29059959|Ребека хараагаа өргөн Исаакийг хараад тэмээнээсээ бууж, зарцад
98|29105779|29284031|—Хээр талаар хэрэн алхаж, биднийг угтан ирж яваа тэр хүн хэн бэ?
99|29305199|29474014|гэсэнд зарц —Тэр бол миний эзэн гэжээ.
100|29515821|29709640|Үүнийг сонсоод Ребека гивлүүрээ авч нүүрээ халхлав.
101|29735527|29913559|Зарц нь Исаакт өөрийнхөө хийсэн бүх зүйлийг ярьжээ.
102|29955718|30308077|Исаак Ребекаг эх Сарагийнхаа майханд дагуулан ороод, түүнийг эхнэрээ болгон авч, хайрлан дурлажээ. 
103|30386487|30673446|Эхийгээ нас барснаас хойших Исаакийн уй гашуу ингэж тайлагдав.
