verse|start|end|sentence
2|241315|354431|Иосефын ах нар Египет явав
3|418553|640332|Энэ үед Египетэд үр тариа байгааг Иаков мэдээд, хөвгүүддээ хандаж
4|700837|1369746|—Та нар яагаад бие биенээ хараад суугаад байгаа юм бэ? гэж хэлэв. Иаков бас —Харагтун, Египетэд үр тариа байна гэж би сонслоо. Та нар тийшээ явж, тэндээс бидэнд үр тариа худалдаж ав!
5|1398763|1528329|Тэгвэл бид үхэхгүй амьд үлдэнэ гэв.
6|1592583|1819301|Тэгээд Иосефын арван ах нь Египетээс үр тариа худалдаж авахаар явав.
7|1879497|2234017|Харин Иосефын дүү Бениаминыг Иаков “Түүнд гай тохиолдох вий” гээд ах нартай нь хамт явуулсангүй.
8|2281645|2575836|Канаан нутагт ган зуд болсон учир үр тариа худалдаж авахаар ирэгсдийн дунд Израилийн хөвгүүд ч байжээ.
9|2634886|2917038|Иосеф тэр нутгийн эрх мэдэлтэн нь бөгөөд нутгийнхаа бүх ард түмэнд үр тариа худалдаж байлаа.
10|2948129|3179654|Иосефын ах нар тэнд хүрч ирээд, түүний өмнө сөгдөн, нүүрээ газарт хүргэж мөргөцгөөв.
11|3216609|3476314|Иосеф ах нараа хармагц тэднийг танив. Гэвч тэрээр таньдаггүй хүн шиг
12|3515210|3677587|—Та нар хаанаас ирэв? гэж ширүүн дуугаар хэлсэнд тэд
13|3720540|3904217|—Бид үр тариа худалдаж авахаар Канаан нутгаас ирцгээлээ гэв.
14|3949331|4127715|Иосеф ах нараа таньсан боловч тэд түүнийг таньсангүй.
15|4163966|4355095|Тэгтэл Иосеф тэдний тухай зүүдэлсэн зүүдээ санаж
16|4381643|4450616|—Та нар бол туршуулууд.
17|4476061|4698061|Та нар манай эндээс дэл сул газар хайхаар ирсэн байна гэж тэдэнд хэлэв.
19|4736604|4866038|Тэд харин түүнд —Үгүй, эзэн минь!
21|4887073|5230260|Таны зарц бид хоол хүнс худалдан авахаар л ирцгээлээ. Бид бүгд нэг хүний хөвгүүд. Бид үнэнч шударга улс.
22|5259366|5355856|Таны зарц нар бид туршуул биш
23|5386197|5741599|гэсэнд Иосеф харин тэдэнд —Үгүй. Та нар дэл сул газар хайж ирсэн байна гэж хэлэв. Тэгтэл тэд
25|5774013|6270314|—Таны зарц бид бол Канаан нутгийн нэг хүний хөвгүүд бөгөөд ах дүү арван хоёулаа, үзэгтүн, отгон дүү маань аавтайгаа хамт байгаа. Нөгөө нэг нь алга болсон гэв.
26|6321161|6730321|Иосеф харин тэдэнд —Миний хэлснээр та нар туршуулууд мөн. Та нарыг ийм нэг зүйлээр шалгаж үзье. Фараон амьд!
28|6765336|6971107|Та нарын отгон дүү энд ирэхгүй бол та нар эндээс явж чадахгүй!
29|6992760|7215642|Та нар нэгийгээ илгээж, дүүгээ авчруул. Харин та нар энд хоригдох болно.
30|7266533|7614967|Та нарын үгийг шалгаж, үнэнч эсэхийг чинь үзнэ. Фараон амьд! Хэрэв тийм биш байвал та нар туршуул мөн гэв.
31|7653555|7848873|Тэгээд Иосеф тэднийг хамтад нь гурван хоног хорионд байлгав.
32|7893811|7983775|Гурав дахь өдөр нь Иосеф тэдэнд
33|8027964|8228927|—Би Бурханаас эмээдэг тул та нар ийм нэг юм хийгээд амиа аварцгаа.
34|8252344|8728668|Хэрэв та нар үнэнч шударга хүмүүс бол ах дүү нараасаа нэгийг хорионыхоо байранд үлдээгээд, бусад нь харин явж, өлсгөлөнд нэрвэгдсэн гэр орондоо үр тариа хүргэж өг!
35|8774621|8873757|Тэгээд отгон дүүгээ над дээр аваад ир.
36|8901011|9093949|Тэгвэл та нарын үг үнэн болж, та нар үхэхгүй болно гэв.
37|9140871|9254649|Тэгээд тэд тэр ёсоор үйлджээ.
38|9279918|9466197|Тэд —Бид дүүгийнхээ явдлаас болж ялтан болцгоолоо.
40|9499757|9837431|Биднээс энэрлийг гуйсан түүний сэтгэлийн зовлон шаналлыг нь бид харсан ч сонсоогүй тул тэр зовлон бидэнд ирж байна
41|9860142|9969775|хэмээн өөр хоорондоо ярьцгаав.
42|9998837|10273315|Реубен бусдадаа —Тэр хөвгүүнд битгий нүгэл үйлд гэж би та нарт хэлээгүй юү?
44|10297261|10358825|Гэвч та нар сонсоогүй.
45|10381007|10570505|Харагтун, одоо түүний цус нэхэгдэж байна гэж хэлжээ.
47|10615046|10788932|Тэд өөр хоорондоо хэлмэрчээр дамжуулан ярилцаж байсан учир
48|10809571|10963480|Иосеф тэр үгийг нь ойлгосныг тэд мэдсэнгүй.
49|10997613|11139219|Иосеф тэднийг орхин гарч, уйлав.
50|11175513|11321837|Дараа нь тэрээр тэдэн дээр эргэж ирээд, тэдэнтэй ярилцав.
51|11358263|11586922|Иосеф тэдний дундаас Симеоныг барьж, тэдний нүдний өмнө хүлж орхив.
52|11630757|12054470|Иосеф тэдний шуудайд үр тариа дүүргэж, хүн бүрийн өгсөн мөнгийг уутанд нь буцааж хийлгэн, тэдэнд замын хүнс өгөхийг тушаажээ.
53|12075462|12159604|Түүнийг нь ёсоор болгов.
54|12198721|12291640|Иосефын ах нар буцав.
55|12355364|12534984|Тэгээд тэд үр тариагаа илжгэндээ ачаад, тэндээс хөдөлцгөөв.
56|12595048|12999753|Нэг нь буудалласан газартаа илжгэндээ тэжээл өгөхөөр уутныхаа амыг нээтэл уутных нь аман дээр өөрийнх нь мөнгө байхыг хараад ах дүү нартаа хандаж
57|13028992|13202878|—Миний мөнгийг буцааж өгсөн байна. Хараач! Миний уутанд байна гэв.
58|13240892|13424039|Тэгтэл тэдний зүрх палхийн тэд бие биенээ дагжин харж
59|13464656|13607363|—Бурхан бидэнд юу хийх нь энэ вэ? гэцгээв.
60|13645333|13903142|Тэд Канаан нутагт буцаж, эцэг Иаковындаа хүрч ирээд, өөрсдөдөө учирсан бүхнийг илтгэн
61|13941421|14594145|Тэр нутгийн эзэн хүн бидэнд ширүүн хандаж, биднийг газар орны туршуул гэж хардсанд бид түүнд хандан Бид бол үнэнч шударга хүмүүс. Бид туршуул биш. Бид эцгийнхээ хөвгүүд, ах дүүс арван хоёулаа.
62|14616415|14956559|Нэг нь алга болсон, отгон дүү маань өнөөдөр Канаан нутагт аавтайгаа хамт байгаа гэсэнд, харин тэр нутгийн эзэн хүн бидэнд
63|14992897|15120522|Та нарын үнэнч шударга гэдгийг би ингэж мэдье.
64|15149408|15430060|Та нар ах дүү нараасаа нэгийг нь надтай орхиж, өлсгөлөнд нэрвэгдсэн гэр орондоо тариа аваад явцгаа.
65|15460886|15554687|Харин отгон дүүгээ надад авчир.
66|15578677|16047989|Тэгвэл би та нарыг туршуул биш, үнэнч шударга гэдгийг чинь мэдье! Ахыг чинь та нарт буцааж өгнө. Бас та нар энэ газар худалдаа наймаа хийж болно гэж хэлэв.
67|16070745|16378695|Тэгээд тэднийг уутуудаа суллахад, харагтун, хүн бүрийн боодолтой мөнгө нь уутан дотроо байлаа.
68|16406611|16613572|Тэд бас эцэг нь ч боодолтой мөнгөө хараад, бүгд айцгаажээ.
69|16647794|16752134|Харин эцэг Иаков нь тэдэнд
70|16775110|16894445|—Та нар намайг хүүхдүүдээс минь хагацуулж байна.
71|16917906|17110491|Иосеф алга болсон, одоо Симеон ч алга боллоо.
72|17143875|17255977|Одоо бас та нар Бениаминыг авах гэж байна.
73|17295182|17417603|Энэ бүхэн чинь надад дэндэж байна! гэв.
74|17445210|17519518|Тэгтэл Реубен эцэгтээ
75|17544435|17756512|—Хэрэв би түүнийг танд буцааж авчрахгүй бол та миний хоёр хүүг алаарай.
76|17777195|17946054|Түүнийг миний гарт даатгачих, би түүнийг танд буцааж авчирна
77|17969779|18342204|гэсэнд Иаков —Миний хүү та нартай хамт явахгүй. Ах нь нэгэнт үхэж, тэр ганцаараа үлдсэн.
79|18369237|18547445|Хэрэв та нартай хамт явах замд түүнд гай зовлон учирвал
80|18570289|18849839|та нар буурал толгойг минь Үхэгсдийн орон уруу уй гашуудалтайгаар явуулах болно гэв.
