verse|start|end|sentence
2|195274|305877|Исаак Иаковыг ерөөсөн нь
3|448982|690561|Исаак хөгширч, нүд нь муудаад харж чадахаа больсон үедээ ууган хүү Есаваа
4|714861|940520|—Хүү минь! гэж дуудсанд хүү нь —Би энд байна гэв. Исаак
5|993132|1196036|—Харагтун, би хөгширч, үхэх өдрөө мэдэхгүй байна.
6|1271226|1776392|Тиймээс чи зэвсэг, нум саадгаа авч, хээр талд гараад, надад ан агнаж, миний дуртай амтат хоолыг хийн авчирч надад идүүлэгтүн.
7|1853434|2080638|Тэгвэл би үхэхээсээ өмнө чамайг зүрх сэтгэлээсээ ерөөе гэв.
8|2187668|2412578|Исаакийг хүү Есавдаа үг хэлж байхад Ребека түүнийг нь сонсож байжээ.
9|2465851|2617070|Есав ан агнахаар хээр тал уруу одов.
11|2809434|2996947|—Харагтун, ах Есавд чинь аавын чинь хэлсэн үгийг би сонслоо.
12|3022702|3174009|Надад ангийн мах авчирч, амттай хоол хийгтүн.
13|3196809|3389526|Тэгвэл би идээд, үхэхээсээ өмнө чамайг ЭЗЭНий өмнө ерөөж өгье гэсэн.
14|3474153|3678998|Тиймээс хүү минь, одоо миний чамд тушаасныг болон хэлэхийг минь сонс!
15|3707310|3844593|Чи мал дээрээ очоод хоёр сайн ишиг надад авчир.
16|3869775|4017509|Би түүгээр аавын чинь дуртай амтат хоолыг хийж өгье.
17|4049173|4283918|Чи түүнийг аавдаа аваачиж идүүлэн, үхэхийнх нь өмнө түүгээр ерөөлгө гэв.
19|4479457|4750231|—Харагтун, миний ах Есав үсэрхэг хүн, би гөлгөр арьстай хүн.
20|4771620|5134033|Аав минь намайг тэмтэрч үзвэл би түүний нүдэнд мэхлэгч гэж харагдан, ерөөгдөх нь байтугай хараагдах болно гэв.
21|5184881|5247679|Тэгэхэд эх нь түүнд
22|5305935|5480483|—Хүү минь, чамд ирэх хараал чинь надад оноогдох болтугай.
23|5528508|5715007|Чи зөвхөн миний хэлснийг дагаж, явж ишигнүүдийг надад авчирч өг
24|5751830|5883777|гэсэнд тэр явж, ээждээ авчирч өгөв.
25|5908606|6086241|Тэгээд ээж нь эцгийнх нь дуртай амтат хоолыг хийжээ.
26|6195873|6977237|Ребека ууган хүү Есавынхаа хамгийн сайхан хувцсыг гэрээсээ авчирч, бага хүү Иаковтаа өмсгөж, ишигний арьсаар гар болон хүзүүнийх нь гөлгөр хэсгийг ороож, өөрийн хийсэн амтат хоол, талхыг хүү Иаковынхаа гар дээр тавив.
27|7044401|7484607|Иаков эцэг дээрээ очиж —Аав минь ээ! гэж дуудсанд аав нь —Би энд байна. Хүү минь чи хэн бэ? гэв. Иаков, эцэгтээ
29|7554550|7644073|Би таны ууган хүү Есав байна.
30|7673355|8075327|Таны надад хэлсэн ёсоор би хийлээ. Та өндийж суугаад ангийн махнаас минь зооглоно уу. Тэгээд сэтгэлээсээ намайг ерөөнө үү!
32|8233073|8481179|—Хүү минь, чи ангаа яаж ийм хурдан олоо вэ? гэсэнд тэр
33|8519458|8693521|—Учир нь таны Бурхан ЭЗЭН түүнийг өмнө минь тавьсан юм гэв.
35|8855544|8945420|Хүү минь, надад ойрт!
36|8970733|9296412|Би чамайг тэмтэрч үзээд миний ууган хүү Есав мөн үү, биш үү гэдгийг чинь мэдье гэв.
37|9344172|9557307|Иаков эцэг Исаактаа ойртон очиход Исаак түүнийг тэмтэрч үзээд
38|9618562|9817674|—Дуу чинь Иаковын дуу атал гар чинь Есавын гар байна
39|9854233|10129152|гээд түүний гар ах Есавынх шиг нь үсэрхэг байсан учир түүнийг ялгаж таньсангүй.
40|10171312|10264054|Тэгээд түүнийг ерөөж, Исаак
41|10305949|10437940|—Чи үнэхээр миний хүү Есав мөн үү?
42|10474543|10644108|гэсэнд Иаков — Би мөн гэв. Исаак
43|10688781|10763046|—Надад түүнийгээ авчир!
44|10790784|11039332|Би хүүгийнхээ ангийн махнаас идээд зүрх сэтгэлээсээ чамайг ерөөн адислая!
45|11111568|11259523|гэхэд нь Иаков түүнд авчирч өгсөнд эцэг нь идэв. 
46|11334008|11496429|Тэгээд тэр бас түүнд дарс авчирч өгсөнд тэрээр уужээ.
47|11536868|11606767|Тэгээд эцэг Исаак нь 
48|11725572|11875556|—Хүү минь, надад ойртож ирээд намайг үнс
49|11939545|12287803|гэхэд Иаков ойртон очиж, түүнийг үнссэнд эцэг нь хувцасных нь үнэрийг үнэртээд, түүнийг ерөөн адислаж
50|12315542|12562061|—Харагтун, хүүгийн минь үнэр ЭЗЭНий ерөөсөн хээрийн үнэр байна.
51|12606470|12752308|Тэнгэрийн шүүдэр, Үржил шимт газар,
52|12772286|13023171|Арвин их үр тариа, дарсыг Бурхан чамд хайрлах болтугай!
53|13101536|13346424|Ард олон чамд зарагдаж, Үндэстнүүд чамд сөгдөн мөргөх болтугай!
55|13427479|13706412|Ах дүү нарынхаа эзэн нь чи болж, Эхийн чинь хөвгүүд чамд сөгдөн мөргөх болтугай.
56|13753819|13955180|Хараагч чинь хараагдаж, Ерөөгч чинь ерөөгдөх болтугай!
58|14067944|14172549|Есав ерөөлөө алдав
59|14231158|14517764|Исаак Иаковыг ерөөн адислаж дуусмагц Иаков эцэг Исаакийнхаа өмнөөс босон гарч явлаа.
60|14568258|14860950|Дөнгөж дараа нь түүний ах Есав ангаасаа буцаж ирээд, амтат хоол хийж түүнийгээ эцэгтээ аваачин
61|14913032|15232669|—Эцэг минь ээ, өндийж суугаад хүүгийнхээ ангийн махнаас иднэ үү. Тэгээд сэтгэлээсээ намайг ерөөн адислагтун!
62|15258467|15316326|гэж аавдаа хэлжээ.
63|15357604|15407305|Эцэг Исаак нь
64|15448935|15611311|Чи хэн бэ? гэхэд тэрээр
66|15666613|15882879|Би таны хүү, таны ууган хүү Есав байна гэжээ.
68|15961995|16278324|Исаак ихэд цочирдон —Тэгвэл ан агнаад надад авчирч өгсөн тэр хүн хэн байсан бэ?
70|16331200|16667374|Би чамайг ирэхээс өмнө бүгдийг нь идээд, түүнийг ерөөсөн билээ. Тэр л гарцаагүй ерөөгдөнө гэв.
72|16740448|16908689|Есав эцгийнхээ үгийг сонсоод бархиран уйлж, эцэгтээ
73|16967519|17094262|—Эцэг минь, намайг ч бас ерөөн адислаач!
74|17126146|17229473|гэж аавдаа хэлсэнд Исаак
75|17289846|17508449|—Дүү чинь залилж ирээд чиний ерөөлийг авчихжээ гэж хэлэв.
77|17594444|17736887|—Түүнийг Иаков гэж нэрлэдэг нь оносон бус уу?
78|17767360|17896044|Тэр намайг хоёр ч удаа мэхэллээ.
79|17936175|18173698|Ууган хүү байх эрхийг минь авчихаад одоо бас надад ногдох ерөөлийг минь ч тэр авчихлаа
80|18197379|18423833|гэж хэлээд —Надад хүртээх ерөөл танд үлдээгүй гэж үү? 
83|18568040|19209871|—Харагтун, би түүнийг чиний эзэн болгож, бүх ах дүүг чинь түүнд зарцаар өгч бас үр тариа, дарсаар түүнийг хангасан учир хүү минь, би чамайг одоо яах билээ гэв.
86|19328059|19799047|—Эцэг минь ээ! Танд дахиад ганцхан ерөөл байхгүй гэж үү? Эцэг минь! Намайг ч бас ерөөн адислаач гэж хэлээд чанга дуугаар уйлав.
87|19827668|19905020|Эцэг Исаак нь түүнд хандаж
88|19943695|20236299|—Харагтун, нутаг газар чинь үржил шимгүй, Тэнгэрийн шүүдрээс хол байх юм.
89|20299097|20477923|Чи илдээрээ амьдарч, дүүдээ зарагдах боловч
90|20504471|20820888|Эсэргүүцэн босох цагтаа чи Буулгыг нь эвдэж хүзүүнээсээ авч хаяна гэжээ.
93|21027850|21279132|Эцэг нь Иаковыг ерөөсөн тэр ерөөлөөс болж Есав, Иаковыг үзэн ядав.
94|21331258|21581525|Эцгийнхээ төлөө эмгэнэх өдөр ойрхон ирж байгаа учир би дүү Иаковаа ална
95|21609396|21725688|гэж тэрээр зүрхэндээ хэлжээ.
96|21784032|22095731|Ууган хүү Есавынх нь энэ үг Ребекад хүрэхэд бага хүү Иаковтаа хэл явуулж дуудан ирүүлээд
97|22191825|22324919|—Есав ах чинь чамайг ална гээд өөрийгөө тайтгаруулж байна.
98|22360464|22679307|Тийм учраас одоо хүү минь, чи миний хэлэхийг сонс. Бос, Харанд байгаа миний ах Лабан дээр зугтан оч.
99|22703341|22848033|Ахынхаа уурыг гартал хэдэн өдөр түүнтэй хамт бай.
100|22870921|23084233|Ахын чинь уур гарч, түүнд хийсэн юмыг марттал нь тэндээ бай.
101|23104210|23226852|Би чамд хэл явуулж, чамайг тэндээс авчрах болно.
102|23249387|23409250|Яаж би та хоёрыгоо нэг өдөр алдчих билээ гэв.
104|23564570|23715701|—Хитчүүдийн охидоос болж амьдрал минь гутмаар боллоо.
105|23744277|24118819|Хэрэв Иаков түүн шиг энэ нутгийн эсвэл хитчүүдийн охидоос эхнэр авбал надад амьд явах хэрэг юун билээ? гэв.
