verse|start|end|sentence
2|207049|331367|Фараоны зүүдийг Иосеф тайлав
3|372600|542562|Бүтэн хоёр жилийн дараа Фараон нэгэн зүүд зүүдлэв. 
4|570213|716492|Харагтун, Фараон гол дээр зогсож байх юм.
5|743614|1010419|Тэгтэл, харагтун, тарган сайхан долоон үхэр голоос гарч ирээд нугад бэлчиж байжээ.
6|1045566|1474307|Харагтун, түүний хойноос бас өөр туранхай муухай долоон үхэр голоос гарч ирээд голын эрэг дэх нөгөө үхрүүдийн дэргэд зогсжээ.
7|1512012|1848010|Нөгөө туранхай муухай үхрүүд нь мөнөөх тарган сайхан долоон үхрийг идчихэв. Тэгээд Фараон сэржээ.
8|1891140|2080814|Тэрээр эргэж унтаад, хоёр дахь удаагаа зүүдэлжээ. Харагтун,
9|2114550|2321512|нэгэн ишнээс өтгөн сайхан долоон тариан түрүү гарч иржээ.
11|2389646|2684763|Бас түүний дараа дорнын салхинд хатаж хорчийсон долоон нарийхан түрүү гарч иржээ.
12|2735478|2951480|Тэгээд тэр нарийхан долоон түрүү нь өтгөн бүтэн долоон түрүүгээ залгичихав.
13|2999814|3159059|Фараоныг сэртэл, харагтун, тэр нь зүүд байлаа.
14|3201748|3584977|Өглөө нь түүний сүнс тавгүйтэж, тэрээр зарлага явуулан Египетийн мэргэ төлгөчид, ухаантан мэргэдийг бүгдийг нь дууджээ.
15|3632913|3886444|Фараон тэдэнд зүүдээ ярьсанд түүнийг Фараонд тайлж чадах хүн нэг ч байсангүй.
16|3945715|4177769|Ахлах сөнч, Фараонд —Өнөөдөр би гэм нүглээ саналаа.
18|4201407|4538154|Фараон та зарц нартаа уурлаж, намайг ахлах талхчны хамт хамгаалагчдын захирагчийн байшинд хорионд өгч билээ.
19|4576786|4838740|Тэгэхэд тэр бид хоёр нэгэн шөнө зүүд зүүдэлсэн. Бид хоёрын зүүд өөр өөр тайлалтай байсан.
20|4900700|5130373|Тэнд хамгаалагчдын захирагчийн боол, еврей залуу бидэнтэй хамт байсан бөгөөд
21|5156216|5332616|бид түүнд зүүдээ ярьсанд, тэрээр бидний зүүдийг тайлж өгсөн юм.
22|5372306|5877780|Тэр залуу бидний зүүдийг тус тусад маань тайлсанд түүний тайлал ёсоор болж, би хуучин албандаа эргэж ороод, нөгөөх маань дүүжлүүлсэн билээ гэж хэлэв.
23|5920777|6081963|Тэгээд Фараон зарлага явуулж, Иосефыг дуудуулав.
24|6146922|6264360|Тэд түүнийг гяндангаас даруй гаргажээ.
25|6305329|6484419|Иосеф сахлаа хусаж, хувцсаа солиод, Фараон дээр орж ирэв.
27|6614559|6870603|—Би нэг зүүд зүүдэллээ. Гэтэл түүнийг тайлж чадах хүн нэг ч байсангүй.
28|6909940|7117298|Чамайг зүүд тайлж чаддаг гэж би сая сонслоо гэв.
30|7254979|7518079|—Энэ бол би биш, харин Бурхан Фараонд сэтгэлийг амраах хариу өгнө гэв.
32|7646675|7870615|Харагтун, би зүүдэндээ голын эрэг дээр зогсож байх юм.
34|7901044|8127409|Тэгтэл, харагтун, тарган сайхан долоон үхэр голоос гарч ирээд, нугад бэлчиж байлаа.
35|8170451|8366299|Тэдний хойноос туранхай, маш муухай долоон үхэр гарч ирлээ.
36|8396154|8619609|Би тэдэн шиг муухай үхрүүдийг Египетийн нутагт хэзээ ч үзээгүй билээ.
37|8662122|8861233|Тэр туранхай муухай үхрүүд түрүүчийн долоон тарган үхрийг идчихлээ.
38|8899821|9154233|Тэд түүнийг идсэн боловч юу ч идээгүй юм шиг урьдын адил муухай хэвээрээ л байлаа.
39|9186294|9241860|Тэгээд би сэрлээ.
40|9284196|9682860|Би эргэж унтав. Харагтун, нэг ишнээс долоон өтгөн, сайхан тариан түрүү ургахыг зүүдэндээ харав.
41|9711657|10020313|Тэгтэл, харагтун, түүний дараа дорнын салхинд хатаж гандсан, хорчгор нарийхан долоон түрүү гарч ирэв.
42|10090653|10274462|Тэгээд тэр нарийхан түрүүнүүд долоон сайхан түрүүгээ залгичихав.
43|10317856|10638022|Би зүүдээ мэргэ төлгөчдөд хэлсэн боловч түүнийг надад тайлж чадах хүн нэг ч байсангүй гэв.
45|10787653|10898741|Фараон таны зүүд чинь нэг л юм байна.
46|10924672|11084182|Бурхан Өөрийн хийх гэж байгаа зүйлийг Фараонд үзүүлжээ.
47|11111568|11223538|Долоон сайхан үхэр бол долоон жил,
48|11248587|11362409|долоон сайхан түрүү нь бас долоон жил юм.
49|11386840|11473011|Эдгээр зүүд нь нэг юм.
50|11538985|11754017|Тэдний хойноос гарч ирсэн долоон туранхай, муухай үхэр нь долоон жил юм.
51|11784975|12077402|Мөн дорнын салхинд хатаж гандсан, хорчгор нарийхан долоон хоосон түрүү нь өлсгөлөнгийн долоон жил юм.
52|12109992|12366169|Бурхан үйлдэх гэж байгаа зүйлээ Фараонд үзүүлсэн гэж Фараонд миний хэлсэн үг бол энэ юм.
53|12400699|12778416|Харагтун, Египетийн нутаг даяар маш өнтэй сайхан долоон жил болж, дараа нь ган зудтай долоон жил залгаж,
54|12802053|13093378|Египетийн нутагт өнтэй сайхан байсан бүхэн мартагдаж, нутаг орныг өлсгөлөн туйлдуулах болно.
55|13125394|13495967|Энэхүү өлсгөлөн нүүрлэсний дараа маш хүнд хэцүү болох учир тэр нутагт өнтэй сайхан байснаас танигдах юм юу ч үгүй болно.
56|13529791|13919150|Фараон та тэр зүүдийг хоёр дахин зүүдэлсэн нь Бурханаас энэ нь тогтоогдсон гэсэн үг бөгөөд Бурхан үүнийгээ даруй үйлдэх болно.
57|13959590|14212415|Тэгээд одоо Фараон хэрсүү, мэргэн ухаантай хүн олж, Египетийн нутагт томил.
58|14266658|15129034|Фараон тийнхүү газар нутагтаа түшмэдийг томилж, өнтэй сайхан долоон жилийн дотор Египетийн газар нутгийн ургацын тавны нэгийг нь хурааж, ирэх өнтэй сайхан он жилүүдийн бүх ургацыг тэднээр хураалгаж, үр тариагаа Фараоны гарт мэдүүлж, хүнсэнд зориулан хотуудад хадгалуул.
59|15152804|15654088|Энэ ургацыг Египет нутагт болох гэж байгаа өлсгөлөнгийн долоон жилд зориулан нутагтаа нөөцөл. Тэгвэл тэр газар нутаг өлсгөлөнгөөр сүйрэхгүй болно гэв.
60|15707493|15833399|Иосеф Египетэд өргөмжлөгдөв
61|15887907|16101174|Энэ нь Фараон болон түүний бүх зарц нарын нүднээ таатай байв.
62|16130104|16203442|Фараон зарц нартаа
63|16231887|16384076|—Бурханы Сүнстэй энэ мэт хүн бидэнд олдох уу?
65|16515582|16824105|—Бурхан энэ бүх зүйлийг чамд л таниулсан учир чам шиг хэрсүү, мэргэн ухаантай хүн алга.
66|16855372|16951202|Чи миний өргөөг захир.
67|16977662|17116974|Миний ард түмэн бүгдээрээ чиний амаар байг.
68|17147976|17361861|Би зөвхөн хаан ширээнд сууж байгаагаараа чамаас илүү гэв.
70|17444901|17684585|Харагтун, би чамд Египетийн бүх газар нутгийг захируулна
72|17719865|18179563|гэж Иосефт хэлээд, өөрийн тамгатай бөгжөө гараасаа мултлан, Иосефын гарт зүүж, нарийн даавуун дээлээ өмсгөн, алтан гинжийг хүзүүнд нь зүүв.
73|18209110|18542550|Тэгээд тэр өөрийн хоёр дахь сүйх тэргэндээ түүнийг суулгасан ба түүний өмнө —Сөгдөцгөө! хэмээн хашхирч байлаа.
74|18636968|18858394|Ийнхүү Египетийн бүх газар нутгийг Фараон Иосефт захируулжээ.
76|19019403|19394694|Би бол Фараон. Чамгүйгээр гараа эсвэл хөлөө өргөх хүн Египет даяар байхгүй болно гэж хэлэв.
79|19423800|19859817|Тэгээд Фараон, Иосефт Зафенат-панеа гэдэг нэр хайрлаж, Оны тахилч Потиферагийн охин Асенатыг түүнд эхнэр болгон өгөв.
80|19900080|20090284|Тэгээд Иосеф гарч Египетийн бүх газар нутгаар аялав.
81|20156037|20375919|Иосеф Египетийн хаан Фараоны өмнө зогсохдоо гучин настай байлаа.
82|20438012|20636815|Иосеф Фараоныхаас гараад, Египетийн бүх газар нутгаар аялав.
83|20670287|20865341|Өнтэй долоон жилийн туршид тэр нутагт маш арвин ургац гарчээ.
84|20900445|21409138|Иосеф Египетийн газар нутагт өнтэй байсан долоон жилийн бүх ургацыг хураан авч, хотуудад хадгалж, хотын эргэн тойрон дахь талбайн ургацыг хот тусбүрд нь нөөцлөв.
85|21448520|21785355|Иосеф далайн эргийн элс мэт арвин их тариа нөөцөлсөн нь хэмжээлшгүй их болсон учир түүнийгээ тоолохоо ч больжээ.
86|21827691|22198793|Өлсгөлөнгийн жилээс өмнө Иосефт хоёр хүү төрөв. Тэднийг Оны тахилч Потиферагийн охин Асенат Иосефт төрүүлжээ.
87|22261371|22710309|Иосеф ууган хүүдээ Манассе гэдэг нэр өгөөд, “Учир нь Бурхан, миний хамаг зовлон хийгээд эцгийн минь гэрийг бүхэлд нь надад мартуулсан юм” гэжээ.
88|22756482|22881285|Удаах хүүдээ Ефраим гэдэг нэр өгөөд, 
89|22912199|23155278|Учир нь Бурхан, зовлон зүдүүрийн маань газарт намайг үржүүлснээс тэр болой гэжээ.
90|23194130|23358314|Египетийн газар нутагт өнтэй байсан долоон жил дуусаж,
91|23378468|23582519|Иосефын хэлсэн ёсоор өлсгөлөнгийн долоон жил эхэлжээ.
92|23633939|23919443|Бүх нутаг өлсгөлөнд нэрвэгдсэн боловч харин Египетийн бүх нутаг талх тариатай байжээ.
93|23965704|24336144|Египетийн бүх нутагт өлсгөлөн болж, хүн ард нь Фараонд хандан хашхиран талх тариа нэхсэнд Фараон бүх египетчүүдэд
94|24380993|24558055|—Иосеф дээр очицгоо, түүний та нарт хэлснийг үйлд гэв.
95|24602993|24917205|Тэгээд нутаг орон даяар өлсгөлөн болж, Иосеф бүх агуулахыг нээж, египетчүүдэд худалджээ. 
96|24957027|25104233|Египет нутаг бэрх өлсгөлөнд нэрвэгджээ.
97|25142953|25388325|Улс орон бүхэн үр тариа худалдаж авахын тулд Египет уруу Иосеф дээр ирэв.
98|25444244|25640798|Учир нь дэлхий даяар бэрх өлсгөлөн болж байлаа.
