verse|start|end|sentence
1-2|391255|937389|Газар дээр хүмүүс олширч эхлэн тэдэнд охид төрөх болсон үед Бурханы хөвгүүд хүний охидын гоо үзэсгэлэнг үзээд, тэднээс сонгосон болгоноо эхнэр болгов.
3.1|978182|1273740|Тэгэхэд ЭЗЭН —Хүн өөрөө махбод тул Миний Сүнс хүнтэй мөнхөд байгаад байхгүй.
3.2|1368026|1608194|Харин тэдний өдрүүд нь нэг зуун хорин жил болог гэжээ.
4.1|1667288|2066922|Тэр үед газар дэлхий дээр Нефилим байсан бөгөөд түүний дараа ч бас Бурханы хөвгүүд хүний охидыг авч, хүүхэд төрүүлжээ.
4.2|2094000|2328083|Тэдгээр нь хүчтэй, баатарлаг, эрт цагийн алдарт хүмүүс байжээ. 
5-6|2375534|3155090|ЭЗЭН, дэлхий дээрх хүмүүсийн хорлонт муу нь үлэмж их бас зүрхнийх нь хамаг бодол санаархал ямагт муу муухай болсныг хараад, Өөрөө хүнийг газар дээр бүтээсэндээ харамсан зүрхэндээ ихэд халаглав.
7|3185960|4034091|ЭЗЭН —Би тэднийг бүтээсэндээ харамсаж байгаа учир Өөрийн бүтээсэн хүнийг газрын хөрснөөс арчин зайлуулахдаа хүнээс авахуулаад мал адгуус, мөлхөгчид, жигүүртэн шувуудыг ч хүртэл үлдээхгүй гэж хэлэв.
8|4083042|4273378|Харин Ноа, ЭЗЭНий мэлмийд тааллыг олжээ.
9.1|4525101|4657974|Ноагийн удам угсаа ийм билээ.
9.2|4711070|5065767|Ноа бол зөвт, үеийнхнийхээ дунд гэм зэмгүй агаад Бурхантай хамт явдаг хүн байв.
10|5105236|5353916|Тэрээр гурван хүү төрүүлсэн ба тэдгээр нь Шем, Хам, Иафет билээ.
11|5411511|5742525|Тэр цагт Бурханы өмнө газар дэлхий завхарч, дэлхий хүчирхийллээр дүүрэв.
12|5782215|6137264|Газар дээрх махбодтой бүхний зам завхарснаар газар дэлхий завхралд автсаныг Бурхан харлаа.
13|6209015|6938914|Бурхан, Ноад —Газар дэлхий бие махбодтой бүхнээс болж хүчирхийллээр дүүрч байгаа учир тэдний эцсийнх нь өдөр Миний өмнө болж, Би тэднийг газартай нь сүйрүүлнэ.
14|6976708|7365670|Чи говор модоор өөртөө нэгэн бүхээг хийж, бүхээг дотроо тасалгаанууд гаргаж, дотор гадаргүй давирхай түрх.
15|7458897|7888828|Чи үүнийг яаж хийх вэ гэвэл, бүхээгийн урт нь гурван зуун тохой, өргөн нь тавин тохой, өндөр нь гучин тохой байна.
16.1|7960094|8145843|Бүхээгтээ гэгээвч хийхдээ оройгоос нь нэг тохой хийнэ.
16.2|8187738|8489558|Бүхээгийн хажуу талд үүд хийж бас доод, дунд, дээд давхар гарга.
17.1|8560912|8966147|Би газар дэлхийд үер буулгаж, тэнгэрийн доорх амин амьсгаатай, бие махбодтой бүхнийг устгана.
17.2|9011746|9101754|Газар дээр байгаа бүхэн үхнэ.
18|9163053|9629146|Харин Би чамтай гэрээ байгуулж, чи өөрийн хөвгүүд, эхнэр, бэрүүдтэй хамт тэр бүхээгт орох болно.
19|9674790|10085229|Чи өөртэйгөө хамт амьд үлдээхийн тулд бие махбодтой амьтан бүхнээс эр, эмийг хосоор нь бүхээгт аваачиж оруул.
20|10148821|10600184|Амьд үлдэхийн тулд жигүүртэн шувуудын төрөл, адгуус амьтдын төрөл, газраар мөлхөгч бүхний төрөл төрлөөс хосоороо чамд очих болно.
21.1|10676124|10841852|Чи идэх бүх хоол хүнсээ өөртөө авч хадгал.
21.2|10868312|11083785|Тэр нь чиний болон тэдгээрийн хоол болно гэжээ.
22|11166561|11506660|Ноа тийнхүү үйлдэж, өөрт нь Бурханы тушаасан ёсоор бүхнийг гүйцэтгэжээ.
