verse|start|end|sentence
2|194745|326031|Иаков Лабанаас зугтсан нь
3|386404|574887|Лабаны хөвгүүд —Бидний эцгийн бүх хөрөнгийг Иаков авчээ.
5|602802|882308|Тэрээр манай аавын бүхий л хөрөнгөөр ийм баян чинээлэг болжээ гэж ярихыг Иаков сонсов.
6|941358|1234579|Иаков Лабаны царайг хараад тэрээр өөрт нь урьдынхтай адилгүй хандаж байгааг ажиглав.
7|1261833|1661555|ЭЗЭН, Иаковт —Чи эцэг өвгөдийнхөө нутаг, төрөл садан уруугаа буцаж яв. Би чамтай хамт гэлээ.
10|1706802|1974445|Иаков хэл явуулж, Рахел Леа хоёрыг сүргийнхээ бэлчээрт дуудаж ирүүлээд тэдэнд хэлэхдээ
11|2054133|2279352|—Эцэг чинь надад өчигдөр уржигдарынх шигээ ч байхаа больсныг би царайнаас нь харж байна.
12|2326716|2466027|Харин миний эцгийн Бурхан надтай хамт байсан.
13|2541174|2718324|Намайг эцэгт чинь хамаг хүчээрээ зүтгэснийг та нар мэднэ.
14|2747033|2994125|Гэвч эцэг чинь намайг мэхэлж, миний авах хөлсийг арван удаа өөрчилсөн билээ.
15|3034829|3230104|Гэсэн хэдий ч надад муу юм хийхийг Бурхан түүнд зөвшөөрөөгүй.
16|3284259|3846269|Тэрээр “Цоохор зүсмийнх нь чиний хөлс болно” гэсэн тул бүх сүрэг цоохор зүсмийн төл гаргасан. Тэрээр “Алаг зүсмийнх нь чиний хөлс болно” гэсэн тул бүх сүрэг нь алаг зүсмийн төл гаргасан.
17|3871230|4037751|Ингэж л Бурхан та нарын эцгийн малыг авч надад өгөв.
18|4088290|4491452|Ямаан сүрэг хээл авах үед би зүүдэндээ нүд өргөн харахад, хээлтүүлэгч ухна болгон алаг, цоохор, тарлан зүстэй байлаа.
19|4530966|4797683|Бурханы тэнгэрэлч зүүдэнд минь —Иаков! хэмээсэнд —Би энд байна гэж би хариулсан.
20|4830228|5125610|Чи нүдээ өргөн хар! Хээлтүүлэгч хуц болгон алаг, цоохор, тарлан зүстэй байна.
21|5151409|5450804|Учир нь Лабаны чамд хийсээр ирсэн бүх зүйлийг би харсан. Би Бетелийн Бурхан байна.
22|5474529|5958703|Чи тэнд дурсгалын багананд тос асгаж, тэнд Надад ам өчиг өгсөн билээ. Тиймээс одоо босож, энэ газрыг орхин төрсөн нутагтаа буц! гэлээ.
23|5992396|6341580|Рахел Леа хоёр түүнд —Эцгийн гэрээс бидэнд ногдох ямар нэгэн өмч эсвэл хувь бий гэж үү?
25|6369539|6484155|Тэр биднийг харийнхан гэж тооцдог биш үү?
26|6506734|6683222|Учир нь тэрээр биднийг худалдаж, бас бидний бүх мөнгийг үрсэн.
27|6713122|7096704|Эцгээс маань Бурханы авсан бүх хөрөнгө биднийх бөгөөд бидний үр хүүхдүүдийнх учир танд Бурханы хэлсэн бүхнийг хийтүгэй! гэв.
28|7137540|7758909|Иаков босож, эхнэр хүүхдээ тэмээ унуулж, өөрийн олсон бүх мал сүрэг хөрөнгөө буюу Паддан-Арамаас олсон бүх мал сүргээ туугаад Канаан нутагтаа, эцэг Исаакдаа очихоор хөдлөв.
29|7809360|8100684|Тэр үед Лабаныг хонио хяргахаар явсан хойгуур нь Рахел аавынхаа гэрийн шүтээнүүдийг хулгайлан авчээ.
30|8151223|8352054|Иаков оргон зугтахаа арам хүн Лабанд хэлэлгүй, түүнийг мэхэлжээ.
31|8373663|8706530|Тэрээр хамаг хөрөнгөө аваад Евфрат мөрнийг гатлан зугтаж, Гилеадын уулархаг нутгийг зорив.
32|8765360|8847827|Иаковыг мөшгөв
33|8915829|9485116|Иаковын зугтсаныг түүнээс хойш гурав хоногийн дараа Лабан дуулаад, ах дүү нараа дагуулан, түүний хойноос долоо хоног мөшгөн хөөж, Гилеадын уулархаг нутагт түүнийг гүйцэн иржээ.
34|9530318|9705307|Шөнө нь арам хүн Лабаны зүүдэнд Бурхан хүрч ирээд
35|9740675|9997558|—Чи болгоомжил, Иаковт сайн муу юу ч битгий хэл! гэжээ.
37|10073145|10305729|Лабан Иаковыг гүйцэн очиход Иаков ууланд майхнаа босгосон байв.
38|10336554|10530639|Лабан, ах дүү нарынхаа хамт Гилеад ууланд майхнаа босгов.
39|10564155|10653457|Лабан, Иаковт
40|10691251|11034613|—Чи надад мэдэгдэлгүйгээр охидыг минь илдээр барьж авсан олзлогдогсод шиг авч яваад яаж байгаа чинь энэ вэ?
41|11069188|11189360|Чи яагаад хэлэлгүй сэмхэн зугтаж, намайг мэхлэв?
42|11222215|11654924|Би чамайг баяр хөөр, ая дуу, бөмбөр, ятгын эгшгээр үдэх байсан. Чи миний зээ нар, охидыг минь надад үнсүүлсэнгүй.
43|11679488|11761734|Чи мунхаг зүйл хийлээ.
44|11784931|12243086|Чамайг дөнгөх чадал надад бий. Харин өнгөрсөн шөнө эцгийн чинь Бурхан надад “Болгоомжил, Иаковт сайн муу юу ч битгий хэл” гэсэн.
45|12286215|12513771|Чи эцгийнхээ гэрийг ихэд хүсэн санагалзсан учир одоо чиний явах нь зөв.
46|12538644|12715970|Харин чи юунд миний бурхдыг хулгайлсан юм бэ? гэв.
48|12753367|12816474|Иаков, Лабанд
49|12850651|13053247|—Таныг охидоо надаас булаан авч магадгүй гэж бодсон учир би айсан юм.
50|13088880|13266426|Таны бурхад хэнээс олдоно, тэр хүн амьд байх ёсгүй.
51|13293945|13621784|Ах дүүсийн маань өмнө миний зүйлсээс өөрийнхөө юмыг олж танивал та түүнийгээ аваарай гэжээ. 
52|13652830|13845371|Учир нь тэднийг Рахел хулгайлсныг Иаков мэдээгүй байв.
53|13903759|14230320|Лабан, Иаковын майхан, Леагийн майхан бас хоёр шивэгчний майханд орсон боловч юм олсонгүй.
54|14271642|14424007|Тэрээр Леагийн майхнаас гараад, Рахелын майханд оржээ.
55|14453510|14874092|Рахел тэрхүү гэрийн шүтээнүүдийг тэмээний тохшин доор хийгээд, түүн дээрээ суужээ. Лабан бүх майхныг нэгжсэн боловч олсонгүй.
56|14912018|15309006|Рахел, эцэгтээ —Эзэн минь, би бүсгүй шалтагтай тул таныг босон угтаж чадаагүйд минь бүү уурлаарай гэжээ.
58|15358089|15535415|Лабан гэрийн шүтээнүүдээ эрсэн боловч олсонгүй.
59|15571754|15703480|Иаков уурлаж, Лабантай маргалдав.
60|15733116|15928434|Иаков, Лабанд —Би ямар гэмт үйлдэл хийсэн юм бэ?
62|15952689|16126929|Намайг ямар нүгэлтэй гэж та халуун мөрөөр минь мөшгөөд байгаа юм бэ?
63|16149728|16565944|Та хамаг юмыг минь нэгжээд гэрийнхээ ямар юмыг олов? Түүнийгээ энд миний ах дүү нар болон өөрийнхөө ах дүү нарын өмнө гаргаж тавь.
64|16600210|16673151|Тэгээд бид хоёрын хэргийг шийдэг.
65|16712224|16857842|Би хорин жил тантай хамт байлаа.
66|16889859|17171172|Танай эм хонь, эм ямаа хээл хаяагүй. Бас танай сүргийн ирэгнээс би идээгүй.
67|17207334|17409798|Сэгчүүлж тасчуулсныг нь танд авчралгүй би өөрөө түүнийг нөхсөн.
68|17446224|17705929|Өдөр ч хулгайлагдсан бай, шөнө ч хулгайлагдсан бай түүнийг төлөхийг надаас та нэхэж байсан.
69|17734682|18048189|Би өдрийн халуунд халж, шөнийн хүйтэнд хөрч, нүд цавчилгүй тийнхүү өнгөрөөж байсан билээ.
70|18084307|18193807|Би танайд хорин жил суулаа.
71|18213917|18536508|Би таны хоёр охины төлөө арван дөрвөн жил, таны мал сүргийн төлөө зургаан жил танд зарагдлаа.
73|18574479|18750658|Энэ завсар та миний хөлсийг арван удаа өөрчилсөн.
74|18779058|19232715|Хэрэв миний эцгийн Бурхан, Абрахамын Бурхан, Исаакийн Эмээгч нь надтай хамт байгаагүйсэн бол өдийд та намайг гар хоосон буцаах байж дээ.
75|19260807|19622691|Харин Бурхан гарын минь зүтгэл, зовлон зүдүүрийг үзээд өчигдөр шөнө таныг зэмлэжээ хэмээв.
77|19713185|19840678|Лабан Иаков хоёрын гэрээ
79|20028147|20371201|—Энэ охид бол миний охид, энэ хүүхдүүд бол миний хүүхдүүд, энэ хонин сүрэг бол миний хонин сүрэг.
80|20429545|20537722|Чиний харж байгаа юм бүхэн минийх.
81|20563830|20750858|Өнөөдөр би охидоо, тэдний төрүүлсэн үр хүүхдүүдийг яах юм бэ?
82|20786711|21105907|Одоо нааш ир! Хоёулаа хоорондоо гэрээ байгуулъя. Тэр нь чи бид хоёрын хооронд гэрч болог гэв.
83|21164251|21308238|Иаков нэг чулуу аваад багана болгон босгожээ.
84|21330817|21643133|Тэрээр ах дүү нартаа —Чулуу цуглуул гэсэнд тэд чулуу цуглуулж овоо босгоод, овооныхоо дэргэд хооллоцгоожээ.
85|21683043|22003386|Лабан тэр овоогоо Иегар-сахадута гэж нэрлэхэд Иаков ч бас түүнийг Галеед гэж нэрлэжээ.
87|22122235|22287302|—Энэ овоо өнөөдөр чи бид хоёрын хоорондын гэрч болно гэв.
88|22315305|22464981|Тийм учраас түүнийг Галеед гэж нэрлэдэг байжээ.
89|22486810|22635074|Бас Мизпа ч гэж нэрлэдэг байжээ. Учир нь тэрээр
90|22657653|22960532|Бид хоёрын хэн хэн нь байхгүй байхад ЭЗЭН чи бид хоёрын хоорондохыг харах болтугай гэсэн ажээ.
91|23005206|23634821|Хэрэв чи миний охидтой зүй бусаар харьцаж эсвэл миний охидоос өөр эхнэр авбал бидэнтэй хамт өөр хүн байхгүй ч гэсэн, харагтун, Бурхан чи бид хоёрын хооронд гэрч болно гэв.
92|23684875|23782424|Лабан дахин Иаковт хандаж
93|23836667|24078379|—Чи бид хоёрын хооронд миний босгосон энэ овоог хар. Бас энэ баганыг хар.
94|24109117|24259895|Энэ овоо ч гэрч, энэ багана ч гэрч болно.
95|24295263|24644447|Би чамд муу юм хийх гэж энэ овоог давахгүй. Чи надад муу юм хийх гэж энэ овоо болон баганыг давахгүй.
96|24705261|24985031|Абрахамын Бурхан, Нахорын Бурхан, тэдний өвөг дээдсийн Бурхан, бидний хоорондохыг шийдэг
97|25033232|25224141|гэсэнд Иаков, эцэг Исаакийнхаа Эмээгчээр тангараглав.
98|25300434|25509071|Иаков бас уулан дээр тахил тахиад, ах дүү нараа дуудаж хооллов.
99|25529445|25660467|Тэд хоолоо идэж, уулан дээр хоноцгоожээ.
100|25724544|26071214|Лабан өглөө эртлэн босоод зээ нараа, охидоо үнсэж ерөөгөөд нутагтаа эргэн одлоо.
