verse|start|end|sentence
1|380627|821715|Бурхан, Ноаг болон түүний хөвгүүдийг ерөөн, тэдэнд —Үржтүгэй, олширтугай! Газар дэлхийг дүүргэтүгэй!
2.1|846808|1388620|Газар дэлхий дээрх араатан амьтан бүхэн, огторгуйн жигүүртэн шувуу бүхэн, газраар мөлхөгч бүхэн, далайн загас жараахай бүхэн та нараас айж эмээнэ.
2.2|1415874|1505088|Тэд та нарын гарт орох болно.
3.1|1549938|1695821|Аливаа амьд амьтан та нарын хоол хүнс болно.
3.2|1764661|2037684|Би та нарт ургамал ногоог өгсөн шигээ одоо Би энэ бүхнийг та нарт өгч байна.
4|2069701|2274325|Гагцхүү та нар махыг цус буюу амьтай нь бүү ид.
5.1|2326716|2468100|Тэгвэл та нарын амь цусыг Би заавал нэхнэ.
5.2|2504262|2660023|Амьтан бүрээс өөрөөс нь үүнийг Би нэхнэ.
5.3|2723968|2956023|Хүний гараас, ах дүү бүрийнх нь гараас ч хүний амийг Би нэхнэ.
6.1|3031654|3243863|Хүний цусыг хэн урсгана Түүний цусыг хүн урсгана.
6.2|3266134|3480283|Учир нь Бурхан Өөрийн дүр төрхөөр хүнийг бүтээжээ.
7|3510051|3918549|Та нар харин үржтүгэй, олширтугай! Газар дэлхийг дүүргэтүгэй, түүн дээр олширтугай! гэлээ.
8-9|3988800|4523645|Бурхан, Ноа болон түүнтэй хамт байсан хөвгүүдэд —Би Өөрийнхөө гэрээг та нартай болон та нараас хойших үр удамтай чинь байгуулна.
10|4549444|5196920|Бас та нартай хамт байсан бүх амьтан, жигүүртэн шувууд, мал адгуус, газрын бүх амьтан, бүхээгнээс гарч явсан бүхэнтэй буюу дэлхий дээрх бүх араатан амьтантай байгуулна.
11.1|5252883|5336452|Би та нартай гэрээ байгуулна.
11.2|5366705|5600523|Бие махбодтой бүхнийг дахин хэзээ ч үерийн усанд устгахгүй.
11.3|5649210|5845146|Газар дэлхийг сүйрүүлэх үер дахин хэзээ ч болохгүй.
12|5875839|6362836|Бурхан —Та нартай болон та нартай хамт байгаа бүх амьтантай мөн хойчийн удамтай чинь байгуулах Миний гэрээний тэмдэг гэвэл:
13|6419504|6734819|Би үүлэнд солонгоо татуулж, тэр нь дэлхийтэй Миний байгуулсан гэрээний тэмдэг болно.
14-15.1|6761676|7397642|Намайг газар дээр үүл хуралдуулж, солонго тэр үүлэн дээр харагдах үед Би Миний болон та нарын, бие махбодтой бүх амьтны хооронд байгуулсан Өөрийн гэрээг санан дурсах болно.
15.2|7438302|7622552|Ус дахин хэзээ ч махбодтой бүхнийг устгах үер болохгүй.
16|7661007|8263193|Үүлэнд солонго татахыг Би хараад, Бурхан Миний болон дэлхий дээрх махбодтой хамаг амьтны хооронд байгуулсан мөнхийн гэрээгээ санан дурсах болно гэв.
17|8288550|8818677|Бурхан, Ноад —Энэ бол Миний болон дэлхий дээрх хамаг махбодтоны хооронд Миний байгуулсан гэрээний тэмдэг болно гэв.
18|9025770|9400929|Бүхээгнээс гарч ирсэн Ноагийн хөвгүүд нь Шем, Хам, Иафет нар бөгөөд Хам нь Канааны эцэг билээ.
19|9442736|9787642|Тэд бол Ноагийн гурван хөвгүүн бөгөөд тэднээс бүх газар дэлхийгээр тархан суурьшсан хүмүүс төрөн гарчээ.
20|9835270|10008009|Ноа газар тариаланч болж эхлээд усан үзэм тариалжээ.
21|10031382|10327382|Үүний дараа тэрээр усан үзмийнхээ дарснаас ууж согтоод, майхан дотроо нүцгэн байв.
22|10383345|10631628|Эцгийнхээ нүцгэн байгааг Канааны эцэг Хам хараад гадагш гарч хоёр ахдаа хэлжээ.
23|10679167|11135382|Шем, Иафет хоёр нэг дээл авч мөрөн дээрээ нөмрөөд, ар тийшээ ухарсаар эцгийнхээ нүцгэн биед нөмөргөөд, нүцгэн байгааг нь харахгүйн тулд нүүр буруулав.
24-25|11191653|11654615|Ноагийн согтуу нь гарч, бага хүү нь түүнд юу хийснийг мэдээд Канаан хараал идэж, ах нарынхаа боолын боол болог! гэжээ.
26|11675430|12015353|Бас тэрээр Шемийн Бурхан ЭЗЭНийг би магтъя. Канаан Шемийн боол болох болтугай!
27|12060379|12479373|Бурхан Иафетыг үлэмж өсгөж, Иафетыг Шемийн майханд амьдруулж, Канаан түүний боол болох болтугай! гэжээ.
28-29|12535072|12907584|Үер болсноос хойш Ноа гурван зуун тавин жил амьдраад есөн зуун тавин насандаа үхэв.
