verse|start|end|sentence
2|233024|358797|Иосефын хөвгүүдийг Иаков ерөөв
3|394254|874150|Түүнээс хойно нэгэн хүн, Иосефт — Харагтун, эцэг тань өвчтэй байна гэж хэлсэнд тэрээр Манассе, Ефраим хоёр хүүгээ аваад очив.
5|905284|1332657|Таны хүү Иосеф тан дээр хүрч ирлээ гэж нэг нь Иаковт мэдэгдэхэд Израиль өөрийгөө хүчлэн орон дээрээ өндийж суув.
8|1458828|1742170|Төгс Хүчит Бурхан, Канаан нутгийн Лузд надад үзэгдэж, намайг ерөөсөн билээ.
10|1777494|2024057|Тэрээр надад “Харагтун, Би чамайг үржүүлж, олшруулах болно.
12|2062468|2465234|Би үй олон ард түмнийг чамаас бий болгож, энэ газрыг чиний үр удамд үүрдийн өмч болгон өгнө” гэж хэлсэн.
13|2502895|2820239|Намайг Египетэд чам дээр ирэхийн өмнө Египетэд чамд төрсөн Ефраим, Манассе хоёр хүү чинь минийх,
14|2844317|2972075|Реубен, Симеон хоёр шиг минийх болно.
15|3010398|3168673|Тэдний дараа чамаас төрсөн хүүхдүүд нь чинийх болно.
16|3199410|3359405|Тэд ах нарынхаа нэрийн дор тэдний өвийг өвлөх болно.
17|3394685|3887459|Намайг Падданаас ирэх үед, Ефрат хүрэхийн өмнөхөн Канаан нутагт зам зууртаа Рахел нас барсан бөгөөд би түүнийг Ефрат хүрдэг замд оршуулсан билээ.
18|3920137|4030740|Ефрат бол одоогийн Бетлехем.
19|4065887|4336176|Иосефын хөвгүүдийг Израиль хараад —Эд нар чинь хэн бэ? гэсэнд Иосеф
20|4371809|4635792|—Эд нар бол энд Бурханаас надад хайрласан миний хөвгүүд гэж эцэгтээ хэлэв. Эцэг нь
21|4675790|4876269|— Одоо тэднийг над дээр авчир! Би тэднийг ерөөе! гэлээ.
22|4913930|5360796|Израиль өндөр настай болсон тул нүд нь муудаж, харж чадахгүй болжээ. Иосеф хоёр хүүгээ эцэгтээ авчрахад тэр хөвгүүдийг нь тэврэн үнсэв.
23|5382405|5580546|Тэгээд Иосефт —Би чиний царайг харна гэж хэзээ ч бодоогүй.
24|5602728|5881043|Гэтэл харагтун, Бурхан чиний үр удмыг ч бас надад харууллаа гэв.
26|5911693|6127254|Иосеф эцгийнхээ өвдгөөс хоёр хүүгээ авч, газарт сөгдөн мөргөв.
27|6165180|6669419|Иосеф хоёр хүүгээ аваад, Ефраимыг өөрийнхөө баруун гараар Израилийн зүүн гар талд, Манассег өөрийнхөө зүүн гараар Израилийн баруун гар талд гарган эцэгтээ авчрав.
28|6696188|6927933|Израиль баруун гараа сунган бага хүү Ефраимын толгой дээр тавьж,
29|6949366|7200427|Манассе нь хэдийгээр том хүү нь боловч түүний толгой дээр зүүн гараа зөрүүлэн тавьжээ.
30|7222565|7602619|Тэрээр Иосефыг ерөөгөөд —Миний өвөг эцэг Абрахам, Төрсөн эцэг Исаак хоёртой алхаж байсан Бурхан,
32|7636400|7859325|Бүхий л амьдралын минь турш өнөөдрийг хүртэл асран тэтгэсэн Бурхан,
33|7896457|8297326|Намайг элдэв гай зовлонгоос зольсон тэнгэрэлч Энэ хүүхдүүдийг ерөөж, Тэд миний нэрээр болон миний өвөг эцэг Абрахам
34|8319597|8709132|Бас төрсөн эцэг Исаакийн маань нэрээр дуудуулж Газар дэлхий дээр өнөр өтгөн болох болтугай! гэв.
35|8747808|9250151|Эцэг нь баруун гараа Ефраимын толгой дээр тавьсныг Иосеф хараад, сэтгэлд нь нийцээгүй тул эцгийнхээ баруун гарыг, Ефраимын толгой дээрээс авч, Манассегийн толгой дээр тавих гэв.
36|9275729|9574903|Тэгээд эцэгтээ — Энэ биш ээ, эцэг минь! Энэ нь ууган хүү, та баруун гараа түүний толгой дээр тавина уу?
38|9605773|9677127|гэсэнд эцэг нь татгалзаж
39|9713686|9831168|— Би мэдэж байна, хүү минь, би мэдэж байна.
40|9867860|10006554|Тэр бас нэгэн овог болж, агуу их болно.
41|10033852|10317591|Гэсэн ч дүү нь түүнээс ч илүү агуу их болж, үр удам нь олон үндэстэн болно гэж хэлэв.
42|10351196|10452141|Тэгээд тэр өдөртөө тэднийг ерөөгөөд
43|10488611|10584970|— Израильчууд та нарын нэрийг барьж
44|10609930|10862271|“Бурхан та нарыг Ефраим шиг Манассе шиг болгох болтугай!” хэмээн ерөөх болно
45|10899006|11062705|гээд Ефраимыг Манассегаас дээгүүр тавив.
46|11100631|11324791|Израиль, Иосефт — Харагтун, үхэх цаг минь боллоо.
49|11349267|11654307|Харин Бурхан та нартай хамт байж, та нарыг өвөг дээдсийн чинь газарт буцаах болно.
51|11690380|11865722|Би чамд ах нарт чинь өгснөөсөө илүү нэг хувийг өгнө.
52|11893417|12122913|Үүнийг би аморичуудаас илд, нумаараа булаан авсан юм гэв.
