verse|start|end|sentence
2|198979|263806|Алтан тугал
3|312316|569198|Мосег уулнаас бууж ирэлгүй саатсаныг ард түмэн хараад Аарон дээр цугларч, түүнд
4|617047|1120316|—Бос. Бидний өмнө явах бурхдыг бидэнд бүтээж өг. Учир нь биднийг Египет нутгаас гаргасан хүн болох энэ Мосед юу тохиолдсоныг бид мэдэхгүй байна гэж хэлэв. Аарон тэдэнд
5|1150524|1424165|—Эхнэр, хөвгүүд, охидынхоо чихэнд байгаа алтан ээмгүүдийг мулталж, надад авчир гэв.
7|1477570|1972769|Бүх ард түмэн чихнээсээ алтан ээмгүүдээ мултлан Ааронд авчрав. Аарон алтыг тэдний гараас авч хайлуулж цутгаад, багажаар цутгамал тугал болгов. Тэд
8|1996892|2233400|—Израильчууд аа, та нарыг Египет нутгаас гаргасан бурхан чинь энэ юм гэцгээв.
9|2269782|2415048|Аарон үүнийг үзээд, тугалын өмнө тахилын ширээ босгож
10|2437230|2617908|—Маргааш ЭЗЭНд зориулсан баяр наадам болно гэж зарлан тунхаглав.
11|2643883|2896311|Тиймээс дараа өдөр нь тэд эртлэн босож, шатаалт тахилууд өргөж, эвийн тахилуудыг авчрав.
12|2922462|3098466|Ард түмэн идэж уухаар сууж, тоглож наргихаар босоцгоов.
14|3218550|3481254|—Доошоо буу. Учир нь Египет газраас чиний гаргасан ард түмэн чинь завхарчээ.
15|3503039|3632825|Миний тэдэнд тушаасан замаас тэд хурдан эргэжээ.
16|3660961|3895617|Тэд өөрсдөдөө цутгамал тугал бүтээж, түүнд мөргөж тахил өргөөд,
17|3913963|4198496|“Израильчууд аа, та нарыг Египет нутгаас гаргасан та нарын бурхан энэ юм” гэцгээж байна гэв.
19|4312450|4507108|—Би энэ ард түмнийг харлаа. Үзэгтүн, тэд зөрүүд ард түмэн байна.
20|4525233|4789877|Одоо Би уур хилэнгээ тэдний эсрэг шатааж, тэднийг устгахын тулд Намайг орхи.
21|4817087|4991061|Харин чамайг Би агуу үндэстэн болгоно гэж айлдав.
23|5025812|5141266|Тэгэхэд Мосе, Бурхан ЭЗЭНээсээ гуйж
24|5168079|5514219|—ЭЗЭН, агуу хүч чадал, хүчирхэг мутраар Египет нутгаас гаргасан ард түмнийхээ эсрэг Таны уур хилэн яагаад шатна вэ?
25|5544031|5968141|Юунд египетчүүдээр “Тэднийг ууланд алж, газрын хөрснөөс устгахын тулд Тэр тэднийг хөнөөлт санаагаар гаргасан юм” гэж яриулах ёстой билээ?
26|5988780|6249719|Шатаж буй хилэнгээсээ эргэж, ард түмэндээ хор хөнөөл учруулах санаагаа өөрчлөөч.
27|6282794|7077785|Абрахам, Исаак, Израиль хэмээх зарц нараа санаач. Та тэдэнд Өөрөөрөө тангараглан “Би үр удмыг чинь тэнгэрийн од шиг олшруулж, амласан бүх газраа үр удамд чинь өгч, тэд үүнийг үүрд өвлөх болно” гэж тэдэнд айлдсан шүү дээ гэв.
29|7126207|7404566|Тиймээс ЭЗЭН ард түмэн дээр буулгана гэж айлдсан хөнөөлт санаагаа өөрчилжээ.
30|7436230|7547053|Тэгээд Мосе буцаж уулнаас буув.
31|7568265|7869644|Гэрчлэлийн хоёр хавтан гарт нь байсан бөгөөд тэдгээр нь хоёр талдаа ар өвөргүй бичигдсэн байлаа.
32|7898971|8244098|Уг хавтангууд нь Бурханы бүтээл бөгөөд бичээс нь хавтангууд дээр сийлсэн Бурханы бичээс байжээ.
33|8277437|8451985|Иошуа ард түмний хашхиралдах шуугианыг сонсоод, Мосед
34|8480297|8632927|—Хуаранд тулалдах чимээ гарч байна гэсэнд Харин Мосе
35|8658726|8941760|—Ялалтын уухайн дуу ч биш, Ялагдлын хашхирах дуу ч биш ээ. Харин дуулалдах чимээг би сонсож байна гэв.
36|8973776|9175401|Мосе хуаранд ойртмогцоо тугалыг мөн бүжиг цэнгэлийг харав.
37|9217870|9487629|Тэгээд Мосегийн уур дүрэлзэн гартаа буй хавтангуудыг уулын бэлд шидэж хагалан бутлав.
38|9517044|9901993|Тэр тэдний хийсэн тугалыг авч, галд шатаан нунтаглаж бутлаад, усны мандалд цацан тарааж, тэр усыг Израилийн хөвгүүдэд уулгав.
40|10021460|10396751|—Энэ ард түмэн чамд юу үйлдсэн гээд чи эдний дээр ийм их нүгэл авчрав? гэхэд Аарон —Миний эзний уур хилэн бүү дүрэлзэг.
41|10420653|10576679|Энэ ард түмэн ёрын мууд өртөмтгий гэдгийг та мэднэ.
42|10597009|11289203|Тэд надад “Бидний өмнө явах бурхдыг бидэнд зориулан бүтээж өг. Учир нь биднийг Египет нутгаас гаргасан хүн болох энэ Мосед юу тохиолдсоныг бид мэдэхгүй байна” гэж хэлсэн. Тэгээд би тэдэнд “Алттай хүмүүс нь түүнийгээ мулталж өг” гэж хэлсэн.
43|11307548|11550054|Тэд алтнуудаа надад өгсөнд би галд хаясан бөгөөд энэ тугал гарч ирсэн юм гэж хэлэв.
44|11597550|11735451|Ард түмэн задгай замбараагүй болсныг Мосе харав.
45|11754722|12121811|Учир нь Аарон тэднийг эсэргүүцэгчдийнх нь дунд шившиг болгохоор задгай замбараагүйд хүргэжээ. Мосе хуарангийн хаалган дээр зогсож
46|12169615|12497234|—ЭЗЭНий талд байгч хэн бэ? Нааш ирэгтүн! гэж хэлсэнд Левийн хөвгүүд бүгд түүн дээр цугларав. Мосе тэдэнд
47|12526649|12629931|—Израилийн Бурхан ЭЗЭН ингэж айлдаж байна.
48|12661551|13206230|“Хүн бүр илдээ ташаандаа зүүж, хуарангийн нэг хаалганаас нөгөө хаалганы хооронд нааш цааш явж, хүн бүр ах дүүгээ, хүн бүр найз нөхдөө, хүн бүр хөршөө ал!” гэж хэлэв.
49|13241862|13562602|Левийн хөвгүүд Мосегийн үгээр үйлдсэнд тэр өдөр ард түмнээс гурван мянга орчим хүн алагджээ.
51|13661121|14052773|—Өнөөдөр өөр дээрээ ерөөлийг соёрхуулахын тулд хүн бүр хүүгийнхээ эсвэл ах дүүгийнхээ үнээр өөрсдийгөө өнөөдөр ЭЗЭНд зориул гэв.
52|14084922|14187190|Дараа өдөр нь Мосе ард түмэнд
53|14220000|14542239|—Та нар их нүгэл үйлдлээ. Одоо би ЭЗЭН өөд очъё. Би нүглийн чинь эвлэрүүллийг хийж чадаж магад гэж хэлэв.
54|14579812|14921940|Тэгээд Мосе, ЭЗЭНд буцаж очин —Ээ халаг, энэ ард түмэн их нүгэл үйлдэж, өөрсдөдөө алтан бурхан бүтээжээ.
55|14940021|15345477|Та хүсвэл нүглийг нь уучлаач. Хэрэв үгүй бол Та Өөрийнхөө бичсэн номоос намайг арилгаач! гэж гуйв. ЭЗЭН, Мосед
56|15373656|15579427|—Миний эсрэг нүгэл үйлдсэн хэн ч бай түүнийг Би номоосоо арилгана.
57|15604829|15955600|Харин одоо явж, чамд Миний айлдсан газар уруу ард түмнийг удирд. Үзэгтүн, Миний тэнгэрэлч чиний өмнө явна.
58|15984353|16199517|Гэвч Би нүглийнх нь төлөө айлчлах өдөртөө тэдэн дээр айлчилна гэв.
59|16222714|16548128|Тэгээд Аароны бүтээсэн буюу тэдний бүтээсэн тугалаас болж ЭЗЭН ард түмнийг тахлаар цохив.
