verse|start|end|sentence
3|311566|464417|Левийн гэрийн нэгэн хүн явж, Левийн охиныг авав.
4|504415|780261|Тэр эмэгтэй жирэмсэлж хүү төрүүлсэн бөгөөд хүүгийнхээ сайхныг үзэхдээ түүнийг гурван сар нуужээ.
5|814791|1163710|Гэвч түүнийг цаашид нууж чадахгүй болмогцоо түүнд зориулан хулсан сагс авч, барагшин болон давирхайгаар шавав.
6|1207634|1425400|Тэр түүн дотор хөвгүүнээ хийж, Нилийн эргийн зэгсэн дунд тавьжээ. 
7|1464428|1637741|Хүүд юу тохиолдохыг мэдэхээр эгч нь зайдуу зогсож байлаа.
8|1667641|1921745|Фараоны гүнж усанд орохоор Нил уруу ирж, шивэгчингүүд нь Нилийн эргээр явцгааж байв.
9|1963155|2208219|Зэгсэн дунд мөнөөх хулсан сагс байхыг тэр хараад, шивэгчнээ илгээж түүнийг авчрууллаа.
10|2248791|2495354|Тэр нээж харсанд, харагтун, нэгэн хөвгүүн уйлж байлаа. Тэр түүнийг өрөвдөн
11|2537734|2643221|—Энэ еврейчүүдийн хөвгүүдийн нэг нь байна гэв.
12|2670519|2750340|Түүний эгч нь Фараоны охинд
13|2777109|3062921|— Би явж, еврей эмэгтэйчүүдээс танд хөвгүүнийг хөхүүлж өгөх хөхүүл эмэгтэйг дуудах уу? гэв.
14|3087793|3306750|Фараоны охин түүнд — Яв! гэхэд охин явж хөвгүүний эхийг дуудлаа.
15|3342250|3637412|Фараоны охин түүнд — Энэ хөвгүүнийг авч, надад хөхүүлж өг. Би чамд хөлсийг нь өгнө гэлээ. 
17|3677984|3805609|Тэгээд тэр эмэгтэй, хүүхдийг авч асрав.
18|3842785|4102887|Хөвгүүнийг өсөж том болоход эмэгтэй түүнийг Фараоны охинд аваачсан бөгөөд тэрээр хүү нь болов.
19|4146502|4269188|Мөнөөх нь хүүг Мосе гэж нэрлээд,
20|4301249|4487660|— Учир нь би түүнийг уснаас гаргаж авсан юм гэж хэлжээ.
21|4547856|4654887|Мосе Мидиан уруу зугтав
22|4697355|4954679|Мосе өсөж том болоод нэгэн өдөр ах дүү нар дээрээ очиж тэдний хүнд хүчир ажлыг харав.
23|4993002|5199257|Ах дүүсийнх нь нэгэн болох еврей эрийг нэг египет эр зодож байхыг тэр үзэв.
24|5240932|5505047|Тэр ийш тийш хараад, хүнгүй байхыг үзмэгцээ мөнөөх египетийг алж элсэнд нуужээ.
25|5547780|5724841|Түүнийг дараа өдөр нь очиход хоёр еврей эр зодолдож байгаа үзэгдэв.
26|5763429|5934625|Тэрээр буруутанд — Чи юунд хөршөө зодно вэ?
28|5978019|6408435|гэсэнд харин нөгөө хүн — Хэн чамайг бидний дээрх захирагч шүүгч болгосон юм бэ? Чи тэр египетийг алсныхаа адил намайг бас алах санаатай юу?
29|6448566|6671580|гэсэнд Мосе айж —Хэрэг үнэхээр илэрчээ гэж хэлэв.
31|6709285|6868751|Фараон энэ хэргийг сонсоод, Мосег алахаар хайв.
32|6907515|7072317|Харин Мосе, Фараоны нүднээс зугтаж Мидиан газар саатав.
33|7102260|7223535|Тэгээд тэр нэгэн худгийн дэргэд сууж байлаа.
34|7252686|7363068|Мидианы тахилч долоон охинтой ажээ.
35|7406771|7639575|Тэд ус татахаар ирээд, эцгийнхээ хонин сүргийг услах гэж онгоцнуудыг дүүргэв.
36|7663521|7938485|Гэтэл хоньчид ирээд тэднийг хөөхөд, Мосе босож охидод туслан тэдний хонин сүргийг усаллаа.
37|7977645|8078767|Тэд эцэг Реуелдээ ирэхэд тэр
38|8118765|8268441|— Өнөөдөр та нар юунд ийм эрт ирэв? гэж асуув.
39|8302486|8719187|Тэд — Нэг египет хүн биднийг хоньчдын гараас хамгаалсан. Түүгээр ч барахгүй, тэр бидэнд ус татаж өгч хонин сүргийг усаллаа гэжээ.
40|8754555|9009718|Тэрээр охиддоо — Тэр хүн хаана байна? Та нар яагаад түүнийг орхив?
42|9037280|9171609|Түүнийг хоол идүүлэхээр дууд! гэж хэлэв.
43|9207065|9484057|Мосе тэр хүнтэй хамт амьдрахаар шийдсэнд тэрээр Мосед охин Зиппорагаа өгчээ.
44|9513252|9717214|Тэгээд тэрээр хүү төрүүлсэнд Мосе түүнд Гершом гэдэг нэр өгөөд
45|9748437|9874342|— Би харь газар цагаач болсон юм гэж хэлэв.
46|9906712|10077246|Урт хугацаа өнгөрч, Египетийн хаан өөд болов.
47|10108205|10287074|Израилийн хөвгүүд боолчлолоос болж сүүрс алдан орилжээ.
48|10319973|10494785|Боолчлолоос болж тусламж гуйсан тэдний хашхираан Бурханд хүрлээ.
49|10524509|10618883|Бурхан тэдний ёолох дууг сонсоод, 
50|10641903|10848555|Абрахам, Исаак, Иаковтай байгуулсан гэрээгээ санав.
51|10879602|11004537|Бурхан, Израилийн хөвгүүдийг харжээ.
52|11034525|11154742|Тэгээд Бурхан тэдэнд санаа тавив.
