verse|start|end|sentence
3|415157|723063|Израилийн хөвгүүд Египет газраас гарснаас хойш гурав дахь сарын яг тэр өдөр Синаин цөлд хүрэв.
4|755388|1075466|Тэд Рефидимээс хөдөлж, Синаин цөлд хүрч, цөлд буудаллав. Израильчууд тэндээ нэгэн уулын өвөрт буудаллажээ.
5|1099633|1301876|Мосе, Бурханд өгсөж очсонд ЭЗЭН түүнийг уулнаас дуудан
6|1333716|1486743|—Чи Иаковын гэрт, Израилийн хөвгүүдэд ингэж хэл.
7|1518848|1877866|“Би египетчүүдэд хэрхэн хандаж, та нарыг бүргэдийн жигүүр дээр тээн Өөртөө яаж авчирсныг та нар өөрсдөө харсан.
8|1908383|2467086|Хэрэв та нар одоо Миний дууг дуулгавартай дагаж, Миний гэрээг сахих аваас та нар бүх ард түмний дундах Миний үнэт өмч байх болно. Учир нь бүх дэлхий Минийх.
9|2498970|2728775|Та нар Надад тахилчдын хаант улс, ариун үндэстэн болох болно.”
10|2762335|2924006|Энэ үгсийг чи Израилийн хөвгүүдэд хэл гэв.
11|2956905|3269088|Тийнхүү Мосе ирж, ард түмний ахмадуудыг дуудан өөрт нь ЭЗЭНий тушаасан энэ бүх үгийг тэдэнд хэлэв.
12|3301899|3364300|Бүх ард түмэн нийтээрээ
13|3386791|3520855|—ЭЗЭНий айлдсан бүхнийг бид биелүүлнэ гэцгээв.
14|3551284|3751410|Мосе ард түмний үгийг ЭЗЭНд дамжуулав. ЭЗЭН, Мосед
15|3788190|4258384|—Үзэгтүн, чамтай Миний ярихыг ард түмэнд сонсгож, тэднийг чамд үүрд итгүүлэхийн тулд Би чам уруу өтгөн үүлээр очно гэв.
17|4294810|4434696|Мосе ард түмний үгийг ЭЗЭНд хэлэв.
18|4474033|4659826|Хүмүүсийг ариусгав. Бас ЭЗЭН, Мосед
20|4697708|4889808|—Ард түмэн дээр очиж, тэднийг өнөөдөр, маргааш ариун байлга.
21|4910535|5337908|Хувцсыг нь угаалган тэднийг гурав дахь өдөрт бэлтгэ. Учир нь гурав дахь өдөрт ЭЗЭН бүх ард түмний нүдний өмнө Синаи уулан дээр бууж ирнэ.
22|5376716|5719858|Чи ард түмэнд зориулан уулын эргэн тойронд тиг татаад, “Уулан дээр гарах буюу хормойд нь хүрэхээс болгоомжил.
23|5755094|5898242|Ууланд хүрсэн аливаа хүн заавал алагдах ёстой.
24|5917514|6210470|Тэр хүнд гар хүрч болохгүй. Харин түүн уруу чулуу шидэж эсвэл сумаар харвах ёстой.
26|6247029|6398072|Хүн ч бай, мал ч бай амьд үлдэх ёсгүй” гэж хэл.
27|6434278|6680973|Хуцын эврэн бүрээ удаан хүнгэнэхэд тэд уулан дээр гарч ирэг гэв.
29|6717135|6912895|Тийнхүү Мосе уулнаас буун ирж, ард түмнийг ариун байлгав.
30|6937282|7102569|Тэд хувцсаа угаалаа. Мосе ард түмэнд
32|7138996|7323290|—Гурав дахь өдөрт бэлтгэцгээ. Эмэгтэй хүнд бүү ойрт гэв.
33|7360422|7946246|Гурав дахь өдрийн өглөө уулыг өтгөн үүл бүрхэн тэнгэр дуугарч, аянга цахилгаан цахилж, асар хүчтэй эвэр бүрээн дуу хүнгэнэсэнд хуаранд байсан бүх ард түмэн айн цочирдов.
34|7978924|8246700|Бурхантай уулзахаар Мосе ард түмнийг хуарангаас дагуулан гарч, тэд уулын бэлд зогслоо.
35|8279289|8534408|Бурхан галаар буун ирсэн учир Синаи уул бүхэлдээ утаанд автав.
36|8554121|8836978|Утаа нь зуухны утаа шиг хөөрч, уул бүхэлдээ асар хүчтэй доргиж байлаа.
37|8868245|9234187|Дараа нь эвэр бүрээн дуу улам улмаар чангарахад Мосе ярьж, Бурхан аянга мэт дуугаар түүнд хариулав.
38|9266027|9471445|ЭЗЭН Синаи уулан дээр, уулын орой дээр залран буулаа.
39|9502138|9867948|ЭЗЭН, Мосег уулын орой өөд дуудсанд Мосе очив. ЭЗЭН, Мосед —Бууж очоод, ард түмэнд хатуу анхааруул.
40|9900714|10030545|Тэд ЭЗЭНийг үзэх гэж дайрч, олноороо үхэх вий.
41|10052198|10226922|ЭЗЭНд ойртон ирэх тахилч нар бас өөрсдийгөө ариусгаг.
42|10251838|10410510|Эс тэгвэл ЭЗЭН тэдний эсрэг дайрна гэв.
44|10536989|10946369|—Ард түмэн Синаи ууланд гарч чадахгүй. Учир нь Та “Уулыг тойруулан тиг татаж, уулыг ариун гэж тунхагла” гэж анхааруулсан билээ гэв.
45|10978959|11190507|Тэгэхэд ЭЗЭН, түүнд —Бууж очоод, Ааронтай хамт гарч ир.
47|11208191|11528533|Харин тахилч нар ба ард түмэн ЭЗЭНд ойртохоор бүү дайраг. Эс тэгвэл Тэр тэдэн уруу дайрна гэв.
48|11561211|11721383|Тиймээс Мосе ард түмэн уруу бууж, тэдэнд хэлэв.
