verse|start|end|sentence
2|173313|249473|Нөхөн төлбөрийн хууль
3|303760|733515|Хэрэв хүн, үхэр эсвэл хонь хулгайлж нядлах эсвэл зарах аваас тэрээр үхрийг таван үхрээр, хонийг дөрвөн хониор төлнө.
4|785465|1058223|Хэрэв хулгайч үйлдэл дээрээ баригдан цохиулж үхвээс түүний төлөө цусан өшөө байхгүй.
5|1100736|1370142|Харин түүний дээр нар гарсан байсан бол түүний төлөө цус урсгасан гэмийн шийтгэл байна.
6|1424782|1518671|Хулгайч заавал нөхөн төлөх ёстой.
7|1547998|1782301|Хэрэв түүнд юу ч байхгүй бол хулгай хийснийх нь төлөө өөрийг нь худалдах ёстой.
8|1834780|2274060|Хэрэв хулгайлсан юм нь түүний эзэмшил газраас амьдаар олдвол үхэр, илжиг эсвэл хонины аль нь ч бай хулгайч хоёр нугалж төлөх ёстой.
9|2326407|3142477|Хэрэв хүн тариалангийн талбай эсвэл усан үзмийн цэцэрлэгт малаа бэлчээрлүүлж байгаад сул тавьснаас болж мал нь өөр хүний тариалангийн талбай эсвэл усан үзмийн цэцэрлэгт бэлчвэл малын эзэн хамгийн сайн тариалангийн талбай болон усан үзмийн цэцэрлэгээр нөхөн төлөх ёстой.
10|3194163|3694212|Хэрэв гал гарч, сундуу бутанд авалцаж, хураасан тариа эсвэл хадаагүй тариа эсвэл тариалангийн талбайг шатаавал тэр галыг тавигч нь заавал нөхөн төлөх ёстой
11|3748279|4285197|Хэрэв хүн мөнгө эсвэл эд зүйлсээ хадгалуулахаар хөршдөө өгөхөд тэр нь хөршийнх нь гэрээс хулгайлагдсан тохиолдолд хэрэв хулгайч баригдах аваас эзэнд нь хоёр нугалж төлөх ёстой.
12|4324842|4641436|Харин хулгайч олдоогүй бол гэрийн эзэн шүүгч дээр очиж, хөршийнхөө эд хөрөнгөнд гар хүрсэн эсэхээ шүүлгэх ёстой.
13|4681656|5283400|Үхэр, илжиг, хонь, хувцас хунар эсвэл “Энэ минийх” гэж хэн нэгнийх нь хэлэх аливаа алдагдсан юмс буюу ямарваа гэмт үйлдлийн тухайд хоёр тал заргаа шүүгчдийн өмнө авчрах ёстой.
14|5309816|6241340|Шүүгчдийн буруутгасан хүн нь хөршдөө хоёр нугалж төлнө. Хэрэв хүн илжиг, үхэр, хонь ба бусад малаа хадгалуулахаар хөршдөө өгөхөд тэр нь хэн ч хараагүй байхад үхэх, гэмтэх эсвэл алга болох аваас хөршийнхөө өмчид гар хүрээгүй гэдгээ тэр хоёр хоёулаа ЭЗЭНий өмнө тангараглах ёстой.
15|6270314|6487242|Малын эзэн тэр тангаргийг хүлээн авах бөгөөд нөгөө хүн нөхөн төлөх ёсгүй. 
16|6523757|6755546|Хэрэв уг мал түүнээс хулгайлагдсан бол тэрээр эзэнд нь нөхөн төлөх ёстой. 
17|6809084|7164309|Хэрэв уг мал нь сэгчүүлж тасчуулсан бол нотолгоо болгон авчрах ёстой. Тасчуулсан малын төлөө тэрээр нөхөн төлбөр өгөхгүй.
18|7194077|7633489|Хэрэв хүн хөршөөсөө ямар нэгэн юм зээлж аваад тэр нь эзнийх нь үгүйд гэмтэх эсвэл үхвэл зээлсэн хүн бүрэн нөхөн төлөх ёстой.
19|7662198|8010323|Хэрэв эзэн нь хамт байсан бол төлөхгүй. Хэрэв хөлсөлж авсан байвал тэрхүү хөлс түүний үнэ нь болно.
20|8064434|8134112|Нийгэм шашны хууль
21|8189855|8572069|Хэрэв хүн сүй тавиагүй онгон бүсгүйг уруу татаж, түүнтэй унтвал бүсгүйн төлөө инж өгч, түүнийг эхнэрээ болгон авах ёстой.
22|8601660|8887384|Хэрэв бүсгүйн эцэг охиноо түүнд өгөхөөс эрс татгалзвал тэр онгон бүсгүйн инжтэй тэнцэх мөнгийг өгөх ёстой.
23|8924649|9021184|Удганыг бүү амьд байлга.
24|9046718|9185280|Мал амьтантай хавьтагчид заавал үхэх ёстой.
25|9225543|9373499|ЭЗЭНээс өөр бурхдад тахил өргөгчийг тонилгох ёстой. 
26|9428094|9556073|Ирмэл хүнийг бүү гадуурх, бүү дарангуйл.
27|9574859|9732958|Учир нь та нар Египетийн нутагт ирмэл хүмүүс байсан.
28|9775382|10007745|Та нар аливаа бэлэвсэн эмэгтэй эсвэл өнчин хүүхдийг бүү зовоо.
29|10041658|10694294|Хэрэв та нар тэднийг зовоогоод, тэд Над уруу хашхирвал Би тэдний уй гашууг лавтай сонсож, Миний уур хилэн дүрэлзэж, Би та нарыг илдээр хороож, эхнэрүүд чинь бэлэвсэн, хүүхдүүд чинь өнчин болно.
30|10747566|11146319|Хэрэв чи Миний ард түмэнд буюу дунд чинь буй ядуу хүнд мөнгө зээлдүүлбэл түүнтэй зээл олгогч хүн шиг харьцаж болохгүй.
31|11167178|11788900|Чи түүнээс зээлийн хүүг бүү шаард. Хэрэв чи хөршийнхөө хувцсыг барьцаанд авбал нар шингэхээс өмнө түүнд буцааж өг. Учир нь түүний цорын ганц бүтээлэг, биеийнх нь хувцас тэр билээ.
32|11827223|12173099|Тэр хүн өөр юу нөмөрч хэвтэх вэ? Тэр Над уруу хашхирахад Би сонсох болно. Учир нь Би нигүүлсэнгүй билээ.
33|12225975|12293668|Чи Бурханыг бүү хараа.
34|12317571|12715044|Мөн ард түмнийхээ удирдагчийг бүү хараа. Ургацынхаа элбэг дүүрнээс, усан үзмийнхээ шахуургаас өргөх өргөлөө чи бүү хойшлуул.
35|12752044|12877773|Чи хөвгүүдийнхээ ууганыг Надад өгөх ёстой.
36|12903351|13033137|Чи үхэр ба хоньдынхоо тухайд ч бас ингэ.
37|13057833|13268058|Долоон өдөр тэднийг эхтэй нь хамт байлгаж, найм дахь өдөрт нь Надад өг.
38|13303073|13465405|Та нар Надад зориулагдсан ариун хүмүүс байх ёстой.
39|13495922|13798052|Тиймээс хээр талд сэгчүүлж тасчуулсан амьтны махыг та нар бүү ид. Үүнийг нохдод хаяж өг.
