verse|start|end|sentence
2|187425|302878|Удаах гамшиг: Мэлхий
5|432091|703042|—Фараонд очиж, түүнд “ЭЗЭН ийнхүү айлдаж байна. «Миний ард түмнийг явуул.
7|726988|1089534|Тэд Надад үйлчилнэ. Хэрэв чи тэднийг явуулахаас татгалзвал, үзэгтүн, Би бүх нутаг дэвсгэрийг чинь мэлхийгээр цохино.
8|1110129|1731718|Нил мэлхийгээр язганаж, тэдгээр нь гарч ирээд ордонд чинь, унтлагын өрөөнд чинь, орон дээр чинь, чиний албат нар ба ард түмний чинь гэр оронд, чиний зууханд, гурилын саванд чинь ч орно.
9|1767263|2088972|Чамд, чиний ард түмэн болон бүх албат нар дээр чинь мэлхий гарч ирнэ»” гэж хэл хэмээн айлдав.
11|2210733|2607765|—“Таягтай гараа гол мөрөн, салаа, цөөрмүүдийн дээгүүр сунгаж, Египетийн нутагт мэлхий оруул” гэж Ааронд хэл хэмээв.
13|2644809|2924050|Аарон гараа Египетийн усан дээгүүр сунгасанд мэлхийнүүд гарч ирээд Египет нутгийг бүрхэв.
14|2960741|3185960|Илбэчид ч илбээрээ түүн шиг үйлдэж, Египетийн нутагт мэлхий орууллаа.
15|3226047|3346881|Мосе Аарон нарыг Фараон дуудаж
16|3382381|3777517|—Надаас бас миний ард түмнээс мэлхийг зайлуулаач гэж ЭЗЭНээс гуй! Тэгвэл би ард түмнийг явуулж ЭЗЭНд тахил өргүүлье гэж хэлэв.
19|3902409|4394917|—Таны төлөө болон таны албат нар, таны ард түмний төлөө, та нараас бас гэрүүдээс чинь мэлхийг зайлуулан зөвхөн Нилд үлдээхийн тулд хэзээ гуйхыг минь хэлж өгнө үү гэв.
20|4415733|4553589|Тэр —Маргааш гэж хэлэв. Мосе
22|4576257|5116129|—Бидний Бурхан ЭЗЭН шиг нь үгүй гэдгийг танд мэдүүлэхийн тулд таны хэлснээр болог. Танаас, ордноос чинь, албатууд ба ард түмнээс чинь мэлхий зайлж, зөвхөн Нилд л үлдэнэ гэж хариулав.
23|5153217|5408291|Мосе Аарон нар Фараоныхаас гараад, Фараонд учруулсан мэлхийн талаар Мосе, ЭЗЭНээс хашхиран гуйв.
24|5445423|5582310|ЭЗЭН, Мосегийн үгийн дагуу үйлдэв.
25|5619618|5819171|Мэлхийнүүд гэр, хашаа ба талбайнуудаас гарч үхэцгээв.
26|5855553|6004391|Хүмүүс тэднийг цуглуулж овоолсонд газар өмхийрчээ.
27|6028337|6367775|Гэвч амар амгалан болсныг Фараон үзээд зүрхээ хатууруулж, ЭЗЭНий айлдсанчлан тэднийг сонссонгүй.
28|6403937|6510615|Гурав дахь гамшиг: Дэлэнч
30|6641283|7028834|—Ааронд “Таягаа сунган газрын тоос шороог цохь! Тэгэхэд тэр нь Египетийн нутаг даяар дэлэнч болох болно” гэж хэл хэмээв.
31|7065437|7400024|Тэд тийнхүү үйлдэв. Аарон таяг барьсан гараа сунган газрын тоос шороог цохиход хүн малд дэлэнч шавав.
32|7436627|7651923|Египетийн нутаг даяар газрын бүх тоос шороо нь дэлэнч болон хувирчээ.
33|7688305|7901705|Илбэчид илбээрээ дэлэнч гаргах гэж оролдсон боловч тэд үүнийг чадсангүй.
34|7943909|8043619|Дэлэнч хүн малд шавав.
35|8080707|8274659|Илбэчид Фараонд —Энэ нь Бурханы хуруу байна гэж хэлжээ.
37|8328064|8575906|Фараоны зүрх хатуурч, ЭЗЭНий айлдсанчлан тэр тэднийг сонссонгүй.
38|8611627|8739870|Дөрөв дэх гамшиг: Бөөн ялаа
40|8869039|9289885|—Чи өглөө эрт босож, харагтун, Фараоныг усанд ирэхэд өмнө нь очоод, түүнд “ЭЗЭН ийнхүү айлдаж байна. «Миний ард түмнийг явуул.
41|9313346|9865787|Тэд Надад үйлчилнэ. Хэрвээ чи Миний ард түмнийг явуулахгүй бол, үзэгтүн, Би чамд болон чиний албатууд, ард түмэнд чинь бас танай гэрүүдэд бөөн ялаа явуулна.
42|9901243|10119230|Египетчүүдийн гэр орон мөн тэдний газар нь бөөн ялаагаар дүүрнэ.
43|10151687|10491081|Харин тэр өдөр Би ард түмнийхээ байгаа Гошен нутгийг тусгаарлаж, тэнд ямар ч бөөн ялаа байлгахгүй.
44|10527419|11002597|Ингэснээр ЭЗЭН Би энэ газар нутгийн дунд байгаа гэдгийг чамд мэдүүлэх болно. Би Өөрийн ард түмэн ба чиний ард түмний хооронд зааг тавина.
45|11032541|11261684|Энэ тэмдэг маргааш болох болно»” гэж хэл хэмээн айлдав.
47|11298067|11407788|ЭЗЭН тийнхүү үйлджээ.
48|11443685|11834323|Тоо томшгүй бөөн ялаа Фараоны ордон болон албат нарынх нь гэр, Египетийн бүх газарт ирж, бөөн ялаанаас болж газар сүйдэв.
49|11871587|11980161|Фараон, Мосе Аарон нарыг дуудан
50|12001506|12166308|—Явж, энэ газарт Бурхандаа тахил өргө гэж хэлэв.
51|12191136|12499659|Мосе —Тэгж болохгүй. Бид египетчүүдийн жигшдэг юмсыг Бурхан ЭЗЭНдээ тахих болно.
54|12529339|12792748|Хэрэв бид египетчүүдийн жигшдэг юмсыг нүдэн дээр нь өргөвөл тэд биднийг чулуугаар шидэх биш үү?
55|12823001|13140565|Бид цөл уруу гурван өдрийн аянд явж, Бурхан ЭЗЭНдээ тушаасных нь дагуу тахил өргөе гэж хэлэв.
57|13225457|13431228|—Би та нарыг явуулна. Та нар цөлд Бурхан ЭЗЭНдээ тахилгал.
58|13506286|13720524|Харин та нар битгий их хол яваарай! Миний төлөө гуйгаарай гэв.
60|13807533|14557586|—Үзэгтүн, би танайхаас гармагцаа ЭЗЭНээс гуйна. Тэгвэл маргааш бөөн ялаа Фараон ба түүний албат нар, түүний ард түмнээс зайлна. Харин Фараон, ард түмнийг ЭЗЭНд тахил өргүүлэхээр явуулалгүй дахин бүү мэхлээрэй гэж хэлэв.
62|14581885|15178293|Мосе, Фараоныхаас явж, ЭЗЭНээс гуйв. ЭЗЭН, Мосегийн хэлсэн ёсоор үйлдэж, бөөн ялааг Фараон болон түүний зарц нар, түүний ард түмнээс зайлуулж, нэгийг ч эс үлдээв.
63|15215426|15507764|Гэвч Фараон энэ удаа ч мөн зүрхээ хатууруулан ард түмнийг явуулсангүй.
