verse|start|end|sentence
3|334807|872518|Израилийн хөвгүүдийн даяар хотол түмэн Елимээс хөдөлж, Египетээс гарснаас хойш хоёр дахь сарын арван тавны өдөр Елим болон Синаи уулын хоорондох Син цөлд хүрэв.
4|914633|1156743|Тэр цөлд Израилийн хөвгүүдийн даяар хотол түмэн Мосе Аарон нарын эсрэг гонгинолдов.
5|1180116|1241018|Израилийн хөвгүүд тэдэнд
6|1282824|1622174|—Бид Египетийн нутагт махтай тогооны хажууд сууж, цадталаа талх иддэг байхдаа ЭЗЭНий мутарт алагдсан бол дээр байж.
7|1640343|1877910|Та нар чуулганыг бүхэлд нь өлсгөлөнгөөр алах гэж биднийг энэ цөлд авчирлаа гэв.
9|2010386|2181582|—Үзэгтүн, Би та нарт тэнгэрээс талхыг оруулна. 
10|2205617|2381664|Ард түмэн гарч, өдөр бүр хоногийнхоо хэрэгцээгээр цуглуулна.
11|2422280|2665359|Тийнхүү тэд Миний хууль дотор алхах нь уу, үгүй юү гэдгийг Би сорих болно.
12|2706240|2983188|Тэд өдөр бүр хураадгаасаа хоёр дахин ихийг зургаа дахь өдөрт хурааж бэлтгэг гэв.
13|3024995|3137450|Мосе Аарон нар Израилийн хөвгүүдэд
14|3170790|3375149|—ЭЗЭН та нарыг Египет газраас гаргасныг та нар энэ үдэш мэдэх болно.
15|3396846|3522708|Та нар ЭЗЭНий цог жавхланг өглөө харна.
16|3555430|3752909|Учир нь Өөрийнх нь эсрэг гаргасан та нарын гонгинооныг ЭЗЭН сонссон.
17|3786381|3967147|Бид хэн болоод та нар бидний эсрэг гонгинолдоод байгаа юм бэ? гэв.
19|4047718|4258516|—ЭЗЭН орой нь та нарт идэх мах өгч, өглөө нь та нарт цадтал талх өгнө.
20|4288328|4480648|Учир нь Өөрийнх нь эсрэг та нарын гонгинон гомдоллохыг ЭЗЭН сонссон. 
21|4499875|4745997|Бид юу юм бэ? Гонгиноон чинь бидний эсрэг биш, харин ЭЗЭНий эсрэг юм гэв.
23|4870315|5241637|—“ЭЗЭНий өмнө ойртон ир. Учир нь Тэр гомдол гонгинооныг чинь сонссон” хэмээн Израилийн хөвгүүдийн даяар хотол түмэнд хэл гэв.
24|5274580|5631658|Аарон Израилийн хөвгүүдийн даяар хотол түмэнд хэлэхэд тэд цөл уруу хартал, ЭЗЭНий цог жавхлан үүлэн дунд үзэгдэв.
27|5744157|5876677|Израилийн хөвгүүдийн гонгинооныг Би сонссон.
28|5905078|6089680|“Үдшийн бүрийгээр та нар мах идэж, өглөө талхаар цадах болно.
29|6121917|6364556|Би Бурхан ЭЗЭН чинь гэдгийг та нар мэдэх болно” гэж тэдэнд хэл гэв.
30|6397763|6558419|Орой болоход бөднө шувууд нисэж ирээд хуаранг бүрхэв.
31|6590921|6768556|Өглөө нь хуарангийн эргэн тойронд шүүдэр буусан байв.
32|6801190|7142171|Шүүдэр арилахад, үзэгтүн, цөлийн гадаргуу дээр бөөрөнхий, хяруу шиг жижигхэн юм газарт байв.
33|7177539|7368889|Израилийн хөвгүүд түүнийг хараад, юу болохыг нь мэдэхгүй учир бие биенээсээ
34|7401876|7516536|—Энэ юу вэ? гэж асууцгаав. Мосе тэдэнд
35|7551684|7685395|—Энэ нь та нарт идүүлэхээр ЭЗЭНий өгсөн талх юм.
36|7704137|8127056|ЭЗЭН “Хүн бүр идэх хэмжээгээрээ үүнээс цуглуул. Майхандаа байгаа хүний тоогоор, нэг хүнд нэг омер байхаар авагтун” гэж тушаасан гэв.
37|8161278|8379176|Израилийн хөвгүүд тийнхүү үйлдэв. Харин зарим нь их, зарим нь бага хураав.
39|8404578|8728977|Тэд түүнийгээ омероор хэмжихэд, их хураасанд нь илүү гарсангүй, бага хураасанд нь дутсангүй.
40|8761964|8876051|Хүн бүр идэх хэмжээгээрээ хураажээ.
41|8908111|9173020|Мосе тэдэнд —Нэг ч хүн үүнээс өглөө хүртэл үлдээж болохгүй гэж хэллээ.
43|9204066|9302586|Гэвч тэд Мосег сонссонгүй.
44|9321637|9581077|Зарим нь үүнээс хэсгийг өглөө хүртэл хадгалсанд тэр нь өтөөр дүүрч өмхийрчээ.
45|9611815|9702220|Мосе тэдэнд уурлав.
46|9738558|9946446|Тэд өглөө бүр, хүн бүхэн идэх хэмжээгээрээ түүнийг хураадаг байв.
47|9981417|10151423|Харин нар дээшлэн халуу шатахад тэр нь хайлдаг байлаа.
48|10184277|10418272|Зургаа дахь өдөр тэд хоёр дахин их хоол буюу хүн бүр хоёр омерийг хураав.
49|10451788|10724767|Хотол түмний бүх удирдагч ирж Мосед мэдүүлэхэд тэр тэдэнд —ЭЗЭН ингэж айлдсан.
51|10755725|10917925|“Маргааш амрах өдөр, ЭЗЭНий ариун Амралтын өдөр.
52|10951264|11198092|Та нар жигнэхээ жигнэж, чанахаа чана! Үлдсэн бүхнийг өглөө хүртэл хадгал” гэж хэлэв.
53|11251541|11516538|Тэд Мосегийн зааварласан ёсоор үүнийг өглөө болтол хадгалсанд тэр нь өмхийрч өтсөнгүй.
55|11596844|11655189|—Өнөөдөр үүнийг ид.
56|11679311|12015706|Учир нь өнөөдөр ЭЗЭНий Амралтын өдөр. Өнөөдөр та нар үүнийг газраас олохгүй. Зургаан өдөр та нар үүнийг хураа.
57|12035948|12228885|Харин долоо дахь өдөр нь Амралтын өдөр тул юу ч байхгүй гэв.
58|12261652|12476022|Ард түмнээс зарим нь долоо дахь өдөр хурааж авахаар гарсан боловч тэд юу ч олсонгүй. 
60|12597032|12825867|—Хэдий болтол та нар Миний тушаал, Миний хуулиудыг сахихаас татгалзах юм бэ?
61|12852592|12987405|Хар. ЭЗЭН та нарт Амралтын өдрийг өгсөн.
62|13019687|13208479|Тиймээс зургаа дахь өдөрт Тэр та нарт хоёр өдрийн талхыг өгдөг.
63|13244023|13480929|Хүн бүр байрандаа байж, хэн ч долоо дахь өдөр байрнаасаа бүү гар гэв.
65|13515547|13645642|Тиймээс ард түмэн долоо дахь өдөр амрав.
66|13666766|13819176|Израилийн гэрийнхэн үүнийг манна гэж нэрлэжээ.
67|13849957|14094624|Тэр нь цоорын үр мэт цагаан бөгөөд амт нь зөгийн балтай өрмөнцөр мэт байв.
69|14195525|14440059|—ЭЗЭН ингэж тушаасан. “Үүнээс нэг бүтэн омерийг авч, үе уламжлан хадгал.
71|14472429|14782584|Ингэснээр Би та нарыг Египет нутгаас гаргаж, цөлд та нарыг тэжээж байсан талхыг тэд харах юм” гэв.
72|14820378|15217851|Мосе, Ааронд —Ваар авч, дотор нь нэг омер манна хий. Үүнийг ЭЗЭНий өмнө тавьж, үе уламжлан хадгал гэв.
73|15250706|15500223|ЭЗЭНээс Мосед тушаасан ёсоор Аарон үүнийг Гэрчлэлийн өмнө тавьж хадгалав.
74|15533784|15768131|Израилийн хөвгүүд хүн оршин суудаг газар очих хүртэл дөчин жил манна иджээ.
75|15800412|16103952|Канаан нутгийн хязгаарт очих хүртэл тэд маннаг идсэн билээ. Нэг омер нь ефагийн аравны нэг юм.
