verse|start|end|sentence
2|191658|270906|Тахилчийн өмсгөл
3|353946|798651|Надад Израилийн хөвгүүдийн дундаас Аарон ахыгаа мөн түүний хөвгүүд Надаб, Абиху, Елеазар, Итамар нарыг тахилчийн албанд өөртөө авагтун.
4|833886|1032777|Ах Аароныхаа алдар, сүр жавхланд зориулан ариун хувцас хий.
5|1060119|1521053|Надад тахилчийн албанд үйлчлүүлэхийн тулд Аароныг ариусгахаар түүнд хувцас хийхийг мэргэн ухааны сүнсээр Миний дүүргэсэн ур авьяаст хүн бүхэнд хэлэгтүн.
6|1568372|1878615|Тэдний хийх хувцас нь цээживч, ефод, нөмрөг, нэхмэл дотуур дээл, толгойн ороолт, бүс болно.
7|1915836|2201163|Аарон нь Надад тахилчийн албанд үйлчлэхийн тулд тэд ахад чинь болон хөвгүүдэд нь ариун хувцас хийг.
8|2221713|2447064|Тэд алт ба хөх ягаан, час улаан даавуу, нарийн нэхсэн маалингыг аваг.
10|2551934|2882728|Тэгээд алт, хөх ягаан, час улаан даавуу, нарийн нэхсэн маалингаар уран хүний урлал болох ефод хийг.
11|2933046|3136965|Холбогдсон байхын тулд хоёр үзүүртэй нь холбоотой хоёр мөрөвч байх ёстой.
12|3171539|3618272|Ефодын дээрх уран гоёмсог бүс нь алт, хөх, ягаан, час улаан даавуу, нарийн нэхсэн маалингаар ефодтой ижил хийгдсэн байх ёстой.
13|3667400|3908450|Чи хоёр судалт гартаам чулууг авч, дээр нь Израилийн хөвгүүдийн нэрсийг сийлэгтүн.
14|3933499|4233335|Тэдний төрсөн дарааллаар нэг чулуун дээр зургаан нэр, нөгөө чулуун дээр үлдсэн зургаан нэр байна.
15|4277700|4634292|Үнэт чулуу засагчийн урлалаар чи Израилийн хөвгүүдийн нэрсийг хоёр чулуунд тамган сийлээсээр сийлэн, алтан сууринд суулгагтун.
16|4685228|5247106|Чи хоёр чулууг Израилийн хөвгүүдийн төлөөх дурсгалын чулуу болгон ефодын мөрөвч дээр тогтоох бөгөөд Аарон тэдний нэрсийг ЭЗЭНий өмнө хоёр мөрөн дээрээ дурсгал болгон тээнэ.
17|5270523|5337246|Чи алтан суурь хий.
18|5366176|5627160|Мөн шижир алтан хоёр гинжийг сүлжмэл олс шиг урлан хийж, суурин дээр тогтоо.
19|5664865|5741467|Шүүхийн цээживч
20|5779790|6067983|Чи уран хүний урлал болох шүүхийн цээживчийг хий. Үүнийг чи ефодыг урласны адилаар хий.
21|6093164|6675593|Чи алт, хөх, ягаан, час улаан өнгийн даавуугаар болон нарийн нэхсэн маалингаар үүнийг үйлдэгтүн. Тэр нь дөрвөлжин, давхарласан бөгөөд урт нь нэг сөөм, өргөн нь нэг сөөм байна.
22|6730409|7529281|Түүний дээр чи дөрвөн эгнээ чулуу шигтгэ. Бадмаараг, молор, маргадтай эгнээ нь эхний эгнээ, хоёр дахь эгнээ нь оюу, индранил, очир алмаас, гурав дахь эгнээ нь нал, гартаам, ягаан болор, дөрөв дэх эгнээ нь биндэръяа, судалт гартаам, хаш байна.
23|7549126|7680235|Эдгээрийг алтан хүрээнд нь суулгах ёстой.
24|7719925|8226281|Чулуунууд нь Израилийн хөвгүүдийн нэрсийн дагуу, арван хоёр нэрс бүхий байх бөгөөд тусбүр дээр нь арван хоёр овгийн нэрсийг нэг нэгээр нь тамган сийлээсээр сийлсэн байх ёстой.
25|8276246|8479018|Чи цээживчин дээр шижир алтаар сүлжмэл олс шиг урласан гинжүүд хий.
26|8504817|8770343|Цээживчин дээр хоёр алтан гархи хийж, хоёр алтан гархиа цээживчний хоёр үзүүрт холбогтун.
27|8811885|9011746|Хоёр алтан оосрыг цээживчний үзүүрүүдэд байх хоёр гархинд холбо.
28|9049099|9316433|Хоёр оосрын хоёр үзүүрийг хоёр алтан сууринд холбож, ефодын урд талд мөрөвчтэй нь холбо.
29|9345892|9626500|Чи хоёр алтан гархи хийж, цээживчний хоёр үзүүрт, ефод уруу харсан дотоод ирмэгт нь хад.
30|9654063|10088183|Чи мөн хоёр алтан гархи хийж, ефодын урд доод талд, мөрөвчнийх нь залгаасны ойролцоо, ефодын уран гоёмсог бүсний дээд талд хад.
31|10135988|10347403|Тэд цээживчний гархинуудыг ефодын гархинуудтай хөх оосроор холбог.
32|10367954|10646710|Ингэснээр цээживч нь ефодын уран гоёмсог бүсний дээр байж, ефодоос салахгүй юм.
33|10687061|11108878|Аарон ариун газарт орохдоо ЭЗЭНий өмнө байнга дурсгал болгон Израилийн хөвгүүдийн нэрсийг шүүхийн цээживчинд зүрхэн тушаа авч явна.
34|11164797|11496296|Шүүхийн цээживчин дотор Урим ба Туммимийг хий. Аароныг ЭЗЭНий өмнө ороход тэдгээр нь түүний зүрхэн тушаа байна.
35|11515788|11776993|Израилийн хөвгүүдийн шүүлтийг Аарон ЭЗЭНий өмнө байнга зүрхнээ тээж явах болно.
36|11818359|11908984|Тахилчийн бусад өмсгөл
37|11953834|12499704|Чи ефодын нөмрөгийг бүхэлд нь хөх өнгөөр үйлд. Оройн хэсгийнх нь голд амсар гарга. Амсар нь урагдахгүйн тулд хөө хуягны амсар шиг амсрыг тойруулан нэхмэл урлалаар захал.
38|12532911|12878699|Хормойг нь тойруулан хөх, ягаан, час улаан даавуугаар анаруудыг мөн завсар нь алтан хонхнуудыг тойруулан хий.
39|12907584|13126850|Нөмрөгийн хормойг тойруулан алтан хонх ба анар гэж байхаар хийгтүн.
40|13176947|13606746|Аароныг үйлчлэх үед үүнийг өмсгөсөн байх бөгөөд тэр үхэхгүйн тулд ЭЗЭНий өмнө ариун газарт орж гарахад хонхны жингэнэх нь сонсогдоно.
41|13653756|13988299|Чи бас шижир алтаар пайз хий. Пайзан дээр тамган сийлээсээр “ЭЗЭНд ариун” гэж сийлэгтүн.
42|14005939|14289546|Үүнийгээ хөх уяагаар толгойн ороолтонд бэхлэх бөгөөд энэ нь толгойн ороолтны урд талд байх ёстой.
43|14311684|14978256|Энэ нь Аароны духан дээр байж, Израилийн хөвгүүдийн ариун хандив болгож зориулсан ариун юмсын гэм согогийг Аарон өөртөө тохон, тэд Эзэний өмнө хүлээн авагдахын тулд энэ нь ямагт түүний духан дээр байг.
44|15029765|15247134|Чи нарийн маалингаар дотуур дээл нэхэж, нарийн маалингаар толгойн ороолт хий.
45|15265214|15421373|Чи нэхмэлчний урлал болох бүсийг хий.
46|15442100|15741627|Аароны хөвгүүдийн алдар, сүр жавхланд зориулан тэдэнд дотуур дээл, бүс болон толгойн боолтууд хийгтүн.
47|15780214|16260640|Тэгээд чи ах Аарондаа бас хөвгүүдэд нь тэдгээрийг өмсгөн Надад тахилчийн албанд үйлчлүүлэхийн тулд тэднийг тослон тэдэнд сахил хүртээн ариусгагтун.
48|16293009|16435143|Нүцгэн биеийг нь халхлах маалинган дотуур өмдийг тэдэнд хий.
49|16455606|16586010|Тэр нь бэлхүүснээс гуя хүрэх ёстой.
50|16618864|17122266|Аарон болон хөвгүүд нь уулзалтын майханд орохдоо эсвэл ариун газарт үйлчлэхээр тахилын ширээнд ойртохдоо хилэнцээ тээж үхэхгүйн тулд тэдгээрийг өмсөх ёстой.
51|17144977|17418397|Энэ нь түүнд болон түүний дараах үр удамд нь үүрд мөнхийн зарлиг болой.
