verse|start|end|sentence
2|190644|256926|Цус ба гэрээ
3|305613|1120492|Дараа нь Тэр, Мосед —Чи Аарон, Надаб, Абиху болон Израилийн ахмадуудаас далан хүний хамт ЭЗЭН өөд ирж, алсаас мөргө. Зөвхөн Мосе л ЭЗЭНд ойрт. Харин бусад нь ойртох ёсгүй. Ард түмэн ч түүнтэй хамт ирэх ёсгүй гэв.
5|1165518|1496665|Мосе ирж, ЭЗЭНий бүх үг, бүх шийдвэрийг ард түмэнд дамжуулав. Ард түмэн бүгдээрээ нэгэн дуугаар
6|1525066|1843027|—ЭЗЭНий айлдсан бүх үгийг бид даган биелүүлнэ гэж хариулцгаав. Мосе, ЭЗЭНий бүх үгийг бичиж тэмдэглэжээ.
7|1868031|2254788|Тэгээд тэр өглөө эрт босож уулын бэлд тахилын ширээ бас Израилийн арван хоёр овогт зориулан арван хоёр чулууг босголоо.
8|2292803|2618702|Израилийн хөвгүүдээс залуусыг тэр илгээж тэд шатаалт тахил бас залуу бухнуудаар эвийн тахил ЭЗЭНд өргөв.
9|2669681|2915495|Мосе цусны хагасыг нь авч савнуудад хийн хагасыг нь тахилын ширээн дээгүүр сүрчив.
10|2933884|3160602|Тэгээд Мосе гэрээний номыг авч ард түмэнд уншиж сонсгов. Тэд
11|3182652|3822543|—ЭЗЭНий айлдсан бүгдийг бид даган биелүүлж, дуулгавартай байх болно гэцгээв. Тиймээс Мосе цусыг авч ард түмний дээгүүр сүрчин —Үзэгтүн, энэ бүх үгийн дагуу ЭЗЭНий та нартай байгуулсан гэрээний цус юм гэв.
12|3865276|3973189|Уулан дээр Бурхантай цуг
13|4000619|4378380|Дараа нь Мосе, Аарон, Надаб, Абиху нар Израилийн ахмадуудаас далан хүнтэй хамт дээшээ гарч, Израилийн Бурханыг үзэв.
14|4426758|4646287|Хөлийнх нь доор тэнгэр мэт цэлмэг, индранилаар зассан мэт юм байлаа.
15|4678965|5069250|Гэсэн ч Тэр Израилийн хөвгүүдийн хүндэт хүмүүсийн эсрэг мутраа сунгаагүй бөгөөд тэд Бурханыг үзэцгээж бас идэж ууцгаав.
17|5222763|5678404|—Чи ууланд Над уруу ирээд, байж бай. Би чамд чулуун хавтангуудыг, Өөрийн бичсэн хуулийг ч, тушаалуудыг ч тэдэнд заахын тулд өгье гэв.
19|5706363|5985340|Ингээд Мосе, үйлчлэгч Иошуатайгаа хамт босож, Бурханы ууланд гарлаа. Харин ахмадуудад тэр
20|6009683|6437232|—Биднийг буцаж иртэл та нар энд хүлээж бай. Үзэгтүн, Аарон Хур нар та нартай хамт байгаа тул хэн нэгэнд ямар нэг хэрэг гарвал тэдэнд ханд гэв.
21|6462766|6634404|Тэгээд Мосе, ууланд гарсан бөгөөд уулыг үүл бүрхэв.
22|6665229|6963875|ЭЗЭНий цог жавхлан Синаи ууланд тогтон байж, үүл зургаан өдрийн турш уулыг бүрхлээ.
23|6986939|7170660|Долоо дахь өдөр нь Тэр, үүлэн дундаас Мосег дуудав.
24|7213040|7550096|Израилийн хөвгүүдийн нүдэнд ЭЗЭНий цог жавхлангийн төрх нь уулын орой дээрх дүрэлзэн буй гал мэт байлаа.
25|7570999|7709297|Мосе, үүлэн дунд орж уул өөд гарав.
26|7740873|7960755|Мосе, уулан дээр дөчин өдөр, дөчин шөнө байлаа.
