verse|start|end|sentence
3|339570|917632|ЭЗЭН, Израилийг Египетээс хэрхэн гаргасан ба Бурхан, Мосед болон ард түмэн нь болсон Израильдаа юу хийснийг бүгдийг нь Мосегийн хадам эцэг, Мидианы тахилч Иетро сонсжээ.
4|947268|1234270|Мосегийн хадам эцэг Иетро, Мосегийн илгээсэн түүний эхнэр Зиппораг болон хоёр хүүг нь хүлээн авав.
5|1266507|1529079|Тэдний нэгнийх нь нэрийг Гершом гэдэг аж. Учир нь Мосе —Би харь газар цагаач болсон гэжээ.
6|1548395|1696041|Нөгөөгийнх нь нэрийг Елиезер гэдэг аж. Учир нь Мосе
7|1726250|1950542|—Миний эцгийн Бурхан миний тусламж байсан бөгөөд намайг Фараоны илднээс аварсан гэжээ.
8|1980134|2192387|Мосегийн хадам эцэг Иетро, эхнэр хөвгүүдийнх нь хамт цөлд түүн дээр хүрч ирэв.
9|2223742|2399040|Тэнд Бурханы ууланд Мосе буудалласан байв. Тэр, Мосед
10|2432070|2694951|—Чиний хадам эцэг Иетро би эхнэр, хоёр хүүтэй чинь хамт чам уруу ирж байна гэж мэдэгдэв.
11|2726967|2899575|Тэгэхэд Мосе хадам эцгээ тосохоор гарч, мэхийн түүнийг үнсэв.
12|2919464|3074078|Тэд амар мэндээ асуулцсаны дараа майханд орцгоов.
13|3109050|3635559|Фараонд болон египетчүүдэд Израилийн төлөө ЭЗЭНий үйлдсэн бүхнийг мөн аян замд тохиолдсон бүх хүнд бэрхшээлийг, ЭЗЭН тэднийг хэрхэн аварсныг Мосе хадам эцэгтээ ярив.
14|3669208|3965560|Израилийг египетчүүдийн гараас аврах үед тэдэнд хандсан ЭЗЭНий бүх сайн сайханд Иетро баярлав.
15|3992769|4046616|Тиймээс Иетро
16|4077133|4446029|—Та нарыг египетчүүдийн гар, Фараоны гараас аварч, ард түмнийг египетчүүдийн гар дороос аварсан ЭЗЭН магтагдах болтугай.
17|4476282|4803019|Үргэлж давлиун загнадаг тэднийг ялсан учир ЭЗЭН бол хамаг бурхдаас илүү аугаа юм гэдгийг би одоо мэдлээ гэв.
18|4834683|5115247|Тэгээд Мосегийн хадам эцэг Иетро, Бурханд зориулан шатаалт тахил, нядлах тахилуудыг авлаа.
19|5144750|5438985|Бурханы өмнө Мосегийн хадам эцэгтэй хамт талх идэхээр Аарон Израилийн хамаг ахмадуудтай цуг ирэв.
20|5461432|5814717|Дараа өдөр нь Мосе ард олныг шүүхээр сууж, ард түмэн өглөөнөөс орой хүртэл Мосегийн өмнө зогсов.
21|5897272|6071952|Ард түмнийхээ төлөө хийж байгаа энэ бүхнийг Мосегийн хадам эцэг хараад
22|6102293|6242266|—Ард түмнийхээ төлөө хийж байгаа энэ бүхэн чинь юу вэ?
23|6271990|6589951|Бүх ард олон өглөөнөөс орой хүртэл чиний өмнө зогсож байхад, яагаад чи ганцаараа суучихаад үзээд байна вэ? гэж асуув.
24|6620380|6791135|гэж асуув. Мосе хадам эцэгтээ
26|6819006|7371403|—Учир нь ард түмэн Бурханаас асуухаар над дээр ирдэг. Тэд маргаантай бол над дээр ирж, би уг хүн болон хөршийнх нь хоорондохыг шүүн Бурханы зарлиг, хуулиудыг мэдүүлдэг гэв.
27|7404125|7474288|Мосегийн хадам эцэг түүнд
28|7506613|7964415|—Чиний ингэж хийж байгаа чинь сайн биш юм. Чи ч, чамтай хамт байгаа энэ ард түмэн ч зайлшгүй зүдэрнэ. Учир нь энэ үүрэг чиний хувьд дэндүү хүнд билээ.
29|7985760|8083750|Чи үүнийг ганцаараа хийж чадахгүй.
30|8113562|8364006|Одоо намайг сонс. Би чамд зөвлөгөө өгье. Бурхан чамтай хамт байг.
31|8385526|8596589|Чи ард түмний төлөө Бурханы өмнө байж, хэрэг заргуудыг Бурханд авчир.
32|8628165|8926281|Тэгээд тэдэнд зарлиг болон хуулийг таниулж, явах ёстой замыг нь болон хийх ёстой ажлыг нь тэдэнд мэдүүл.
33|8956180|9650138|Түүгээр барахгүй чи бүх ард түмний дотроос Бурханаас эмээдэг чадварлаг хүмүүсийг болон буруугаар олсон олзыг үзэн яддаг шударга хүмүүсийг сонгож аваад, тэднийг ард түмний дээр мянгат, зуут, тавьт болон аравтын даргаар тавь.
34|9681184|9774147|Тэд ард түмнийг эгнэгт шүүг.
35|9798402|10191951|Аливаа том хэргийг тэд чамд авчирч, харин аливаа жижиг хэргийг өөрсдөө шүүг. Тэгвэл тэд ачаанаас чинь үүрэлцэж, чамд хялбар болно.
36|10228598|10740025|Хэрэв чи ийнхүү хийвэл мөн Бурхан чамд тушаавал чи зогсох чадвартай байх болно. Бас энэ ард түмэн бүгдээрээ нутагтаа амар амгалан явах болно гэж хэлэв.
38|10770851|10955674|Тийнхүү Мосе хадам эцгийнхээ үгийг сонсоод, хэлсэн бүхнийг нь хийв.
39|10986368|11400070|Мосе чадварлаг хүмүүсийг бүх Израилиас сонгож, мянгат, зуут, тавьт, аравтын даргаар тавьж, тэднийг ард түмний тэргүүн нар болгов.
40|11430190|11783211|Тэд бүхий л цагт ард түмнийг шүүв. Ярвигтай хэргийг тэд Мосед авчирч, харин аливаа жижиг хэргийг өөрсдөө шүүв.
41|11813772|12058174|Дараа нь Мосе хадам эцгээ үдэж явууллаа. Хадам эцэг нь нутагтаа буцав.
