verse|start|end|sentence
2|178516|262262|Асрын төлөөх хандив
3|292206|542606|Тэгээд ЭЗЭН, Мосед айлдан —Надад хандив авчир гэж Израилийн хөвгүүдэд хэл.
5|588602|740086|Өгөх хүслээр зүрх нь хөтлөгдсөн хүн бүрээс Надад хандив ав.
6|768751|1791165|Чиний тэднээс авах хандив нь алт, мөнгө, хүрэл, хөх, ягаан, час улаан даавуу, нарийн нэхсэн маалинга, ямааны хялгас, улаанаар будсан хуцын арьс, далайн гахайн арьс, хуайс мод, гэрэлтүүлгийн тос, тослох тос ба анхилуун утлагад зориулсан үнэртэн, судалт гартаам чулуунууд, ефод болон цээживчинд суулгах чулуунууд болой.
7|1833898|2356042|Би тэдний дунд оршихын тулд Надад тэд ариун газрыг бариг. Асрын загвар болон бүх хэрэгслийнх нь загвар болгон Миний чамд үзүүлж байгаа бүхний дагуу чи түүнийг барь.
8|2398951|2467439|Гэрээний авдар
9|2505673|2869278|Тэд хуайс модоор авдар хийх бөгөөд урт нь хоёр тохой хагас, өргөн нь нэг тохой хагас, өндөр нь нэг тохой хагас байг.
10|2911393|3175376|Чи авдрыг шижир алтаар бүр. Дотор гадаргүй бүрээд түүнийг тойруулан алтан эмжээр хий.
11|3215948|3469655|Чи түүнд зориулж дөрвөн алтан гархи цутган авдрын дөрвөн хөл дээр байрлуул.
12|3496953|3649760|Нэг талд нь хоёр гархи, нөгөө талд нь хоёр гархи байна.
13|3695932|3836876|Чи хуайс модоор дамнуургууд хийж, алтаар бүр.
14|3874052|4089040|Авдрыг зөөхийн тулд авдрын хажуу талын гархинуудад дамнуургуудыг шургуул.
15|4122071|4323828|Дамнуургууд нь авдрын гархинд байх ёстой бөгөөд тэдгээрийг салгаж болохгүй.
16|4358976|4489732|Миний чамд өгөх гэрчлэлийг чи авдар дотор хий.
17|4526335|4824804|Чи эвлэрүүлгийн тагийг шижир алтаар хий. Уртыг нь хоёр тохой хагас, өргөнийг нь нэг тохой хагасаар хий.
18|4860481|5473251|Эвлэрүүлгийн тагны хоёр үзүүрт чи хоёр херубыг алтаар давтаж хий. Нэг херубыг нэг үзүүрт, нөгөө херубыг нөгөө үзүүрт хийж, херубуудыг эвлэрүүлгийн тагны хоёр үзүүртэй нэгэн цул болго.
19|5511926|5745568|Херубууд далавчаа дээгүүр дэлгэж эвлэрүүлгийн тагийг далавчаараа бүрхсэн байна.
20|5773527|6017400|Тэд өөд өөдөөсөө харсан байх агаад херубуудын нүүр нь эвлэрүүлгийн таг уруу харсан байна.
21|6055194|6288351|Эвлэрүүлгийн тагийг чи авдран дээр тавьж, Миний чамд өгөх гэрчлэлийг авдар дотор хий.
22|6318383|6403937|Тэнд Би чамтай уулзана.
23|6426693|6873955|Гэрчлэлийн авдран дээр буй хоёр херубын хоорондоос, эвлэрүүлгийн таган дээрээс Израилийн хөвгүүдийн төлөө чамд тушаах бүх зүйлээ Би чамд айлдана.
25|7010444|7277646|Чи хуайс модоор хоёр тохой урттай, нэг тохой өргөнтэй, нэг тохой хагас өндөртэй ширээ хий.
26|7314558|7738623|Чи түүнийг шижир алтаар бүрж, тойруулан алтан эмжээр хий. Ширээг тойруулаад алганы энгээр хөвөө хийж, хөвөөг нь тойруулан алтаар эмж.
27|7775756|8044148|Түүнд зориулж чи дөрвөн алтан гархи хийж, тэднийг дөрвөн хөлийнх нь дөрвөн өнцөгт байрлуул.
28|8081192|8305794|Гархинууд нь ширээг зөөх дамнуургуудын тогтоогч болж, хөвөөнд ойр байх ёстой.
29|8341206|8527131|Чи ширээг зөөх дамнуургуудыг хуайс модоор хийж, алтаар бүр.
30|8552489|8800728|Чи утлагад зориулан таваг, хундага, ундаан өргөлд зориулан хул аяга, ваар сав хий.
31|8821102|9114896|Эдгээрийг шижир алтаар хий. Чи ширээн дээр тавиг талхыг байнга Миний өмнө байлгахаар тавь.
32|9157188|9241992|Дэнлүүний алтан суурь
33|9277846|9786627|Дараа нь чи давтсан шижир алтаар дэнлүүний суурь хий. Дэнлүүний суурь ба ишийг давтаж хийх бөгөөд үүний хундага, болцуу ба цэцгүүд үүнтэйгээ нэгэн цул байна.
34|9827861|10152966|Дэнлүүний суурийн хажуугаас нь зургаан салаа гарах бөгөөд нэг хажуугаас нь гурван салаа, нөгөө хажуугаас нь гурван салаа гарна.
35|10194552|10497608|Нэг салаанд гүйлсийн цэцгийн хэлбэртэй гурван хундага байх ба тусбүрдээ болцуу ба дэлбээтэй байна.
36|10524817|10836648|Нөгөө салаанд ч гүйлсийн цэцгийн хэлбэртэй гурван хундага байх ба тусбүрдээ болцуу ба дэлбээтэй байна. 
37|10867607|11032408|Дэнлүүний суурийн зургаан салаа бүгд ийм байна.
38|11064249|11420709|Дэнлүүний сууринд мөн гүйлсийн цэцгийн хэлбэртэй дөрвөн хундага байх бөгөөд тус бүрийг болцуу ба дэлбээтэй хий.
39|11452284|11736818|Дэнлүүнээс гарсан зургаан салааны хувьд үүний эхний хос салааны доор нэг болцуу,
40|11757677|11998507|дараагийн хос салааны доор нэг болцуу, гурав дахь хос салааны доор нэг болцуу байна.
41|12027789|12419971|Болцуу ба салаанууд нь дэнлүүний суурьтайгаа нэгэн цул бөгөөд бүхэлдээ шижир алтаар давтаж хийгдсэн нэг бүтээл байна.
42|12458602|12769684|Дараа нь чи долоон дэнлүүг нь хий. Тэдгээр нь өмнөх орчноо гэрэлтүүлэхийн тулд тэд дэнлүүнүүдийг асаах ёстой.
43|12806904|12954771|Үүний хямсаа ба тавиуруудыг нь шижир алтаар хий.
44|12993491|13201776|Дэнлүүний суурийг бүх хэрэгслийнх нь хамт нэг талант шижир алтаар хий.
45|13237541|13449265|Чамд уулан дээр үзүүлсэн загварын дагуу тэднийг хийхийг анхаар.
