verse|start|end|sentence
2|207181|291280|Сүрэл өгөхөө болив
3|341334|480645|Үүний дараа Мосе Аарон нар Фараонд очиж
4|529729|891084|—Израилийн Бурхан ЭЗЭН “Миний ард түмнийг явуул. Тэд цөлд Надад баярын ёслол үйлдэг” гэж айлдаж байна гэж хэлэв.
6|925394|1227832|Харин Фараон —ЭЗЭН гэгч хэн болоод Израилийг явуул гэсэн үгийг нь би дагах ёстой юм бэ?
8|1276077|1482421|Би ЭЗЭНийг мэдэхгүй, Израилийг ч явуулахгүй гэж хэлэв. Тэд
10|1517040|1627290|—Еврейчүүдийн Бурхан бидэнтэй уулзсан.
11|1661379|1779126|Цөл уруу гурван өдрийн аянд биднийг явуулаач.
12|1814979|2092280|Бид Бурхан ЭЗЭНдээ тахил өргөе. Эс тэгвэл Тэр бидэн дээр тахал болон сэлэмтэй бууна гэцгээв.
13|2126105|2229343|Харин Египетийн хаан тэдэнд
14|2279308|2590081|—Мосе Аарон нар аа! Та нар юунд ард түмнийг ажлаас нь хөндийрүүлнэ вэ? Явж ажилаа хий гэв.
15|2654114|2699978|Фараон цааш нь
16|2739492|2896135|—Харагтун, энэ газрын ард түмэн эдүгээ маш олон.
17|2919155|3054586|Та нар тэдний ажлыг зогсоож байна гэж хэлэв.
19|3104419|3406857|Ингээд тэр өдөр Фараон ард түмний дээр буй ажлын даамлууд хийгээд харгалзагчдад тушаал буулгаж
20|3448134|3790571|Та нар ард түмэнд тоосго хийхэд нь зориулж урьдынх шигээ сүрэл өгдгөө цаашид боль. Тэд өөрсдөө явж сүрэл хурааг.
21|3824175|3988315|Харин тэдний урьд хийж байсан тоосгыг тэр тоогоор нь хийлгэ.
22|4011468|4084630|Та нар тоог нь бүү хас.
23|4126128|4327885|Тэд залхуу учир “Биднийг явуулаач. Бурхандаа тахил өргөе!” гэж хашхирч байна.
24|4353816|4630544|Ажлыг нь бүр хүнд болговол тэд түүнийгээ хийж, дэмий үгсийг анхаарахаа болино гэв.
25|4663927|4897084|Ингээд ард түмний ажлын даамлууд ба харгалзагчид гарч ирэн ард түмэнд
26|4951812|5031280|—Фараон “Би та нарт сүрэл өгөхгүй.
27|5051566|5189158|Та нар өөрсдөө явж, олдох газраас нь сүрэл түүцгээ.
28|5222277|5385624|Харин ажлаас чинь огтхон ч хасахгүй” гэж хэллээ гэв.
29|5422095|5704731|Ард түмэн сүрэлд зориулж тарианы ёзоор түүхээр Египетийн бүх нутгаар тархав.
30|5735072|5826492|Ажлын даамлууд тэднийг шавдуулж
31|5861331|6095810|—Та нарт сүрэл байсан үе шиг өдрийнхөө ногдсон ажлыг өдөрт нь гүйцэтгэ гэв.
32|6134221|6347445|Фараоны ажлын даамлуудын томилсон Израилийн хөвгүүдийн харгалзагч нар зодуулж,
33|6368260|6661922|—Та нар өчигдөр, өнөөдөр яагаад урьдын адил хэмжээгээр тоосго хийж гүйцээгээгүй вэ? гэж байцаалгав.
34|6691204|6806614|Израилийн хөвгүүдийн харгалзагчид явж Фараонд
35|6838587|6946543|—Та яагаад зарц нартаа ингэж хандана вэ?
36|6981823|7179303|Зарц нартаа сүрэл өгөхгүй атлаа бидэнд “Тоосго хий” гэж хэлж байна.
37|7206204|7440904|Хараач, таны зарц нар зодуулж байгаад ард түмэн чинь буруутай гэж хашхирав.
38|7463748|7831366|Харин тэр —Та нар залхуу, залхуу байна. Тиймээс та нар “Биднийг явуулаач. ЭЗЭНд тахил өргөе” гэцгээж байна.
40|7865984|8235675|Тиймээс одоо явж ажиллацгаа. Та нарт сүрэл өгөхгүй боловч та нар тогтоосон хэмжээгээр тоосго нийлүүлэх ёстой гэж хэлэв.
42|8286434|8699474|“Та нар өдөр бүрийн тоосгыг огтхон ч хасах ёсгүй” гэснийг Израилийн хөвгүүдийн харгалзагчид сонсоод, өөрсдөд нь гай учирсныг мэдэв.
43|8740752|9020125|Тэд Фараоныхаас гарч ирээд, тэднийг хүлээн зогсож байсан Мосе Аарон нартай тааралдав.
44|9056640|9141665|Тэд Мосе Аарон нарт
45|9177827|9657503|—Та нар Фараон ба албат нарынх нь нүдэнд биднийг жигшүүр болгож, биднийг алуулахаар тэдний гарт сэлэм өгч байгаа тул ЭЗЭН та нарыг хараад шүүх болтугай! гэж хэлэв.
47|9696222|10024238|Мосе, ЭЗЭНд эргэж —Өө Эзэн, Та яагаад энэ ард түмнийг ийм гайд учруулав?
49|10045715|10457653|Та юунд намайг явуулсан юм бэ? Би Таны нэрээр ярихаар Фараон уруу ирсэн тэр цагаас хойш энэ ард түмэнд тэрээр их гай тарив.
50|10497034|10721239|Та ард түмнээ аврах юу ч хийсэнгүй гэж хэлэв.
