verse|start|end|sentence
3|296307|468121|—Үз, Би чамайг Фараонд Бурхан мэт болгосон.
4|510237|773249|Чиний ах Аарон эш үзүүлэгч чинь болно. Чамд Миний тушаах бүхнийг чи хэл.
5|815144|1020297|Чиний ах Аарон “Израилийн хөвгүүдийг нутгаасаа явуул” гэж Фараонд хэлэх болно.
6|1060913|1353649|Гэвч Би Фараоны зүрхийг хатууруулж, тэмдэг ба гайхамшгуудаа Египетэд олон болгоно.
7|1379403|1470690|Тэгээд Фараон та нарыг сонсохгүй.
8|1511968|2011356|Тэгэхэд Би мутраа Египет дээр тавьж, үлэмж их ял шийтгэлүүдээр дамжуулан Өөрийн ард түмэн Израилийн хөвгүүдийг түг түмээр нь Египет нутгаас гаргана.
9|2035303|2464925|Би мутраа Египет дээр сунгаж, Израилийн хөвгүүдийг тэдний дундаас гаргахад египетчүүд Намайг ЭЗЭН гэдгийг мэдэх болно гэв.
10|2508584|2752854|ЭЗЭНээс тэдэнд тушаасан ёсоор Мосе Аарон нар хийв. Тэд тийнхүү хийлээ.
11|2781387|3050617|Тэд Фараонд хэлэх үед Мосе наян настай, Аарон наян гурван настай байлаа.
12|3109535|3217932|Аароны гайхамшигт таяг
13|3259695|3366549|ЭЗЭН, Мосе Аарон нартай ярин
14|3394994|3800052|Фараон та нарыг “Гайхамшиг үзүүл” гэвэл чи Ааронд “Таягаа авч могой болгохоор, Фараоны өмнө хая” гэж хэл хэмээн айлдав.
15|3847063|4093803|Мосе Аарон нар Фараон уруу очиж, ЭЗЭНий тушаасан ёсоор тийнхүү үйлдэв.
16|4136491|4370001|Аарон таягаа Фараон болон албат нарынх нь өмнө хаяхад тэр нь могой болжээ.
17|4411675|4535993|Фараон ч бас мэргэд ба илбэчдийг дуудав.
18|4560601|4719052|Египетийн илбэчид ч бас илбээрээ нэгэн адил үйлдэв.
19|4765798|5072558|Тэд бүгдээрээ таягаа хаяж, тэдгээр нь могой болов. Харин Аароны таяг тэдний таягнуудыг залгив.
20|5098224|5377906|Гэсэн ч Фараоны зүрх хатуурч, ЭЗЭНий айлдсанчлан тэр тэднийг сонссонгүй.
21|5424035|5577768|Эхний гамшиг: Усыг цус болгов
23|5620897|5922541|ЭЗЭН, Мосед —Фараоны зүрх хатуурчээ. Тэр, ард түмнийг явуулахаас татгалзаж байна. 
25|5946708|6231815|Өглөө Фараон уруу оч. Түүнийг ус уруу ирэхэд түүнтэй уулзахаар чи Нилийн эрэг дээр зогс.
26|6258716|6367334|Могой болсон таягаа чи гартаа барь.
27|6391192|6796603|Чи түүнд “Еврейчүүдийн Бурхан ЭЗЭН намайг чам уруу илгээж, «Миний ард түмнийг явуул. Тэд цөлд Надад үйлчилнэ» гэсэн.
29|6827209|7114388|Гэтэл, харагтун, чи одоо болтол сонссонгүй. Иймээс ЭЗЭН айлдаж байна.
30|7142127|7292243|«Намайг ЭЗЭН гэдгийг чи үүгээр мэдэх болно.
31|7334006|7613776|Үзэгтүн, би гартаа байгаа таягаараа Нилийн усыг цохиход тэр нь цус болон хувирна.
32|7634327|8019055|Нилд буй загас үхэж, Нил мөрөн өмхийрч, египетчүүд Нилээс ус уухаас гутах болно»” гэж хэл гэв.
34|8155016|8995385|—Чи Ааронд “Таягаа авч, гараа Египетийн усан дээгүүр, тэдний гол мөрөн, салаа, цөөрөм, бүх усан сан дээгүүр сунга. Тэдгээр нь бүгд цус болог. Египетийн бүх нутаг даяар мод, чулуун саванд цус байх болно” гэж хэл хэмээн айлдав.
35|9039353|9212666|Мосе Аарон нар ЭЗЭНий тушаасан ёсоор үйлдэв.
36|9234628|9634923|Тэр таягаа өргөж, Фараон болон албат нарынх нь нүдний өмнө Нилийн усыг цохисонд Нилийн бүх ус нь цус болон хувирав.
37|9669674|9961704|Нилийн загас үхэж Нил өмхийрсөнд египетчүүд Нилийн уснаас ууж чадахгүй боллоо.
38|10004349|10132019|Египетийн бүх газарт цус байв.
39|10153010|10570681|Гэвч Египетийн илбэчид ч илбээрээ түүн шиг үйлдсэнд Фараоны зүрх хатуурч, ЭЗЭНий айлдсанчлан тэр тэднийг сонссонгүй.
40|10615090|10700732|Фараон эргэж, ордондоо оров.
41|10743597|10874619|Тэр үүнд ч мөн зүрхээ хандуулсангүй.
42|10917087|11268608|Египетчүүд бүгд Нилийн уснаас ууж чадахгүй болсон учир уух ус олохын тулд Нилийн эргэн тойронд газар ухав.
43|11305343|11513539|ЭЗЭН Нилийг цохисноос хойш долоо хоног өнгөрөв.
