verse|start|end|sentence
2|209210|311257|Шатаалт тахилын хүрэл ширээ
3|398796|792565|Чи хуайс модоор тахилын ширээг хий. Урт нь таван тохой, өргөн нь таван тохой, дөрвөлжин бөгөөд өндөр нь гурван тохой байна.
4|816335|923233|Үүний дөрвөн буланд эврүүд хий.
5|953927|1129048|Тэдгээр нь ширээтэйгээ нэг цул байх бөгөөд үүнийг хүрлээр бүр.
6|1148011|1421784|Үнсийг нь авч хаяхад зориулсан савыг нь мөн утгуур, угаагуур, сэрээ болон бойпруудыг нь хий.
7|1443922|1534062|Бүх хэрэгслийг нь хүрлээр үйлдэгтүн.
8|1567622|1865606|Ширээнд зориулан хүрэл сараалжин торыг хийгтүн. Түүний дөрвөн өнцөгт нь дөрвөн хүрэл гархи хий.
9|1892198|2174085|Чи торыг тахилын ширээний доод амсрын доор, тахилын ширээний өндрийн дундад хүрэхээр тавь.
10|2221978|2466954|Тахилын ширээнд зориулан дамнуургууд, хуайс модон дамнуургууд хийж хүрлээр бүрэгтүн.
11|2512553|2794925|Тахилын ширээг зөөх үед дамнуургууд хоёр талд нь байхын тулд дамнуургуудыг гархинуудад шургуул.
12|2817416|2977543|Тахилын ширээг банзаар, дотор талдаа хөндий хий.
13|3023804|3202101|Уулан дээр чамд үзүүлсэн ёсоор тэд үүнийг ингэж хийг.
14|3260533|3307367|Асрын хашаа
15|3366197|3443239|Чи асрын хашааг хийгтүн.
16|3481518|3785323|Өмнө зүгт буюу тэр талынх нь хашааны хөшигнүүд нарийн нэхсэн маалингаар хийгдэх бөгөөд зуун тохой урттай байна.
17|3831672|3999825|Багананууд нь хорь байх бөгөөд хорин хүрэл углууртай байна.
18|4030166|4483206|Баганануудын дэгээ ба холбоос нь мөнгөн байх ёстой. үнчлэн умард зүгт ч зуун тохой урт хөшиг болон хорин багана хорин хүрэл углуур байна.
19|4519544|4662119|Баганануудын дэгээ, холбоос нь мөнгөн байна.
20|4681082|4934040|Баруун зүгт хашааны өргөнд арван багана, арван углууртай тавин тохой хөшиг байна.
21|4958074|5156083|Зүүн зүгт буюу урд талдаа хашааны өргөн нь тавин тохой байна.
22|5181705|5411290|Нэг талын хөшиг нь арван таван тохой бөгөөд гурван багана, гурван углууртай байна.
23|5447761|5696529|Нөгөө талд ч мөн арван таван тохой хөшиг ба гурван багана, гурван углуур байна.
24|5721842|6184716|Хашааны хаалганд хөх, ягаан, час улаан өнгөтэй даавуу болон нарийн нэхсэн маалингаар хийгдсэн, нэхмэлчдийн урлал болох хорин тохой дэлгэц байна.
25|6210823|6350841|Тэр нь дөрвөн багана, дөрвөн углууртай байна.
26|6395382|6750519|Хашааны эргэн тойрон дахь бүх багана мөнгөн холбоосуудаар тоноглогдсон байна. Тэдгээрийн дэгээ нь мөнгө, углуур нь хүрэл байна.
27|6776097|7180803|Хашааны урт нь зуун тохой, өргөн нь тавь тавин тохой, өндөр нь таван тохой, нарийн нэхсэн маалингаар хийгдсэн байх ба углуур нь хүрэл байна.
28|7215950|7515081|Асрын бүх үйлчлэлд хэрэглэгдэх бүх хэрэгсэл, бүх гадас болон хашааны бүх гадас хүрэл байна.
29|7569015|7646807|Дэнлүүний тос
30|7684204|8124146|Дэнлүүг байнга асаалттай байлгахын тулд гэрэлтүүлгэд зориулан чидун жимснээс шахсан цэвэр тосыг чамд авчрахыг чи Израилийн хөвгүүдэд тушаа.
31|8167275|8905686|Уулзалтын майханд, Гэрчлэлийн урд буй хөшигний гадна талд Аарон ба түүний хөвгүүд оройноос өглөө хүртэл ЭЗЭНий өмнө үүнийг ёсоор нь бэлтгэх ёстой. Энэ нь Израилийн хөвгүүдийн хамаг үеийнхний сахих үүрдийн зарлиг болой.
