verse|start|end|sentence
2|195318|320739|Гал дүрэлзсэн бут ба Мосе
3|369337|595217|Мосе хадам эцэг Мидианы тахилч Иетрогийнхоо хонин сүргийг хариулж байв.
4|660177|875340|Тэрээр сүргийг цөлийн араар тууж, Бурханы уул Хоребт хүрчээ.
5|924380|1156831|ЭЗЭНий тэнгэрэлч өргөст бутан дундаас галын дөлөн дунд түүнд үзэгдэв.
6|1191096|1449655|Харагтун, бутанд гал дүрэлзэж байсан боловч бут шатахгүй байгааг Мосе харлаа.
7|1484317|1789710|Тэгээд Мосе — Бут яагаад шатахгүй байгаа энэ гайхамшигт үзэгдлийг очиж харъя байз гэлээ.
9|1824549|2064541|Тэрээр харахаар эргэснийг ЭЗЭН үзсэн агаад бутан дундаас түүнийг Бурхан дуудан
10|2097792|2357630|— Мосе! Мосе! гэсэнд тэрээр — Би энд байна гэж хэлэв.
12|2378886|2513700|Тэгтэл — Наашаа бүү ойрт!
14|2542850|2874526|Чиний зогсож байгаа газар ариун газар учраас хөл дэх шаахайгаа тайл гэж Тэр айлдав.
16|2905704|3542773|Мөн — Чиний эцгийн Бурхан, Абрахамын Бурхан, Исаакийн Бурхан, Иаковын Бурхан Би байгаа юм гэж айлдсанд Мосе, Бурханыг үзэхээс айж нүүрээ нуув.ЭЗЭН
18|3580479|3932308|— Египетэд байгаа ард түмнийхээ зовлонг Би харж, ажлын даамлуудаас нь болсон тэдний хашхирааныг сонслоо.
19|3974468|4073958|Би тэдний зовлон зүдүүрийг мэднэ.
20|4101564|4796448|Тиймээс тэднийг египетчүүдийн гараас чөлөөлж, тэр газраас гаргаад канаан, хит, амори, периз, хиви, болон иебусчуудын газар болох сүү бал урссан сайхан уудам нутагт аваачихаар Би бууж ирлээ.
21|4831243|5059372|Тэгээд одоо, харагтун, Израилийн хөвгүүдийн хашхираан Миний өмнө ирэв.
22|5085744|5332439|Түүнчлэн тэднийг дарангуйлж байгаа египетчүүдийн дарангуйллыг ч Би харлаа.
23|5369130|5847307|Тиймээс одоо явагтун, Би чамайг Фараон уруу илгээж, чамаар Өөрийн ард түмэн болох Израилийн хөвгүүдийг Египетээс авчруулъя гэв.
24|5898860|5978901|Гэвч Мосе, Бурханд
25|6030807|6298582|— Фараон уруу очиж, Израилийн хөвгүүдийг Египетээс гаргах гэдэг би хэн юм бэ? гэж хэлэв.
26|6353972|6544395|Тэгэхэд Тэр — Би чамтай заавал хамт байна.
28|6573678|6878894|Чи ард түмнийг Египетээс гарган авчирч, та нар энэ ууланд Бурханд мөргөх болно.
29|6912630|7158047|Энэ нь чамд Би чамайг илгээсний тэмдэг болно гэж айлдав.
30|7210482|7293213|ЭЗЭН нэрээ мэдүүлэв
31|7323157|7826250|Тэгэхэд Мосе, Бурханд — Хараач, би Израилийн хөвгүүд дээр очиж, тэдэнд “Эцэг өвгөдийн чинь Бурхан намайг та нар уруу илгээв” гэж хэлэхэд тэд надаас
33|7848212|8041017|“Түүний нэр хэн бэ?” гэж асуувал би тэдэнд юу гэж хэлэх вэ? гэв.
34|8068403|8357832|Бурхан, Мосед — Би бол «Би байгаа» юм гэв. Тэгээд Тэр
36|8390774|8694270|— Израилийн хөвгүүдэд чи “«Би байгаа» намайг та нар уруу илгээв” гэж хэл гэв.
37|8724788|8809151|Цааш нь Бурхан, Мосед
38|8838257|9644008|— Израилийн хөвгүүдэд чи “Эцэг өвгөдийн чинь Бурхан, Абрахамын Бурхан, Исаакийн Бурхан, Иаковын Бурхан ЭЗЭН намайг та нар уруу илгээв” гэж хэл. Энэ нь мөнхөд Миний нэр бөгөөд үеийн үед Миний дурсгалт нэр юм.
39|9680479|10126330|Явж, Израилийн ахмадуудыг хамтад нь цуглуулан “Эцэг өвгөдийн чинь Бурхан, Абрахам, Исаак, Иаковын Бурхан ЭЗЭН надад үзэгдэн
40|10157332|10407159|«Би та нарыг үнэхээр анхаарч, Египетэд та нарт юу тохиолдсоныг харав.
41|10434942|11073289|Тиймээс та нарыг Египетийн зовлон зүдүүрээс гаргаж сүү бал урссан нутаг болох канаан, хит, амори, периз, хиви, иебусчуудын нутагт аваачна гэж Би амлав» хэмээсэн” гэж хэл.
42|11099352|11192271|Тэд дуу хоолойг чинь сонсоно. 
43|11222788|11396674|Чи Израилийн ахмадуудтай хамт Египетийн хаанд очоод,
44|11421855|11950659|“Еврейчүүдийн Бурхан ЭЗЭН бидэнтэй уулзсан. Тиймээс одоо бид Бурхан ЭЗЭНдээ тахил өргөхийн тулд цөл уруу гурван өдрийн аянд явахыг бидэнд зөвшөөрөөч!” гэж хэл.
45|12001682|12315586|Харин хүчит мутраар цохихоос нааш Египетийн хаан явахыг чинь зөвшөөрөхгүйг Би мэдэж байна.
46|12345662|12690921|Тийм учраас Би мутраа сунгаж, тэдний дунд үйлдэх бүхий л гайхамшгуудаараа Египетийг цохино.
47|12713941|12819825|Үүний дараа тэр та нарыг явуулна.
48|12871996|13131171|Би египетчүүдийн нүдэн дээр энэ ард түмэнд тааллыг соёрхох болно.
49|13168656|13274541|Та нар явахдаа гар хоосон явахгүй.
50|13314672|13808592|Харин эмэгтэй хүн бүр хөршөөсөө мөн амьдарч буй гэрийнхээ эмэгтэйгээс алт мөнгөн эдлэл ба хувцас нэхэж аваад, хөвгүүд охиддоо өмсгөж зүүлгэ.
51|13842857|14030106|Ингэж та нар египетчүүдийг цөлмөх болно гэв.
