verse|start|end|sentence
2|196906|268172|Эзэн боолын хууль
3|309493|416744|Чиний тэдэнд өгөх шийдвэрүүд энэ юм.
4|442719|665865|Хэрэв чи еврей боол худалдан авбал тэр зургаан жил зарцлагдах ёстой.
5|690517|838032|Харин долоо дахь жилдээ тэрээр төлөөсгүйгээр чөлөөлөгдөнө.
6|868417|1140734|Тэр ганцаараа ирвэл ганцаараа явах ёстой. Хэрэв тэр эхнэртэй бол эхнэр нь түүнтэй хамт явна.
7|1169223|1579573|Хэрэв эзэн нь түүнд эхнэр өгч, эхнэр нь түүнд хөвгүүд, охидыг төрүүлбэл эхнэр хүүхдүүд нь эзний харьяат тул тэр ганцаараа явах ёстой.
8|1621909|2433967|Гэвч хэрэв боол «Би эзэндээ болон эхнэр хүүхдүүддээ хайртай. Би чөлөөлөгдөж явахгүй» гэж үнэхээр хэлбэл эзэн нь түүний хүсэлтийг Бурханы өмнө авчран хаалга буюу хатавчны хажууд зогсоон эзэн нь түүний чихийг шөвгөөр цоолж, тэр насан турш эзэндээ үйлчлэх ёстой.
9|2473657|2746151|Хэрэв хүн охиноо шивэгчин болгон худалдвал тэр нь эрэгтэй боол шиг чөлөөлөгдөх эрхгүй.
10|2786105|3204217|Хэрвээ эзэн нь түүнийг өөртөө зориулан сонгож авсан боловч тэрээр эзнийхээ нүдэнд таалагдахгүй бол эзэн нь түүнийг чөлөөлж явуулах ёстой.
11|3245274|3468729|Эзэн нь түүнд нэгэнт шударга бус хандсан тул түүнийг харь хүмүүст худалдах эрхгүй.
12|3506567|3745809|Хэрэв түүнийг хүүдээ зориулж сонгон авбал түүнтэй охины ёсоор харьцах ёстой.
13|3796480|4141960|Тэр өөртөө өөр эхнэр авсан ч анхны эхнэр нь хоол, хувцас гэхчлэн гэр бүлийн харилцаанаас хасагдах ёсгүй.
14|4182311|4526997|Хэрэв энэ гурван зүйлийг тэр биелүүлэхгүй бол анхны эхнэр нь ямар ч өр шир, төлөөс мөнгөгүйгээр чөлөөлөгдөнө.
15|4566731|4635439|Амь биеийн хууль
16|4675085|4825069|Хүн цохиод тэр нь үхвэл цохисон нь алуулах ёстой.
17|4894085|5303201|Хэрэв тэр нөгөө хүнийг отоогүй, харин Бурхан түүний гарт цаад хүнийг унагасан бол түүний зугтаах газрыг Би та нарт тогтоож өгнө.
18|5342626|5745612|Хэрэв хүн хөршөө алахаар төлөвлөж, санаатайгаар түүний эсрэг үйлдвэл тэр хүнийг үхүүлэхийн тулд Миний тахилын ширээнээс салгаж ав.
19|5785743|5939961|Хэн эцэг эхээ цохино тэр заавал алуулах ёстой.
20|5981371|6384224|Хэн хүн хулгайлна тэр түүнийгээ зарсан ч бай эсвэл хулгайлагдсан хүн нь хулгайчийн эзэмшлээс олдсон ч бай, заавал алуулах ёстой.
21|6424620|6568077|Хэн эцэг эхээ хараана тэр заавал алуулах ёстой.
22|6595507|7142568|Хэрэв хүмүүс хэрэлдээд нэг нь нөгөөгөө чулуу эсвэл нударгаараа цохиж, нөгөө нь үхэлгүй харин хэвтэрт ороод, дахин босож, таягтай гадуур явж чадвал цохисон хүн нь шийтгэгдэхгүй явах ёстой.
23|7182258|7492854|Харин нөгөө хүний хэвтэрт алдсан хугацааны хохирлыг тэрээр нөхөн төлж, түүнийг бүрэн эдгэртэл асрамжилна.
24|7535455|7859193|Хэрэв хүн боолоо эсвэл шивэгчнээ саваагаар цохиж, тэр боол гарт нь үхвэл эзэн нь шийтгүүлэх ёстой.
25|7897339|8232367|Харин хэрвээ боол нь нэг, хоёр өдөр амьд байвал ямар ч өшөө авах ёсгүй. Учир нь тэр эзний өмч мөн. 
26|8272189|8976202|Хэрвээ хүмүүс хоорондоо зодолдож байгаад жирэмсэн эмэгтэйг цохиход хүүхэд нь зулбасан хэдий ч биед нь ямар ч гэмтэл байхгүй болбоос цохисон хүнийг мөнөөх эмэгтэйн нөхрийн шаардсанаар торгож, шүүгчдийн шийдсэнээр төлбөр төлүүлнэ.
27|9022154|9633115|Харин өөр ямар нэгэн гэмтэл учирсан бол амийг амиар, нүдийг нүдээр, шүдийг шүдээр, гарыг гараар, хөлийг хөлөөр, түлэгдэлтийг түлэгдэлтээр, шархыг шархаар, бэртэнгийг бэртэнгээр төлнө.
28|9673335|9987018|Хэрэв хүн боолоо эсвэл шивэгчнийхээ нүдийг цохиж гэмтээх аваас нүднийх нь оронд түүнийг чөлөөлөх ёстой.
29|10024856|10320678|Мөн хэрэв боол эсвэл шивэгчнийхээ шүдийг булга цохивоос шүднийх нь оронд түүнийг чөлөөлөх ёстой.
30|10358560|10405262|Өмчийн хууль
31|10446981|10709023|Хэрэв эрэгтэй юмуу эмэгтэй хүнийг үхэр мөргөж албал уг үхэр уруу чулуу чулуудаж ал.
32|10733763|10796341|Махыг нь идэж болохгүй.
33|10816848|10918498|Харин үхрийн эзэн шийтгэлгүй.
34|10957968|11583217|Гэвч үхэр урьд нь мөргөдөг байсан бөгөөд эзэнд нь сануулж байсан боловч үхрээ хашиж хориогүйгээс болж эрэгтэй эсвэл эмэгтэй хүн мөргүүлж үхвээс уг үхрийг чулуудан хороож бас эзнийг нь ч алах ёстой.
35|11622510|11888963|Хэрэв түүнд мөнгөн төлөөс ногдуулбаас тэр амиа аврахад ногдсон төлөөсийг хэд ч бай төлнө.
36|11928785|12178788|Үхэр нь эрэгтэй юмуу эмэгтэй хүүхдийг мөргөвөөс энэ шийдвэр ёсоор үйлдэнэ.
37|12204719|12502129|Хэрэв боол эсвэл шивэгчнийг үхэр мөргөвөл үхрийн эзэн боолын эзэнд гучин шекел мөнгө төлнө.
38|12527354|12608322|Харин үхрийг чулуудан алах ёстой.
39|12648276|13176947|Хэрэв хүн нүхийг онгорхой орхисон эсвэл нүх ухаад буцааж дараагүйгээс болж үхэр эсвэл илжиг нүхэнд нь унах аваас нүхний эзэн нөхөн төлбөр өгөх ёстой.
40|13219592|13397227|Тэр малын эзэнд мөнгө өгөх бөгөөд үхсэн мал түүнийх болно.
41|13435947|13888060|Хэрэв нэг хүний үхэр бусдын үхрийг мөргөж албаас тэд амьд үхрийг худалдаж, мөнгийг нь хувааж авах бөгөөд бас үхсэн үхрийг ч хувааж авах ёстой.
42|13926691|14434371|Хэрэв уг үхэр урьд нь мөргөдөг байсан нь мэдэгдсэн бөгөөд эзэн нь үхрээ хашиж хориогүй бол тэрээр үхрийг нь амьд үхрээр төлж цайруулан харин үхсэн үхрийг өөртөө авна.
