verse|start|end|sentence
3|231657|565847|Дараа нь чи нарийн нэхсэн маалинга болон хөх, ягаан, час улаан даавуугаар арван бүрээстэй асар хийгтүн.
4|589440|754198|Эдгээрийн дээр чи уран хийц болох херубуудыг хийлгэгтүн.
5|776689|1117141|Бүрээс бүрийн урт нь хорин найман тохой, өргөн нь дөрвөн тохой бөгөөд бүх бүрээс ижил хэмжээтэй байна.
6|1147129|1783492|Таван бүрээс нь хоорондоо холбогдох бөгөөд нөгөө тав нь хоорондоо холбогдох ёстой. Чи холбогдсон эхний хэсгийн бүрээсний ирмэгт хөх өнгийн гогцоо хийж, нөгөө хэсгийн бүрээсний ирмэгт чи мөн түүнчлэн хий.
7|1816170|2067099|Чи нэг бүрээсэнд тавин гогцоо, хоёр дахь хэсгийн нөгөө бүрээсний захад мөн тавин гогцоо хий.
8|2092368|2204691|Гогцоонууд нь нэг нэгнийхээ харалдаа байхаар хий. 
9|2230181|2527900|Тавин алтан дэгээ хийж, уг дэгээнүүдээр бүрээснүүдийг хооронд нь холбогтун. Ингэснээр асар нь нэг болно.
10|2554316|2793249|Дараа нь чи ямааны хялгасаар асрын дээгүүр бүтээх майхны бүрээснүүд хийгтүн.
11|2813535|3271779|Чи арван нэгэн бүрээс хий. Бүрээс бүрийн урт нь гучин тохой, бүрээс бүрийн өргөн нь дөрвөн тохой байх бөгөөд арван нэгэн бүрээс нь ижил хэмжээтэй байх ёстой.
12|3298062|3684907|Бүрээсний тавыг нь хооронд нь холбож, нөгөө зургаан бүрээсийг хооронд нь холбох ба майхны урд талд зургадугаар бүрээсийг нугалан давхарла.
13|3711191|4056582|Эхний хэсгийн бүрээсний ирмэгийн холбоосон дээр тавин гогцоо, хоёр дахь хэсгийн бүрээсний ирмэгийн холбоосон дээр тавин гогцоо хий.
14|4082822|4343100|Тавин хүрэл дэгээ хийж, дэгээнүүдийг гогцоонд оруулан майхныг хооронд нь холбож нэг болго.
15|4369604|4646155|Майхны бүрээснээс үлдэх унжсан хэсэг буюу үлдсэн хагас бүрээсийг асрын ар талд унжуулагтун.
16|4683772|5072382|Асрын бүрээсний уртаас үлдсэн нэг тал дахь нэг тохой мөн нөгөө тал дахь нэг тохой нь асрын хоёр талаар унжин түүнийг бүтээх ёстой.
17|5102678|5417111|Улаанаар будсан хуцын арьсаар асрын бүтээлгийг хийгтүн. Дээгүүр нь далайн гахайн арьсан бүтээлэг тавь.
19|5530184|6362218|Тэгээд хуайс модоор асарт зориулан дүнзнүүдийг босоогоор нь хий. Дүнз бүрийн урт нь арван тохой, дүнз бүрийн өргөн нь нэг тохой хагас байна. Дүнз бүрд хооронд нь холбох нэг нь нөгөөгийнхөө харалдаа хоёр углуурга байх агаад асрын бүх дүнзийг чи ийнхүү хийгтүн.
20|6391898|6596874|Тэгээд асарт зориулж өмнө зүгт, асрын баруун талд нь хорин дүнзийг хий.
21|6623731|7082680|Хорин дүнзэн доор дөчин мөнгөн углуур, нэг дүнзэн доорх хоёр углуургад зориулж хоёр углуурыг мөн нөгөө дүнзэн доорх хоёр углуургад зориулж хоёр углуурыг хийгтүн.
22|7109493|7782723|Асрын нөгөө тал буюу хойд зүгт нь хорин дүнзийг дөчин мөнгөн углуурын хамт, нэг дүнзэн доор хоёр углуур, нөгөө дүнзэн доор хоёр углуур байх ба асрын ар талд нь буюу баруун зүгт зориулан зургаан дүнз хийгтүн.
23|7813726|7937735|Асрын ар талын булангуудад хоёр дүнз хий.
24|7955507|8365902|Тэдгээр нь доогуураа салангид боловч дээгүүрээ эхний гархинд холбогдсон байх бөгөөд аль аль нь адилхан байх ёстой ба тэдгээр нь хоёр булан болох юм.
25|8414676|8622343|Тэнд арван зургаан мөнгөн углуур бүхий найман дүнз байх ёстой.
26|8681129|8868598|Нэг дүнзэн доор хоёр углуур, нөгөө дүнзэн доор хоёр углуур байна.
27|8908861|9126142|Дараа нь хуайс модоор асрын нэг талын дүнзнүүдэд зориулан таван хөндөл хий.
28|9150794|9503858|Асрын нөгөө талын дүнзнүүдэд зориулан таван хөндөл мөн баруун зүгт буюу асрын ар талд зориулан таван хөндөл хийгтүн.
30|9573007|9842458|Дүнзнүүдийн дундуур нэг захаас нь нөгөө зах хүртэл үргэлжлэх голын хөндөл байх ёстой.
31|9873504|10222600|Дүнзнүүдийг алтаар бүрэгтүн. Мөн хөндлүүдийг тогтоох алтан гархинуудыг нь хийж, хөндлүүдийг алтаар бүрэгтүн.
32|10255896|10451347|Чамд уулан дээр үзүүлсэн хэв маягийн дагуу чи асрыг босго.
34|10568344|10852436|Дараа нь чи хөх, ягаан, час улаан өнгийн даавуу болон нарийн нэхсэн маалингаар хөшиг хий.
35|10908708|11035363|Үүний дээр уран хийц болох херубуудыг хийлгэ. 
36|11062308|11267417|Хөшигнүүдийг алтаар бүрсэн хуайс модон дөрвөн багананаас өлгө.
37|11300007|11573692|Дэгээнүүд нь бас алтан байх бөгөөд багананууд нь дөрвөн мөнгөн углуур дээр байх ёстой.
38|11604826|11827223|Чи хөшгийг дэгээнүүдээс өлгөн, хөшигний дотор талд гэрчлэлийн авдрыг оруул.
39|11864972|12113476|Хөшиг нь ариун газар ба ариунаас ариун газрыг хооронд нь зааглах болно.
40|12158017|12384514|Ариунаас ариун газар дахь гэрчлэлийн авдар дээр чи эвлэрүүлгийн тагийг тавигтун.
41|12408813|12826088|Ширээг хөшигний гадна талд дэнлүүний суурийг ширээний эсрэг талд буюу асрын өмнө зүгт тавь. Ширээг хойд зүгт нь тавигтун.
42|12877949|13206582|Асрын үүдэнд хөх, ягаан, час улаан даавуугаар болон нарийн нэхсэн маалингаар нэхмэл дэлгэц хийгтүн.
43|13241995|13525602|Дэлгэцэнд зориулан хуайс модоор таван багана хийж алтаар бүр. Гадаснууд нь алтан байна.
44|13544433|13687493|Тэдгээрт зориулан таван хүрэл углуур цутга.
