verse|start|end|sentence
3|289869|402059|Ууган үр бүрийг Надад ариусга!
4|433194|745995|Израилийн хөвгүүдийн доторх, хэвлийг анхлан нээгч хүн мал бүр нь Минийх гэж айлдав.
6|782775|869387|Исгээгүй талхны баяр
7|907974|1209883|Мосе ард түмэнд —Египетээс, боолчлолын гэрээс гарсан энэ өдрийг дурсан сана!
9|1232859|1423944|Учир нь ЭЗЭН та нарыг хүчирхэг мутраар энэ газраас гаргасан.
10|1457813|1560919|Исгэсэн ямар ч зүйлийг идэж болохгүй.
11|1596243|2387838|Абиб сарын энэ өдөр та нар гарсан. Та нарт өгөхөөр эцэг өвгөдөд чинь тангарагласан тэр газар буюу канаан, хит, амори, хиви, иебусчуудын нутаг, сүү бал урссан газартаа ЭЗЭН та нарыг аваачих үед та нар уг сард энэ ёслолыг тэмдэглэх ёстой.
12|2423074|2728158|Долоон өдрийн турш та нар исгээгүй талх идэж, долоо дахь өдөр ЭЗЭНд зориулж баяр хийгтүн.
13|2754177|3115532|Долоон өдрийн турш исгээгүй талх идэж, өөртөө болон бүх хил хязгаарынхаа дотор та нар исгэх хөрөнгийг бүү байлга.
14|3151562|3206334|Тэр өдөр чи хүүдээ
15|3243158|3511374|“Намайг Египетээс гарахад ЭЗЭН миний төлөө хийсэн үйлсээс болж ингэсэн юм” гэж хэл.
16|3549035|3857823|Үүнийг гартаа тэмдэг, нүднийхээ хоорондох санамж болгож, ЭЗЭНий хуулийг амандаа байлга.
17|3885695|4124408|Учир нь хүчит мутраараа ЭЗЭН чамайг Египетээс гаргасан билээ.
18|4160482|4373617|Тиймээс жил бүр, товлосон цагт нь энэ зарлигийг сахь.
19|4438532|4525277|Уугануудыг зориулах нь
20|4561042|5098136|ЭЗЭН чамд болон эцэг өвгөдөд чинь тангарагласан ёсоороо чамайг канаанчуудын нутагт аваачин тэр газрыг чамд өгөх үед чи хэвлийг анхлан нээгч бүрийг ЭЗЭНд тусгаарла.
21|5134959|5328514|Мал сүргийн чинь эр хүйстэй анхны төл бүр ЭЗЭНийх юм.
22|5367014|5538166|Харин илжигний анхны төл бүрийг хургаар золигтун!
23|5574857|5673200|Хэрэв золихгүй гэвэл хүзүүг нь хугал.
24|5710773|5904681|Чиний хөвгүүд дундах ууган үр бүрийг чи золих ёстой.
25|5943136|6114729|Хожим хүү чинь чамаас “Энэ юу вэ?” гэж асуувал чи түүнд
26|6159182|6390707|“Хүчит мутраар ЭЗЭН биднийг Египетээс, боолчлолын гэрээс гаргасан.
27|6428016|6755943|Фараон биднийг явуулахгүй зөрүүдлэн татгалзсан үед Египетийн нутаг дахь аливаа хэвлийг анх нээгчдийг,
28|6776097|6996861|хүний ууганаас авахуулаад малын ууган бүрийг хүртэл ЭЗЭН үхүүлсэн.
29|7024865|7281086|Тиймээс би хэвлий бүрийн эр хүйстэй ууган болгоныг ЭЗЭНд тахил болгон өргөж,
30|7315087|7493339|харин хөвгүүдийнхээ ууган бүрийг би зольдог” гэж хэл.
31|7529634|7720454|Үүнийг гартаа тэмдэг болгон нүднийхээ хооронд сахиус болго.
32|7743122|7992684|Учир нь мутрынхаа хүчээр ЭЗЭН биднийг Египетээс гаргасан юм гэв.
33|8047632|8144123|Үүл ба галан багана
34|8182931|8541729|Фараон ард түмнийг явуулахад, филистчүүдийн газрын зам ойрхон байсан боловч Бурхан тэднийг тэр замаар удирдсангүй.
35|8579787|8925222|Учир нь Бурхан — Ард түмэн дайн үзвэл санаа урваж, Египет уруу буцах вий гэж айлджээ.
37|8960811|9188543|Харин Бурхан ард түмнийг цөлийн замаар тойруулан Улаан тэнгис уруу удирдав.
38|9214121|9396342|Израилийн хөвгүүд Египет газраас байлдааны бэлтгэлтэй гарлаа. 
39|9435503|9545489|Мосе харин Иосефын ясыг авчээ.
40|9571419|9740719|Учир нь Иосеф Израилийн хөвгүүдээр хатуу тангараглуулаад,
41|9777807|9878752|“Бурхан заавал та нарт санаа тавина.
42|9915179|10104765|Та нар миний ясыг өөрсдийн хамт эндээс авч яваарай” гэсэн юм.
43|10139868|10327602|Тэд Суккотоос хөдөлж, цөлийн захад байх Етамд буудаллав.
44|10364955|10921409|ЭЗЭН тэдний замыг заахаар өдөр нь үүлэн баганаар байж, тэднийг гэрэлтүүлэхээр шөнө нь галан баганаар байж, тэднийг өдөр ч, шөнө ч явж болохоор тэдний өмнө явж байлаа.
45|10956997|11217628|Өдөр нь үүлэн багана, шөнө нь галан багана ард түмний өмнөөс холдсонгүй.
