verse|start|end|sentence
5|434252|776777|— Харагтун, Би Иуда овгийн Хурын ач, Урийн хүү Безалелыг нэрээр нь дуудсан билээ.
8|794593|1110570|Би түүнийг мэргэн ухаан, ойлголт, мэдлэг, бүх талын ур чадварт Бурханы Сүнсээр дүүргэсэн нь
9|1119213|1533886|уран хийцтэй зүйлсийг сэдэж, алт, мөнгө, хүрлээр урлан, суулгах чулуунуудыг засаж, мод сийлэх ба бүх талын урлалыг хийлгэхийн тулд билээ.
10|1567622|1846290|Харагтун, Би Өөрөө Дан овгийн Ахисамахын хүү Охолиабын хамт түүнийг томилсон юм.
11|1869399|2181141|Миний чамд тушаасан бүхнийг хийлгэхээр Би билэг авьяаст бүх хүний зүрхэнд ур чадварыг өгсөн.
12|2211923|2877084|Уулзалтын майхан, гэрчлэлийн авдар ба түүн дээрх эвлэрүүлгийн таг, асрын бүх хэрэгсэл, ширээ болон хэрэгслүүдийг нь, шижир алтан дэнлүүний суурь болон бүх хэрэгслийг нь, утлагат тахилын ширээ, шатаалт тахилын ширээ болон бүх хэрэгслийг нь,
14|2888064|3575583|угаалгын сав ба суурийг нь мөн тахилчийн албанд үйлчлэхдээ өмсөх сүлжмэл хувцас болох тахилч Аароны ариун хувцас мөн хөвгүүдийнх нь хувцаснуудыг бас тослох тос, ариун газарт зориулсан анхилуун утлага зэргийг
16|3576862|3775048|Миний чамд тушаасан бүхний дагуу тэд үйлдэг гэв.
18|3803625|3865938|Амралтын өдрийн тухай хууль
20|3986287|4235805|— Чи Израилийн хөвгүүдэд ийн хэл. “Та нар Миний Амралтын өдрүүдийг заавал сахигтун.
22|4245992|4492731|Энэ нь та нарт үе уламжлан Миний болон та нарын хоорондох тэмдэг мөн бөгөөд
23|4493569|4664324|Би та нарыг ариусгах ЭЗЭН гэдгийг та нар мэдэх болно.
24|4696297|4845972|Амралтын өдөр та нарт ариун тул үүнийг сахигтун.
25|4866479|4964601|Үүнийг бузарлах нэгэн үхэх ёстой.
26|4976817|5197670|Энэ өдөр хэн ажил хийнэ, тэр хүн ард түмнийхээ дундаас таслагдана.
27|5220910|5335218|Зургаан өдрийн туршид ажил хийж болно.
28|5346551|5606036|Харин долоо дахь нь буюу бүтэн амрах Амралтын өдөр нь ЭЗЭНд ариун билээ.
30|5640610|5797386|Амралтын өдөр ажил хийдэг хэн боловч заавал үхэх ёстой.
31|5805985|6211661|Тиймээс Израилийн хөвгүүд Амралтын өдрийг үе уламжлан мөнхийн гэрээ болгон тэмдэглэж, Амралтын өдрийг сахиг.”
33|6224406|6476967|Энэ нь Би болон Израилийн хөвгүүдийн хоорондох мөнхөд байх тэмдэг юм.
35|6483141|6938341|Учир нь зургаан өдрийн дотор ЭЗЭН тэнгэр газрыг бүтээж, харин долоо дахь өдөрт ажилаа зогсоон сэргэсэн билээ гэв.
38|6969343|7054809|Гэрээний хоёр хавтан
39|7101819|7553051|Тэр, Мосетэй Синаи уулан дээр ярилцаж дуусаад, түүнд гэрчлэлийн хоёр хавтан болох Бурханы хуруугаар бичигдсэн чулуун хавтангуудыг өгөв.
