verse|start|end|sentence
2|186895|287046|Мосе шинэ хавтангууд хийв
4|441970|591028|—Урьдын адил хоёр чулуун хавтанг өөртөө бэлтгэ.
5|637068|852497|Чиний буталсан өмнөх хавтангууд дээр байсан үгсийг Би тэдгээр хавтан дээр бичнэ.
6|873091|1617411|Тиймээс өглөө гэхэд бэлэн болгоод, өглөө Синаи ууланд гарч ирж, уулын оройд Миний өмнө зогс. Чамтай хамт хэн ч гарч ирж болохгүй, ууланд нэг ч хүн үзэгдэж болохгүй. Хонин сүрэг, үхэр сүрэг ч уулын өмнө бэлчиж болохгүй гэв.
7|1647576|1987587|Ингээд ЭЗЭНий тушаасан ёсоор Мосе түрүүчийнх шигээ хоёр чулуун хавтанг бэлтгэж, өглөө эрт босоод Синаи ууланд гарав.
8|2006505|2116667|Тэр гартаа хоёр чулуун хавтанг барьжээ.
9|2131308|2415268|Тэгэхэд ЭЗЭН үүлэн дотор буун ирж, тэнд түүнтэй хамт зогсоод ЭЗЭНий нэрийг тунхаглав.
10|2436525|2548274|ЭЗЭН урдуур нь өнгөрч, тунхаглахдаа
11|2577115|2953597|—ЭЗЭН, ЭЗЭН Бурхан өрөвч, нигүүлсэнгүй, уурлахдаа удаан, энэрэл хайр ба үнэнээр бялхам билээ.
12|2967665|3313277|Тэрээр энэрэл хайрыг мянга түмэнд хадгалж, хилэнц, гэмт үйлдэл болон нүглийг уучилдаг.
13|3338766|3464981|Гэсэн ч Тэр шийтгэлгүй орхихгүй.
14|3503877|3838772|Эцгүүдийн хилэнцийг гурав, дөрөв дэх үеийг хүртэл хүүхэд, ач нарынх нь дээр буулгадаг гэв.
15|3877095|4051731|Мосе яаран газарт доош бөхийж, мөргөв. Тэрээр
16|4069592|4791994|—Эзэн минь, хэрэв одоо би Таны мэлмийд тааллыг олсон бол гуйж байна. Хэдийгээр ард түмэн ийм зөрүүд боловч Эзэнийг минь бидний дунд хамт явуулж, бидний хилэнц нүглийг уучилж, биднийг Өөрийнхөө эзэмшил болгон аваач гэж хэлэв.
18|4837417|4910579|Гэрээг дахин сэргээв
19|4938053|5125346|Тэгэхэд Бурхан —Харагтун, Би гэрээ байгуулж байна.
22|5173547|5529125|Бүх дэлхийд ямар ч үндэстний дунд бүтээгдээгүй гайхамшгуудыг Би бүх ард түмний чинь өмнө үйлдэнэ.
23|5572035|5796239|Чиний дунд нь амьдарч байгаа ард түмэн бүгдээрээ ЭЗЭНий үйлсийг харах болно.
24|5826447|6017356|Учир нь чамд Миний хийх гэж байгаа үйлс аймшигтай юм.
25|6060839|6218673|Энэ өдөр чамд Миний юу тушааж байгааг сахигтун.
26|6234196|6582277|Үзэгтүн, амори, канаан, хит, периз, хиви болон иебусчуудыг Би та нарын өмнөөс хөөж гаргаж байна.
27|6625760|6882598|Чи очиж буй газрынхаа оршин суугчидтай ямар ч гэрээ байгуулж болохгүй гэдгийг анхаар.
28|6901297|7047312|Эс тэгвэл энэ нь та нарын дундах урхи болно.
29|7067818|7442845|Харин чи тэдний тахилын ширээнүүдийг нурааж, тэдний чулуун баганануудыг хэмхчиж, тэдний Ашерагийн модон шонгуудыг нь хуга цавч.
30|7461014|7763143|Чи өөр ямар ч бурханд мөргөж болохгүй. Учир нь Хардагч нэртэй ЭЗЭН нь хартай Бурхан билээ.
31|7793925|8341162|Чи тэр газрын оршин суугчидтай гэрээ байгуулж болохгүй. Учир нь тэд бурхдаа даган завхайрч, бурхдадаа тахил өргөх үед хэн нэгэн нь чамайг урьж тэр тахилаас нь чи идэх вий.
32|8384733|8793319|Чи тэдний охидоос хөвгүүддээ авч, тэдгээр охид нь бурхдаа даган завхайрч, бас хөвгүүдийг чинь бурхадтайгаа завхайруулах вий.
33|8824851|8942598|Чи өөртөө ямар ч цутгамал бурхдыг бүү хий.
34|8986918|9364414|Чи Исгээгүй талхны баярыг сахь. Чамд Миний тушаасан ёсоор Абиб сарын товлосон үед чи долоон өдөр исгээгүй талх ид.
35|9382627|9535478|Учир нь Абиб сард чи Египетээс гарсан.
36|9562599|9872093|Хэвлийг анх нээгч бүхэн, мал сүргийн чинь үхэр, хонины анхны төл болох бүх эр мал Минийх.
37|9895819|10047876|Харин илжигний анхны төлийг хургаар золигтун.
38|10070411|10175942|Хэрэв золихгүй гэвэл хүзүүг нь хугал.
39|10202711|10302642|Чи хөвгүүдийнхээ ууган бүрийг золь.
40|10319311|10451920|Миний өмнө хэн ч гар хоосон үзэгдэж болохгүй.
41|10474764|10620294|Чи зургаан өдөр ажиллаж, харин долоо дахь өдөрт амар.
42|10637361|10759209|Газар хагалах, ургац хураах үед ч амар.
43|10776849|10967096|Долоо хоногуудын буюу буудайн ургацын анхны үрийн баярыг тэмдэглэ.
44|10986765|11129737|Мөн жилийн эцэст ургац хураалтын баярыг тэмдэглэ.
45|11158270|11435659|Жилд гурван удаа танай бүх эрчүүд Израилийн Бурхан, ЭЗЭН Бурханы өмнө үзэгдэх ёстой.
46|11453872|12085869|Учир нь Би үндэстнүүдийг чиний урдаас хөөж, хил хязгаарыг чинь өргөжүүлнэ. Жилд гурван удаа чи Бурхан ЭЗЭНийхээ өмнө үзэгдэхээр ирэх тэр үед ямар ч хүн газарт чинь шунахайрахгүй.
47|12114270|12299004|Чи Миний тахилын цусыг исгэх хөрөнгөтэй хамт бүү өргө.
48|12344472|12487752|Алгасал баярын тахилыг ч өглөө болтол бүү үлдээ.
49|12510420|12938675|Чи газрынхаа анхны үр жимсний дээжийг Бурхан ЭЗЭНийхээ гэрт авчир. Чи ишгийг эхийнх нь сүүнд бүү чана гэв.
50|12959049|13032564|Дараа нь Мосед ЭЗЭН
51|13055849|13138889|—Чи энэ үгсийг бичиж ав.
52|13153618|13423510|Учир нь энэ үгсийн дагуу Би чамтай болон Израильтай гэрээ байгуулсан билээ.
53|13456277|13662135|Мосе тэнд ЭЗЭНтэй хамт дөчин өдөр, дөчин шөнө байлаа.
54|13689918|13800433|Тэр талх ч идсэнгүй, ус ч уусангүй.
55|13827907|14079057|Тэрээр Арван Хууль буюу гэрээний үгсийг хавтангууд дээр бичив.
56|14101239|14197862|Мосегийн гэрэлтсэн царай
57|14225954|14520630|Мосе Синаи уулнаас бууж ирж байв. Түүнийг бууж ирж байхад гэрчлэлийн хоёр хавтан гарт нь байв.
58|14550750|14730237|Түүнтэй ярьснаас болж нүүрнийх нь арьс гэрэлтсэнийг Мосе мэдсэнгүй.
59|14754801|15118053|Тэр үед Аарон ба Израилийн хөвгүүд бүгд Мосег харахад, үзэгтүн, нүүрнийх нь арьс гэрэлтсэн байсан бөгөөд тэд түүнд ойртохоос эмээв.
60|15139044|15463753|Мосе тэднийг дуудсанд Аарон, бас хотол түмний бүх удирдагч түүн дээр эргэн ирж, Мосе тэдэнтэй ярилцав.
61|15493167|15614046|Дараа нь Израилийн хөвгүүд бүгд ойртон ирэв.
62|15628599|15846364|Синаи уулан дээр ЭЗЭНээс өөрт нь айлдсан болгоныг Мосе тэдэнд тушаав.
63|15876044|16050812|Мосе тэдэнтэй ярьж дуусаад нүүрэн дээрээ бүтээлэг тавив.
64|16075640|16348707|Харин ЭЗЭНтэй ярихаар өмнө нь очих болгондоо Мосе гарах хүртэлээ бүтээлгээ авдаг байлаа.
65|16376093|16831514|Тэр гарч ирээд юу тушаасныг Израилийн хөвгүүдэд ярих үед Израилийн хөвгүүд Мосегийн царайг хардаг байсан бөгөөд нүүрнийх нь арьс гэрэлтэж байдаг байв.
66|16862252|17077504|ЭЗЭНтэй ярилцахаар орох хүртэлээ Мосе нүүрээ дахин бүтээдэг байв.
