verse|start|end|sentence
2|209739|296263|Улаан тэнгисийг гатлав
3|355578|604434|ЭЗЭН Мосед айлдан — Эргэж, Мигдол ба тэнгисийн дунд,
5|631379|817173|Пи-хахиротын өмнө буудалла гэж чи Израилийн хөвгүүдэд хэл.
6|851262|1071674|Та нар Баал-зефоны харалдаа эсрэг талд далайн эрэгт буудалла.
7|1109070|1354487|Фараон, Израилийн хөвгүүдийг “Тэд нутаг төөрч, цөлд мухардсан” гэж бодно.
8|1394750|1565726|Би Фараоны зүрхийг мөн хатууруулж, тэр тэдний хойноос хөөнө.
9|1602417|1747021|Би Фараон болон түүний бүх цэргээр нь дамжин алдаршиж,
10|1764926|1957863|египетчүүд Намайг ЭЗЭН гэдгийг мэдэх болно гэв.
11|1994157|2050826|Тэд тийнхүү хийв.
12|2088135|2422501|Ард түмэн зугтсан тухай Египетийн хаанд хэлсэнд Фараон болон түүний түшмэдийн зүрх ард түмний эсрэг болон хувирч, тэд
13|2458751|2686880|—Бид Израилийг өөрсдөдөө үйлчлүүлэлгүй явуулснаараа юу хийчих нь энэ вэ? гэцгээв.
14|2720440|2846302|Фараон тэрэгт цэргээ бэлтгэж, хүмүүсээ авав.
15|2869454|3167791|Зургаан зуун шилдэг тэрэгт цэрэг болон Египетийн бүх тэрэгт цэргийг тус бүрийнх нь даргатай хамт тэр авав.
16|3196059|3472654|ЭЗЭН, Египетийн хаан Фараоны зүрхийг хатууруулсанд тэр Израилийн хөвгүүдийн хойноос хөөв.
18|3511771|3623741|Израилийн хөвгүүд зоригтойгоор явж байлаа.
19|3664709|3966750|Египетчүүд буюу Фараоны бүх морьд, тэрэгт цэрэг, морьтонгууд, нийт цэрэг нь израильчуудыг хөөв.
20|4008249|4330575|Баал-зефоны өмнө талд, Пи-хахиротын хажууд далайн эрэгт буудаллаж байхад нь египетчүүд тэднийг гүйцэж ирэв.
21|4361666|4640290|Фараоныг ойртон ирэх үед египетчүүд хойноос нь хөөн ирж явааг Израилийн хөвгүүд харлаа.
22|4676099|4871418|Израилийн хөвгүүд ихэд айж, ЭЗЭНд хандан хашхирцгаав. Тэд Мосед
23|4929189|5140296|—Египетэд оршуулгын газар байхгүй болоод та биднийг цөлд үхүүлэхээр авчираа юу?
24|5182235|5345978|Та юунд биднийг Египетээс гаргаж, бидэнд ийнхүү хандсан юм бэ?
25|5386197|5684048|Бид Египетэд “Биднийг орхи. Бид египетчүүдэд үйлчилж л байя” гэж танд тэр үед хэлээгүй бил үү?
26|5705128|5969905|Учир нь цөлд үхсэнээс египетчүүдэд үйлчилж байсан нь бидэнд дээр байсан юм гэцгээв.
27|6036584|6106130|Мосе ард түмэнд
28|6162798|6829149|—Бүү ай! Бат зогсож, ЭЗЭНий чөлөөлөхийг харцгаа. Тэр өнөөдөр та нарын төлөө үүнийг гүйцээх болно. Учир нь өнөөдөр та нарын харж байгаа египетчүүдийг та нар дахин хэзээ ч харахгүй. ЭЗЭН та нарын төлөө байлдана.
29|6848421|7086737|Та нар зөвхөн чимээгүй бай! гэж хэлэв. ЭЗЭН, Мосед
31|7129117|7224506|—Чи юунд Над уруу хашхирна вэ?
32|7258904|7375372|Урагшаа яв гэж Израилийн хөвгүүдэд хэл. 
33|7432437|7643279|Чи таягаа өргөж, гараа далай дээгүүр сунган түүнийг хуваа.
34|7679573|7867748|Израилийн хөвгүүд далайн дундуур хуурай газраар нэвтэрнэ.
35|7899809|8155589|Харин Би египетчүүдийн зүрхийг хатууруулахад египетчүүд тэдний хойноос орно.
36|8194088|8509271|Би Фараон болон түүний бүх цэрэг, түүний тэрэгт цэрэг болон морин цэргүүдээр дамжин алдарших болно.
37|8542214|9062197|Би, Фараон болон түүний тэрэгт цэрэг, түүний морин цэргүүдээр дамжин алдаршихад Намайг ЭЗЭН гэдгийг египетчүүд мэдэх болно гэж айлдав.
39|9095316|9312111|Израилийн хуарангийн өмнө явж байсан Бурханы тэнгэрэлч хөдөлж, тэдний ард очлоо.
40|9351096|9512634|Үүлэн багана тэдний өмнөөс хөдөлж, тэдний ард зогсов.
41|9546415|10017359|Үүлэн багана Египетийн хуаран ба Израилийн хуарангийн хооронд орж зогссонд нэг талд нь үүл ба харанхуй байж, нөгөө талыг шөнөжин гэрэлтүүлэв.
42|10052506|10223879|Иймээс шөнийн турш нэг нь нөгөөдөө ойртсонгүй.
43|10282003|10420477|Мосе гараа далай дээгүүр сунгав.
44|10479350|10836693|ЭЗЭН шөнийн турш дорнын хүчит салхиар далайн усыг ухраасанд ус хуваагдаж, хуурай газар гарав. 
45|10876206|11052827|Израилийн хөвгүүд далай дундуур хуурай газраар явахад
46|11084270|11258509|ус тэдний баруун зүүн талд хана мэт байв.
47|11311694|11706477|Египетчүүд араас нь хөөж, Фараоны бүх морьд, түүний тэрэгт цэрэг ба морин цэргүүд тэдний араас далай уруу оров.
48|11797587|12202117|Үүрийн гэгээнээр гал ба үүлэн багана дотроос ЭЗЭН Египетийн цэргийг үзээд, тэднийг самууралд оруулав.
49|12257418|12470642|Тэрээр зэвсэгт тэрэгнүүдийнх нь дугуйг мулталж, жолоодоход хэцүү болгов.
50|12489164|12892811|Египетчүүд —Израилиас зугтацгаая. Учир нь ЭЗЭН тэдний төлөө египетчүүдийн эсрэг тулалдаж байна гэцгээв.
53|12946392|13026831|Мөшгөгсөд живэв
55|13200761|13612567|—Далай дээгүүр гараа сунгаж, египетчүүд болон тэдний тэрэгт цэрэг, тэдний морин цэргүүд дээр усыг буцаагтун гэв.
57|13648068|14109045|Мосе далай дээгүүр гараа сунгалаа. Египетчүүдийг ус сөрөн зугтаж байхад нь үүрийн гэгээнээр далай буцаж хэвэндээ оров.
59|14145868|14328354|ЭЗЭН, египетчүүдийг далайн дунд живүүлэв.
60|14357989|14873651|Ус буцан ирж, тэрэгт цэрэг ба морин цэргүүд буюу израильчуудын хойноос далай уруу орсон Фараоны бүх цэргийг бүрхэн авсанд тэднээс нэг нь ч үлдсэнгүй.
61|14928996|15252381|Харин Израилийн хөвгүүд далай дундуур хуурай газраар явж, ус тэдний баруун зүүн талд хана мэт байв.
62|15285589|15516893|Ийнхүү ЭЗЭН тэр өдөр Израилийг египетчүүдийн гараас аварлаа.
63|15543838|15730734|Далайн эрэг дээрх египетчүүдийн цогцсыг Израиль харав.
64|15761031|16239031|Египетчүүдийн эсрэг ЭЗЭНий үйлдсэн агуу хүчийг израильчууд хараад, ард түмэн ЭЗЭНээс эмээн ЭЗЭН хийгээд Түүний зарц Мосед итгэв.
