verse|start|end|sentence
2|185705|271656|Синаиг орхих тушаал
4|383449|973287|—Явцгаа, чи болон Египет газраас чиний гаргасан ард түмэн эндээс хөдлөн явж “Чиний үр удамд Би үүнийг өгнө” гэж Абрахам, Исаак, Иаковт Миний тангарагласан нутагт оч.
6|1030043|1481230|Би чиний өмнө тэнгэрэлчийг явуулж, Би Өөрөө канаан, амори, хит, периз, хиви болон иебусчуудыг хөөнө. Сүү бал урссан нутаг уруу яв.
7|1509895|1800955|Та нар зөрүүд ард түмэн учраас Би та нарыг замд хөнөөчихгүйн тулд Би дунд чинь явахгүй гэв.
8|1857712|2228152|Ард түмэн энэ муу үгийг сонсоод харамсан гашуудаж, хэн нь ч гоёл чимэглэлээ зүүсэнгүй. Учир нь ЭЗЭН, Мосед
9|2260389|2585274|—Чи Израилийн хөвгүүдэд “Та нар зөрүүд ард түмэн. Би дунд чинь ганц хормын төдийд явбал та нарыг сөнөөх юм байна.
10|2602032|2942043|Одоо тэгэхлээр та нар гоёл чимэглэлээ тайл. Би та нарыг яахыгаа шийднэ” гэж хэл хэмээн айлдсан юм.
11|2973795|3233808|Иймээс Израилийн хөвгүүд Хореб уулаас цааш явахдаа гоёл чимэглэлээ тайлж хаяв.
12|3293829|3413692|Хуарангийн гаднах уулзалтын майхан
13|3459777|3784088|Мосе майхан авч, хуарангийн гадна, хуарангаас нэлээд зайдуу барьж, түүнийгээ уулзалтын майхан гэж нэрлэв.
14|3819148|4023551|Тэгээд ЭЗЭНийг хайсан хүн бүр хуарангийн гадна байгаа уулзалтын майханд очдог болов.
15|4047409|4433152|Мосег асар уруу явах бүрд бүх ард түмэн босон хүн бүр майхныхаа үүдэнд зогсож, Мосег асарт ортол араас нь ширтэн хардаг байв.
16|4469490|4800858|Мосег асарт орох бүрд үүлэн багана буун ирж, асрын үүдэнд тогтоод, ЭЗЭН, Мосетэй ярьдаг байв.
17|4836799|5162434|Бүх ард түмэн асрын үүдэнд тогтон буй үүлэн баганыг харахдаа хүн бүр майхныхаа үүдэнд босож, мөргөдөг байв.
18|5197096|5541297|Ийнхүү хүн анд нөхөртэйгөө ярьж байгаа мэт ЭЗЭН, Мосетэй нүүр нүүрээрээ тулан ярьдаг байлаа.
20|5570756|5898330|Мосег хуаран уруу буцах болгонд харин түүнд үйлчлэгч залуу, Нуны хүү Иошуа майхнаас холддоггүй байв.
21|5940093|6018150|Мосегийн гуйлт
22|6052857|6575618|Дараа нь Мосе, ЭЗЭНд —Хараач, Та надад “Энэ ард түмнийг удирд” гэж айлддаг атлаа надтай хамт хэнийг явуулахаа надад мэдүүлээгүй. Гэтэл “Би чамайг нэрээр чинь мэднэ.
23|6600535|6765336|Мөн чи Миний мэлмийд тааллыг олсон” гэж Та айлдсан.
24|6778787|7049737|Одоо тэгэхлээр гуйж байна, хэрэв би Таны мэлмийд тааллыг олсон бол замуудаа надад мэдүүлээч.
26|7063849|7205410|Тэгвэл би Таныг мэдэж, Таны мэлмийд тааллыг олох юм. 
27|7233767|7467144|Энэ үндэстэн Таны ард түмэн гэдгийг ч харгалзан үзээч гэв. Тэгтэл Тэр
29|7488797|7695714|—Миний оршихуй хамт явж, Би чамд амралтыг өгнө гэв.
31|7720366|7987700|Дараа нь Мосе Түүнд —Хэрэв Таны оршихуй явахгүй бол биднийг эндээс бүү явуулаач.
33|8001239|8236380|Эс тэгвэл би болон Таны ард түмэн мэлмийд тань тааллыг олсон нь юугаар мэдэгдэх вэ?
34|8260723|8366563|Та бидэнтэй хамт явж байгаагаар бус уу?
35|8383806|8658285|Тэгвэл би болон Таны ард түмэн бид газрын хөрсөн дээр буй бүх ард түмнээс ялгагдах юм гэв.
37|8750674|8877374|—Чиний хэлсэн энэ зүйлийг Би бас хийнэ.
38|8896072|9017303|Учир нь чи Миний мэлмийд тааллыг олсон.
39|9038559|9198422|Би чамайг нэрээр чинь мэддэг гэж айлдав.
41|9303424|9427036|—Алдраа надад үзүүлээч, гуйж байна гэжээ.
42|9453672|9686344|—Би бүх сайн сайхнаа өмнүүр чинь өнгөрүүлж, ЭЗЭНий нэрийг чиний өмнө тунхаглана.
43|9710643|9948474|Би нигүүлсэх хүнээ нигүүлсэж, өрөвдөх хүнээ өрөвдөх болно гэв. Харин Тэр
44|9974582|10252456|—Намайг хараад амьд үлдэж чадах хүн байхгүй тул чи Миний нүүрийг харж чадахгүй гэж айлдав.
46|10273800|10564816|ЭЗЭН айлдахдаа —Харагтун, дэргэд минь нэгэн газар байна. Чи тэнд хадан дээр зогс.
48|10582368|10879337|Миний алдар өнгөрөх үед Би чамайг хадны хөндийд оруулж, өнгөрөх хүртэлээ чамайг мутраараа халхална.
49|10908179|11045021|Дараа нь Би мутраа авах бөгөөд чи Миний арыг харна.
50|11059750|11179923|Харин Миний нүүр харагдахгүй гэв.
