verse|start|end|sentence
2|192364|672084|Хэрэв хүн харсан эсвэл мэдсэнээрээ гэрч болж, хараал зүхлийн дууг сонссон атлаа эс хэлснээрээ нүгэл үйлдвэл тэр хүн хилэнцээ үүрэх болно.
3|709216|1395588|Эсвэл хүн аливаа бузар зүйлд, бузар араатны сэг эсвэл бузар малын сэг эсвэл бузар мөлхөгч амьтдын сэг зэмд хүрсэн бөгөөд тэгснийгээ мэдээгүй байх аваас тэрээр бузартсан агаад ялтай болох ажгуу.
4|1435984|1863401|Эсвэл бузар нь юу байхаас хамааралгүй, хүмүүний аливаа бузарт тэр хүрч, тэгснийгээ мэдээгүй байгаад, дараа нь мэдэх аваас тэрээр ялтай болой.
5|1894844|2583554|Эсвэл аливаа хүн бодлогогүйгээр аливаа хэрэг явдалд мууг эсвэл сайныг хийнэ гэж амаараа ярьж, бодлогогүйгээр андгайлж, тэгснийгээ мэдээгүй байгаад дараа нь мэдэх аваас тэрээр эдгээрийн аль нэгнээр ялтай болой.
6|2625758|2889917|Тиймээс эдгээрийн аль нэгээр ялтай болох аваас үүгээр нүгэл үйлдсэнээ өчих ёстой.
7|2932164|3374973|Тэгээд үйлдсэн нүгэлдээ ЭЗЭНд өөрийн ялын тахил буюу бог малаас эм хурга эсвэл ямаанаас эм ишгийг нүглийн тахил болгон авчраг.
8|3424409|3558870|Ийнхүү тахилч түүнд нүглийнх нь эвлэрүүллийг хийнэ.
9|3605439|4299529|Хэрэв тэр хүн хурга авчрах чадалгүй аваас хоёр хүүрзгэнэ эсвэл хоёр өсвөр тагтааг, нэгийг нь нүглийн тахилд, нөгөөг нь шатаалт тахилд зориулан үйлдсэн нүглийнхээ ялд зориулан ЭЗЭНд ялын тахил болгож авчрах болой.
10|4330575|4604040|Тэр эдгээрийг тахилчид авчрахад тахилч нүглийн тахилд зориулсан нэгийг нь эхлээд өргөж,
11|4624855|4764343|толгойг нь шилэн хүзүүнийх нь угаар мушгих бөлгөө.
12|4794948|4885794|Тэрээр харин толгойг нь салгаж болохгүй.
13|4920633|5254559|Тэрээр нүглийн тахилын цуснаас тахилын ширээний хажуу уруу цацаад, үлдсэн цусыг нь тахилын ширээний суурь уруу гоожуулна.
14|5281857|5353166|Энэ нь нүглийн тахил юм.
15|5385183|5576577|Тэгээд тэр удаахыг нь шатаалт тахил болгон журмын дагуу тахина.
16|5611063|5858905|Ийнхүү тахилч үйлдсэн нүглийнх нь эвлэрүүллийг түүнд хийж, тэр уучлагдах болно.
17|5904945|6714754|Хэрэв тэр хүн хоёр хүүрзгэнэ эсвэл хоёр өсвөр тагтаа авчрах чадалгүй байвал нүгэл үйлдсэн нэгэн нь өргөлдөө ефагийн аравны нэг сайн гурилыг нүглийн тахил болгон авчрах агаад энэ нь нүглийн тахил учраас түүн дээрээ тос асгаж болохгүй, гүгэл тавьж болохгүй.
18|6743331|7200780|Тэр үүнийг тахилчид авчраад тахилч үүнээс атгыг дурсгалын хувь болгон авч, үүнийгээ ЭЗЭНд өргөх галан тахилын хамт тахилын ширээн дээр шатааг.
19|7221110|7290435|Энэ нь нүглийн тахил юм.
20|7323246|7885256|Ийнхүү эдгээрийг үйлдсэн хүний нүглийн эвлэрүүллийг тахилч түүнд хийж тэрээр уучлагдах болой. Идээн өргөлийн адил үлдсэн хэсэг нь тахилчийнх болох болой” гэж айлдлаа.
22|7912201|7990567|Нөхөн төлбөрийн тахил
24|8125645|8173273|Хэрэв хэн нэг нь
25|8201541|8953711|ЭЗЭНий ариун зүйлсийн эсрэг харш юм, санамсаргүй гэм үйлдэх аваас тэрээр ялын тахилд бог малаас согоггүй хуцыг ЭЗЭНд авчрах ба энэ нь ариун газрын шекелийн дагуу мөнгөн шекелээр үнэлэгдэх бөгөөд ялын тахил болох юм.
26|8990887|9373146|Тэр хүн ариун зүйлсийн эсрэг нүгэл үйлдсэнийхээ нөхөн төлбөрийг төлж, үүн дээрээ дахин тавны нэгийг нь нэмэн тахилчид өгөг.
27|9405118|9633115|Тахилч ялын тахилын хуцаар түүнд эвлэрүүллийг хийж, тэрээр уучлагдах юм.
28|9666234|9910857|Хэрэв хүн нүгэл үйлдэн, ЭЗЭНий хийхийг хориглосон зүйлсийн аль нэгийг үйлдэх аваас,
29|9940360|10185821|хэдийгээр үүнийгээ ухаарч мэдээгүй байсан ч тэр ялтай болох бөгөөд хилэнцээ үүрэх ёстой.
30|10212413|10499813|Тэрээр ялын тахилд зориулан бог малаас согоггүй хуцыг та нарын үнэлгээний дагуу, тахилчид авчраг.
31|10524112|10741525|Санамсаргүй алдааных нь эвлэрүүллийг тахилч түүнд хийж тэрээр уучлагдах болой.
32|10765074|10839030|Энэ нь ялын тахил юм.
33|10867342|11089253|ЭЗЭНий өмнө тэр хүн гарцаагүй ялтай болой гэж айлдав.
