verse|start|end|sentence
3|285459|339922|Шатаалт тахил
4|407219|574358|ЭЗЭН уулзалтын майхан дотроос Мосег дуудаж, түүнд айлдахдаа
5|622647|943210|Израилийн хөвгүүдтэй ярин “Та нараас хэн нэг нь ЭЗЭНд малаар өргөл өргөх бол бод, богийн сүргээсээ өргөл өргө.
6|985855|1475189|Хэрэв түүний өргөл нь бод малын шатаалт тахил байх аваас тэрээр согоггүй эр малыг өргөх бөгөөд ЭЗЭНий өмнө хүлээн авагдахын төлөө уулзалтын майхны үүдэнд үүнийг өргөг.
7|1516951|1824152|Тэр хүн шатаалт тахилын толгой дээр гараа тавих бөгөөд энэ нь тэр хүний өмнөөс эвлэрүүлэл болж, хүлээн авагдана.
8|1866267|2238692|Тэр хүн ЭЗЭНий өмнө бяруу нядалж, Аароны тахилч хөвгүүд цусыг нь авчран уулзалтын майхны үүдэн дэх тахилын ширээг тойруулан цацна.
9|2301314|2422148|Тэрээр шатаалт тахилыг өвчиж, үүнийг эвдэг. 
10|2452886|2684058|Тахилч Аароны хөвгүүд тахилын ширээн дээр гал өрдөж, гал дээр түлээ мод өрнө.
11|2725997|3051102|Аароны тахилч хөвгүүд бүх хэсгүүд, толгой, гадар өөхийг тахилын ширээн дээрх галын түлээн дээр өрж тавина.
12|3093791|3240291|Харин гэдэс дотор болон мөчүүдийг нь усаар угааг.
13|3264193|3614391|Тахилч энэ бүхнийг тахилын ширээн дээр шатаах бөгөөд энэ нь ЭЗЭНд тааламжит үнэрт шатаалт тахил буюу галан тахил болой.
14|3657874|4012659|Хэрэв түүний өргөл нь бог малаас хонь эсвэл ямаан шатаалт тахил байх аваас тэрээр согоггүй эр малыг өргөг.
15|4056229|4430771|Тэр үүнийг ЭЗЭНий өмнө, тахилын ширээний хойд талд нядлах бөгөөд Аароны тахилч хөвгүүд цусыг нь тахилын ширээг тойруулан цацна.
16|4473107|4783086|Тэр үүнийг хэсэглэн эвдээд, толгой, гадар өөхийг нь тахилч тахилын ширээн дээрх галын түлээн дээр өрөх ажгуу.
17|4825995|4966983|Харин гэдэс дотор болон мөчүүдийг нь усаар угааг.
18|5003321|5348448|Тахилч энэ бүхнийг тахилын ширээн дээр шатаах бөгөөд энэ нь ЭЗЭНд тааламжит үнэрт шатаалт тахил буюу галан тахил болой.
19|5392636|5776041|Хэрэв тэр хүний ЭЗЭНд өргөх өргөл шувуун шатаалт тахил байх аваас хүүрзгэнэ эсвэл өсвөр тагтааг өргөлдөө өргөг.
20|5818598|6163901|Тахилч үүнийг тахилын ширээнд авчирч, толгойг нь мушгин тахилын ширээн дээр шатаагаад цусыг нь тахилын ширээний хажуу уруу гоожуулна.
21|6205443|6488344|Бас түүний гүеэг өднийх нь хамт салган авч тахилын ширээний хажууд, зүүн тийш үнс уруу хаяг.
22|6533106|6677269|Түүнийг далавчийг нь ханзлахгүйгээр, хажуугаар нь хувааг.
23|6704743|7099262|Тахилч үүнийг тахилын ширээн дээрх галын түлээн дээр шатаах бөгөөд энэ нь ЭЗЭНд тааламжит үнэрт шатаалт тахил буюу галан тахил болой.
