verse|start|end|sentence
2|254809|673495|Хэн нэг нь ЭЗЭНд өргөл болгон идээн өргөлийг өргөх аваас өргөл нь сайн гурилынх байх бөгөөд тэр үүн дээр тос асган, дээр нь гүгэл тавиг.
3|716580|1022634|Тэр үүнийгээ Аароны тахилч хөвгүүдэд авчран, сайн гурилаас атга дүүрнийг, тосноос нь гүгэлтэй нь аваг.
4|1067616|1429060|Тахилч үүнийг бэлгэдлийн хувь болгон тахилын ширээн дээр шатаах бөгөөд энэ нь ЭЗЭНд тааламжит үнэрт галан тахил болой.
5|1459930|1879894|Харин идээн өргөлийн үлдэгдэл нь Аарон болон түүний хөвгүүдэд ногдох бөгөөд энэ нь ЭЗЭНд өргөх галан тахилууд дотроос ариунаас ариун нь бөлгөө.
6|1922671|2422016|Чи зууханд жигнэсэн идээн өргөлийг өргөх аваас энэ нь тосоор багсарсан сайн гурилан исгээгүй боов эсвэл тосоор тосолсон исгээгүй бин байх болой.
7|2454341|2854681|Хэрэв өргөл чинь хайруулын таваг дээр хийсэн идээн өргөл байх аваас энэ нь исгээгүй, тосонд багсарсан сайн гурилынх байх ёстой.
8|2896752|3019659|Түүнийг жижиглэн хугалж, дээр нь тос асга.
9|3041753|3122897|Энэ нь идээн өргөл болой.
10|3166424|3488618|Хэрэв өргөл чинь саванд бэлтгэсэн идээн өргөл байх аваас үүнийг тостой сайн гурилаар хийсэн байх ёстой.
11|3515210|3754233|Та нар эдгээр зүйлээр хийсэн идээн өргөлийг ЭЗЭНд авчран тахилчид өргө.
12|3794319|3873832|Тэр үүнийг тахилын ширээнд аваачна.
13|3900997|4303719|Тахилч идээн өргөлөөс бэлгэдлийн хувийг авч, үүнийгээ тахилын ширээн дээр шатаах бөгөөд энэ нь ЭЗЭНд тааламжит үнэр, галан тахил болой.
14|4331502|4739118|Идээн өргөлийн үлдэгдэл нь Аарон болон түүний хөвгүүдэд ногдох бөгөөд энэ нь ЭЗЭНд өргөх галан тахилууд дотроос ариунаас ариун нь бөлгөө.
15|4781277|4981227|ЭЗЭНд та нарын авчрах ямар ч идээн өргөл хөрөнгөөр исгэсэн байх ёсгүй.
16|5025680|5406968|Хэрэв өргөл чинь хайруулын таваг дээр хийсэн идээн өргөл байх аваас энэ нь исгээгүй, тосонд багсарсан сайн гурилынх байх ёстой.
17|5435942|5558805|Түүнийг жижиглэн хугалж, дээр нь тос асга.
18|5580722|5664777|Энэ нь идээн өргөл болой.
19|5693045|6005008|Хэрэв өргөл чинь саванд бэлтгэсэн идээн өргөл байх аваас үүнийг тостой сайн гурилаар хийсэн байх ёстой.
20|6029925|6242134|Та нар эдгээр зүйлээр хийсэн идээн өргөлийг ЭЗЭНд авчран тахилчид өргө.
21|6268859|6364203|Тэр үүнийг тахилын ширээнд аваачна.
22|6391589|6781609|Тахилч идээн өргөлөөс бэлгэдлийн хувийг авч, үүнийгээ тахилын ширээн дээр шатаах бөгөөд энэ нь ЭЗЭНд тааламжит үнэр, галан тахил болой.
23|6812523|7202367|Идээн өргөлийн үлдэгдэл нь Аарон болон түүний хөвгүүдэд ногдох бөгөөд энэ нь ЭЗЭНд өргөх галан тахилууд дотроос ариунаас ариун нь бөлгөө.
24|7236457|7730818|ЭЗЭНд та нарын авчрах ямар ч идээн өргөл хөрөнгөөр исгэсэн байх ёсгүй. Учир нь та нар ямар ч хөрөнгө ба зөгийн балыг галан тахил болгон ЭЗЭНд зориулан шатаах ёсгүй.
25|7759527|8092746|Та нар анхны үр жимсний өргөлийг ЭЗЭНд өргөхдөө үүнийгээ харин тахилын ширээн дээр тааламжит үнэр болгон өргөх ёсгүй.
26|8121500|8544816|Идээн өргөл болгоноо давсаар амтал. Идээн өргөлд чинь Бурханы гэрээний давс бүү дутагдаг. Бүх өргөлөө та нар давстай өргөгтүн.
27|8570305|9190704|Та нар дээж үр жимсний идээн өргөлийг ЭЗЭНд өргөх аваас гал дээр хуурсан шинэ тариан түрүү, үйрүүлсэн шинэ үрийг үр жимсний идээн өргөлдөө өргө. Түүн дээр тос асган, дээр нь гүгэл тавь.
28|9213989|9302277|Энэ нь идээн өргөл болой.
29|9327105|9723476|Тахилч түүний бэлгэдлийн хувь болох үйрүүлсэн шинэ үр ба тосыг бүх гүглийн хамт ЭЗЭНд өргөх галан тахил болгон шатааг.
