verse|start|end|sentence
2|287796|603684|Хэрэв хүн ЭЗЭНий эсрэг нүгэл үйлдэн, итгэл эвдэж, өөрт нь хадгалуулсан болон гарт нь даатгасан
3|630056|744628|эсвэл хулгайлсан зүйлээр хөршөө мэхлэх
4|774748|853599|эсвэл хөршөөсөө луйвардан авах
5|875208|1283971|эсвэл алдагдсан зүйлийг олоод түүнийхээ тухайд худал хэлж, хуурамчаар тангараглан хүний үйлдэж болох эдгээр зүйлийн аль нэгээр нүгэл үйлдвэл,
6|1305051|1731807|тэрээр нүгэл үйлдэн ялтай болсон тул хулгайлснаа эсвэл луйвардан авсан зүйлээ эсвэл өөрт нь хадгалуулсныг эсвэл өөр хүний алдсаныг олсноо
7|1758267|2219156|эсвэл хуурамчаар тангарагласан аливаа зүйлээ бүрэн эргүүлж өгч, түүн дээрээ дахин тавны нэгийг нэмээд ялын тахилын өдөртөө эзэмшигчид нь өгөх ёстой.
8|2245616|3055248|Тэгээд тэр ялын тахилд зориулан та нарын үнэлгээний дагуу сүргээс согоггүй нэг хуцыг ЭЗЭНд ялын тахил болгон тахилчид авчраад, тахилч түүний эвлэрүүллийг ЭЗЭНий өмнө хийх болно. Өөрийг нь ялтай болгосон эдгээр аль ч хэрэг уучлагдах болно гэлээ.
9|3095643|3174759|Тахилын талаарх заавар
11|3333563|3528970|Ааронд болон хөвгүүдэд нь тушаан “Шатаалт тахилын хууль ийм юм.
12|3552784|4016495|Шатаалт тахилыг бүхэл шөнөжин өглөө болтол тахилын ширээн дээрх галын хоовонд байлгах бөгөөд тахилын ширээн дээрх гал түүн дээр дүрэлзсээр байх ёстой.
13|4048424|4260986|Тахилч маалинган нөмрөг өмсөх бөгөөд биедээ дотуур хувцастай байх болой.
14|4292341|4570303|Тахилын ширээн дээр галд шатаасан шатаалт тахилын үнсийг тэр авч, тахилын ширээний хажууд тавиг.
15|4606994|4883193|Тэгээд тэр хувцсаа тайлан өөр хувцас өмсөөд, үнсийг хуарангийн гадна цэвэр газарт аваачиг.
16|4915253|5113880|Тахилын ширээн дээрх гал унтрахгүй, түүн дээрээ үргэлж дүрэлзсээр байна.
17|5142148|5499358|Тахилч түүн дээр өглөө бүр мод түлээ нэмж, дээр нь шатаалт тахил өрж тавиад эвийн тахилуудын өөхийг шатааг.
18|5525333|5730574|Тахилын ширээн дээрх гал байнга асаж байх ёстой. Энэ нь унтрах ёсгүй.
19|5762370|5891451|Харин идээн өргөлийн хууль ийм болой.
20|5920469|6285264|Аароны хөвгүүд үүнийг ЭЗЭНий өмнө, тахилын ширээний урд өргөх ёстой. Нэг нь идээн өргөлийн сайн гурилаас атгыг,
21|6305903|6725558|түүний тос болон идээн өргөл дээрх бүх гүглийн хамт авч, ЭЗЭНд тааламжит үнэр буюу дурсгалын хувь хэмээн тахилын ширээн дээр шатааг.
22|6754752|7084488|Үлдэгдлийг нь Аарон болон түүний хөвгүүд идэх бөлгөө. Үүнийг исгээгүй боов болгон ариун газарт идэх ёстой.
23|7112492|7236104|Тэд үүнийг уулзалтын майхны хашаан дотор идэг.
24|7263799|7366419|Үүнийг хөрөнгөөр исгэн жигнэх ёсгүй.
25|7394908|7797894|Үүнийг Би галан тахилуудаасаа тэдний хувь болгон өгсөн бөгөөд нүглийн тахил, ялын тахилын адил энэ нь ариунаас ариун болой.
26|7835599|8298738|Аароны хөвгүүдийн дундах эр хүйстэн бүр үүнийг идэж болно. Энэ нь ЭЗЭНий галан тахилуудаас хамаг үеийнхэнд чинь ногдох, улиран үргэлжлэх хувь юм.
27|8337281|8563382|Тэдгээрт хүрэх хэн боловч ариусгагдана” гэж хэлэгтүн хэмээв.
29|8702076|9241331|Тослогдсон өдрөө Аарон болон түүний хөвгүүд өргөлдөө ефагийн аравны нэг сайн гурилыг байнгын идээн өргөл болгон, хагасыг нь өглөө, хагасыг нь үдэш ЭЗЭНд өргөнө.
30|9277008|9430079|Үүнийг хайруулын тавган дээр тостой хийсэн байх ёстой.
31|9467476|9767091|Та нар үүнийг сайтар багсарч авчран идээн өргөлийг хэсэглэн ЭЗЭНд тааламжит үнэр болгон өргөгтүн.
32|9802371|10007172|Түүний байранд тослогдсон, хөвгүүдийнх нь дундах тахилч түүнийг өргөх ёстой.
33|10032573|10192347|Энэ нь ЭЗЭНий улиран үргэлжлэх хувь ногдол болой.
34|10218190|10340127|Үүнийг ЭЗЭНд зориулан бүхэлд нь шатаах ёстой.
35|10377920|10505810|Тахилчийн идээн өргөл бүр бүхэлдээ шатаг,
36|10527904|10631936|үүнийг бүү идэг гэлээ.
38|10774071|10975652|Ааронтай болон түүний хөвгүүдтэй ярин “Нүглийн тахилын хууль ийм юм.
39|11013313|11343357|Шатаалт тахилыг нядалдаг газар нүглийн тахилыг ЭЗЭНий өмнө нядлах ёстой. Энэ нь ариунаас ариун ажгуу.
40|11377932|11508291|Нүглийн тахилыг өргөсөн тахилч үүнийг идэх ёстой.
41|11530474|11735803|Үүнийг ариун газарт, уулзалтын майхны хашаан дотор идэх ёстой.
43|11759617|11870661|Маханд нь хүрэх хэн боловч ариусгагдана.
44|11909072|12164147|Аливаа цус хувцсан дээр үсрэхэд, цус үсэрсэн хэсгийг та нар ариун газарт угаагтун.
45|12202955|12373710|Үүнийг дотор нь хийж буцалгасан шавар савыг хагалах ёстой.
46|12404712|12643646|Хэрэв үүнийг хүрэл саванд буцалгасан бол, савыг сайтар цэвэрлэн усаар зайлах ёстой.
47|12680999|12944143|Тахилч нарын дундах эр хүйстэн бүр үүнийг идэх ёстой. Энэ нь ариунаас ариун болой.
48|12981099|13552812|Гэвч ариун газарт эвлэрүүллийг хийхээр цусыг нь уулзалтын майханд аваачсан ямар ч нүглийн тахилыг идэх ёсгүй. Энэ нь галд шатаагдах ёстой” гэж хэлэгтүн хэмээв.
