verse|start|end|sentence
1|90846|142928|аравдугаар бүлэг
2|165066|232627|Мөнгөн бүрээ
3|277697|363516|ЭЗЭН, Мосетэй цааш нь ярин
4|398531|519057|Өөртөө хоёр мөнгөн бүрээг хийгтүн.
5|542165|617620|Чи тэдгээрийг давтаж хийх ёстой.
6|649857|1218527|Хотол түмнийг дуудан цуглуулахад болон хуаранг аялуулан нүүлгэхэд чи тэдгээрийг ашиглах болой.  Хоёуланг нь үлээхэд даяар хотол түмэн уулзалтын майхны үүдэн дээр чам уруу цуглах ёстой.
7|1246045|1523787|Харин нэгийг нь үлээхэд Израилийн удирдагчид буюу овгуудын тэргүүнүүд чиний өмнө цуглах ажгуу.
8|1560566|1799676|Чамайг түгшүүрийн дохио үлээхэд зүүн талд буудалласан хуарангууд хөдлөн нүүх ёстой.
9|1839278|2313089|Чамайг түгшүүрийн дохиог хоёр дахь удаа үлээхэд өмнө талд буудалласан хуарангууд хөдлөн нүүх бөгөөд тэднийг аялуулан нүүлгэхийн тулд түгшүүрийн дохио үлээх ажгуу.
10|2348501|2919375|Харин чуулганыг цуглуулахдаа чи түгшүүрийн дохиогүйгээр бүрээ үлээгтүн.  Аароны тахилч хөвгүүд бүрээг үлээх бөгөөд эдгээр нь хамаг үеийнхэнд чинь мөнхийн зарлиг байх болтугай.
11|2958051|3250831|Чам уруу довтлох өстөн дайсны эсрэг өөрийн нутагт дайнд явахдаа бүрээг түгшүүрийн дохиогоор үлээгтүн.
12|3278614|4546533|Тэгвэл чи Бурхан ЭЗЭНийхээ өмнө дурсагдаж, дайснуудаасаа аврагдах болно.  Мөн баярлан баясах өдрүүд, тогтоогдсон баяр наадмууд болон сарын эхний өдрүүдэд чи шатаалт тахилуудынхаа дээр, эвийн тахилуудын нядлах тахилуудынхаа дээр бүрээг үлээх ёстой. Тэдгээр нь Бурханы тань өмнө та нарын төлөөх санамж болох ажгуу. Би ЭЗЭН, та нарын Бурхан гэж айлдлаа.
13|4592838|4667235|Синаигаас хөдлөв
14|4716539|5296851|Хоёр дахь жилийн хоёрдугаар сарын хоринд гэрчлэлийн асрын дээрээс үүл өргөгдсөн бөгөөд  Израилийн хөвгүүд Синаин цөлөөс аянд гарав. Дараа нь үүл Параны цөлд бууж тогтов.
15|5338834|5560877|Тэд Мосегоор дамжуулсан ЭЗЭНий тушаалын дагуу анх удаа аялан нүүлээ.
16|5599553|6033100|Эхэнд Иудагийн хөвгүүдийн хуарангийн туг дайчдын бүлэглэлүүдээрээ хөдөлсөн ба Амминадабын хүү Нахшон дайчдынх нь захирагч байв.
17|6055282|6521816|Иссахарын хөвгүүдийн овгийн дайчдын захирагч нь Зуарын хүү Нетанел, Зебулуны хөвгүүдийн овгийн дайчдын захирагч нь Хелоны хүү Елиаб байв.
18|6558419|7271252|Дараа нь асрыг буулгасан бөгөөд Гершоны хөвгүүд ба Мерарийн хөвгүүд асрыг үүрэн хөдлөв.  Дараа нь Реубений хуарангийн туг дайчдын бүлэглэлүүдээрээ хөдөлсөн ба Шедеурын хүү Елизур дайчдынх нь захирагч байв.
19|7316278|7827397|Симеоны хөвгүүдийн овгийн дайчдын захирагч нь Зуришаддаин хүү Шелумиел,  Гадын хөвгүүдийн овгийн дайчдын захирагч нь Деуелийн хүү Елиасаф байв.
20|7866954|8598088|Дараа нь кохатчууд ариун зүйлсийг үүрэн хөдөлсөн бөгөөд тэднийг хүрч очихоос өмнө асар босгогдсон байлаа.  Дараа нь Ефраимын хөвгүүдийн хуарангийн туг дайчдын бүлэглэлүүдээрээ хөдөлсөн ба Аммихудын хүү Елишама дайчдынх нь захирагч байв.
21|8636764|8859778|Манассегийн хөвгүүдийн овгийн дайчдын захирагч нь Педахзурын хүү Гамалиел,
22|8888178|9643567|Бениамины хөвгүүдийн овгийн дайчдын захирагч нь Гидеоны хүү Абидан байв. Дараа нь бүх хуарангийн арын хамгаалалт болох Даны хөвгүүдийн хуарангийн туг дайчдын бүлэглэлүүдээрээ хөдөлсөн ба Аммишаддаин хүү Ахиезер дайчдынх нь захирагч байв.
23|9682022|9872975|Ашерын хөвгүүдийн овгийн дайчдын захирагч нь Охраны хүү Пагиел,
24|9897363|10101678|Нафталийн хөвгүүдийн овгийн дайчдын захирагч нь Енаны хүү Ахира байв.
25|10143352|10388416|Израилийн хөвгүүд хөдлөх үед тэдний дайчдын бүлэглэлүүдээр жагсах дараалал нь энэ юм.
26|10428282|10628452|Дараа нь Мосе хадам эцэг мидиан хүн Реуелийнхээ хүү Хобабд
27|10654648|11236239|Үүнийг би та нарт өгөх болно гэж ЭЗЭНий айлдсан тэр газар уруу бид нүүж явна. ЭЗЭН Израилийн талаар сайныг амласан тул бидэнтэй хамт явагтун. Бид танд сайныг хийх болно гэв.
28|11266579|11535369|Харин тэрээр Мосед Би явахгүй. Би өөрийн нутаг, төрөл садан уруугаа явна гэв.
29|11565136|11604870|Тэгтэл Мосе
30|11624715|12332829|Биднийг бүү орхиоч. Биднийг цөлд хаана буудаллах ёстойг та мэдэх учраас та бидэнд нүд мэт байх болно.  Хэрэв та бидэнтэй хамт явах аваас бидний төлөө ЭЗЭНий хийх аливаа сайныг бид таны төлөө хийх болно гэв.
31|12366918|13109254|Ингээд тэд гурав хоногийн аянаар ЭЗЭНий уулнаас хөдлөн явсан бөгөөд амрах газрыг тэдэнд олохоор ЭЗЭНий гэрээний авдар тэдний урд талд гурван өдрийн туршид явав.  Тэднийг хуарангаас хөдлөх үед, ЭЗЭНий үүл өдрөөр тэдний дээр байв.
32|13150355|13231234|Авдрыг хөдлөх үед Мосе
33|13268499|13926515|ЭЗЭН, босооч Таны дайснууд бутран тарж,Таныг үзэн ядагчид Таны өмнөөс зугтах болтугай гэдэг байв.  Амрах болоход тэрээр ЭЗЭН минь ээ Та,Мянга түмэн израильчууддаа ирээч хэмээдэг байлаа.
