verse|start|end|sentence
1|91948|173577|Долдугаар бүлэг
2|204447|288634|Удирдагчдын өргөл
3|335733|1173324|Мосе асрыг босгож дуусаад, түүнийг тослон, түүнийг ариусгаж мөн бүх хэрэгсэл, тахилын ширээ болон бүх сав суулгыг нь бас тосолж, ариусгасан тэр өдөр  Израилийн удирдагчид, эцгүүдийн бүлийн тэргүүнүүд тахил өргөв. Тэд овгийн удирдагчид байсан бөгөөд тоолуулсан хүмүүсийг тэргүүлж байлаа.
4|1203180|1792224|Тэд өөрсдийн тахилыг буюу хоёр удирдагчийн дунд нэг хөсөг тэрэг, хүн тусбүрд нэг үхэр, нийтдээ зургаан хөсөг тэрэг, арван хоёр үхэр зэргийг ЭЗЭНий өмнө авчирч, асарт дөхүүлэв.
5|1838661|1913895|Тэгтэл ЭЗЭН, Мосетэй ярин
6|1959539|2613983|Уулзалтын майхны үйлчлэлд хэрэглэхийн тулд тэднээс үүнийг хүлээн ав
7|2660067|3116943|Тэдгээрийг чи левичүүдэд, үйлчлэлийнх нь дагуу хүн бүрд өгөгтүн гэж айлдлаа. 6 Мосе тэрэг болон үхрүүдийг авч, левичүүдэд өгөв.  Гершоны хөвгүүдэд үйлчлэлийнх нь дагуу тэрээр хоёр тэрэг, дөрвөн үхрийг өгсөн бөгөөд  Мерарийн хөвгүүдэд үйлчлэлийнх нь дагуу дөрвөн тэрэг, найман үхрийг өгчээ.
8|3161749|3701092|Тэд тахилч Аароны хүү Итамарын удирдлага дор байлаа.  Харин Кохатын хөвгүүдийн үйлчлэл нь мөрөн дээрээ ариун зүйлсийг үүрч явах үйлчлэл тул тэр тэдэнд юу ч өгсөнгүй.
9|3745986|3943730|Тахилын ширээг тосолсон өдөр удирдагчид үүнд зориулалтаа авчрав.
10|3964413|4485763|Тийнхүү удирдагчид тахилын ширээний өмнө өргөлүүдээ барилаа.
11|4511121|5059945|ЭЗЭН, Мосед Тахилын ширээний зориулалтад өдөр бүр нэг нэг удирдагч өргөлөө авчраг гэв. Анхны өдөр өргөлөө авчирсан нэгэн нь Иуда овгийн Амминадабын хүү Нахшон байв.
12|5082657|5447496|Өргөл нь ариун газрын шекелээр нэг зуун гучин шекелийн жинтэй нэг мөнгөн таваг, далан шекелийн нэг мөнгөн аяга бөгөөд аль аль нь идээн өргөл буюу тосонд багсарсан сайн гурилаар дүүрэн байв.
13|5480703|6316884|Мөн утлагат тахилаар дүүрэн, арван шекелийн алтан бойпор нэг,  шатаалт тахилд үхэр сүргийн нэг төл, нэг хуц, нэг эр хурга,  нүглийн тахилд ямаан сүргээс нэг ухна, эвийн тахилын нядлах тахилд хоёр үхэр, таван хуц, таван ухна, таван эр хурга байлаа.
14|6346739|6475732|Амминадабын хүү Нахшоны өргөл энэ юм.
15|6520626|7010532|Хоёр дахь өдөр нь Иссахарын удирдагч Зуарын хүү Нетанел өргөв.  Өргөсөн өргөл нь ариун газрын шекелээр нэг зуун гучин шекелийн жинтэй нэг мөнгөн таваг,
16|7035846|7370962|далан шекелийн нэг мөнгөн аяга бөгөөд аль аль нь идээн өргөл буюу тосонд багсарсан сайн гурилаар дүүрэн байв.
17|7400332|8364976|Мөн утлагат тахилаар дүүрэн, арван шекелийн алтан бойпор нэг,  шатаалт тахилд үхэр сүргийн нэг төл, нэг хуц, нэг эр хурга,  нүглийн тахилд ямаан сүргээс нэг ухна,  эвийн тахилын нядлах тахилд хоёр үхэр, таван хуц, таван ухна, таван эр хурга байлаа. Зуарын хүү Нетанелын өргөл энэ юм.
18|8397345|9216282|Гурав дахь өдөр нь Зебулуны хөвгүүдийн удирдагч Хелоны хүү Елиаб байв.  Өргөл нь ариун газрын шекелээр нэг зуун гучин шекелийн жинтэй нэг мөнгөн таваг, далан шекелийн нэг мөнгөн аяга бөгөөд аль аль нь идээн өргөл буюу тосонд багсарсан сайн гурилаар дүүрэн байв.
19|9247373|10074821|Мөн утлагат тахилаар дүүрэн, арван шекелийн алтан бойпор нэг,  шатаалт тахилд үхэр сүргийн нэг төл, нэг хуц, нэг эр хурга,  нүглийн тахилд ямаан сүргээс нэг ухна,  эвийн тахилын нядлах тахилд хоёр үхэр, таван хуц, таван ухна, таван эр хурга байлаа.
20|10097797|10223350|Хелоны хүү Елиабын өргөл энэ юм.
22|11900429|12043974|Шедеурын хүү Елизурын өргөл энэ юм.
23|12078857|12317879|Тав дахь өдөр нь Симеоны хөвгүүдийн удирдагч, Зуришаддаин хүү Шелумиел байв.
24|12347867|12946745|Өргөл нь ариун газрын шекелээр нэг зуун гучин шекелийн жинтэй нэг мөнгөн таваг, далан шекелийн нэг мөнгөн аяга бөгөөд аль аль нь идээн өргөл буюу тосонд багсарсан сайн гурилаар дүүрэн байв.
25|12978144|13372884|Мөн утлагат тахилаар дүүрэн, арван шекелийн алтан бойпор нэг,  шатаалт тахилд үхэр сүргийн нэг төл, нэг хуц, нэг эр хурга,
27|15364528|15605446|эвийн тахилын нядлах тахилд хоёр үхэр, таван хуц, таван ухна, таван эр хурга байлаа.
28|15633450|15772453|Деуелийн хүү Елиасафын өргөл энэ юм.
29|15798207|16035509|Долоо дахь өдөр нь Ефраимын хөвгүүдийн удирдагч, Аммихудын хүү Елишама байв.
30|16068055|16628301|Өргөл нь ариун газрын шекелээр нэг зуун гучин шекелийн жинтэй нэг мөнгөн таваг, далан шекелийн нэг мөнгөн аяга бөгөөд аль аль нь идээн өргөл буюу тосонд багсарсан сайн гурилаар дүүрэн байв.
31|16655467|17391408|Мөн утлагат тахилаар дүүрэн, арван шекелийн алтан бойпор нэг,  шатаалт тахилд үхэр сүргийн нэг төл, нэг хуц, нэг эр хурга,  нүглийн тахилд ямаан сүргээс нэг ухна,  эвийн тахилын нядлах тахилд хоёр үхэр, таван хуц, таван ухна, таван эр хурга байлаа.
32|17414869|17539496|Аммихудын хүү Елишамагийн өргөл энэ юм.
33|17574158|18377219|Найм дахь өдөр нь Манассегийн хөвгүүдийн удирдагч, Педахзурын хүү Гамалиел байв.  Өргөл нь ариун газрын шекелээр нэг зуун гучин шекелийн жинтэй нэг мөнгөн таваг, далан шекелийн нэг мөнгөн аяга бөгөөд аль аль нь идээн өргөл буюу тосонд багсарсан сайн гурилаар дүүрэн байв.
34|18400416|19125243|Мөн утлагат тахилаар дүүрэн, арван шекелийн алтан бойпор нэг,  шатаалт тахилд үхэр сүргийн нэг төл, нэг хуц, нэг эр хурга,  нүглийн тахилд ямаан сүргээс нэг ухна,  эвийн тахилын нядлах тахилд хоёр үхэр, таван хуц, таван ухна, таван эр хурга байлаа.
35|19151174|19276286|Педахзурын хүү Гамалиелын өргөл энэ юм.
36|19305833|20468529|Ес дэх өдөр нь Бениамины хөвгүүдийн удирдагч, Гидеоны хүү Абидан байв.  Өргөл нь ариун газрын шекелээр нэг зуун гучин шекелийн жинтэй нэг мөнгөн таваг, далан шекелийн нэг мөнгөн аяга бөгөөд аль аль нь идээн өргөл буюу тосонд багсарсан сайн гурилаар дүүрэн байв.  Мөн утлагат тахилаар дүүрэн, арван шекелийн алтан бойпор нэг,  шатаалт тахилд үхэр сүргийн нэг төл, нэг хуц, нэг эр хурга,
37|20492211|20984191|нүглийн тахилд ямаан сүргээс нэг ухна,  эвийн тахилын нядлах тахилд хоёр үхэр, таван хуц, таван ухна, таван эр хурга байлаа. Гидеоны хүү Абиданы өргөл энэ юм.
40|24430473|25221363|Арван хоёр дахь өдөр нь Нафталийн хөвгүүдийн удирдагч, Енаны хүү Ахира байв.  Өргөл нь ариун газрын шекелээр нэг зуун гучин шекелийн жинтэй нэг мөнгөн таваг, далан шекелийн нэг мөнгөн аяга бөгөөд аль аль нь идээн өргөл буюу тосонд багсарсан сайн гурилаар дүүрэн байв.
41|25252586|25946940|Мөн утлагат тахилаар дүүрэн, арван шекелийн алтан бойпор нэг,  шатаалт тахилд нэг үхэр, нэг хонь, нэг эр хурга, нүглийн тахилд ямаан сүргээс нэг ухна,   эвийн тахилын нядлах тахилд хоёр үхэр, таван хуц, таван ухна, таван эр хурга байлаа.
42|25978913|26092514|Енаны хүү Ахирагийн өргөл энэ юм.
43|26122414|26898001|Энэ нь тахилын ширээг тосолсон өдөр Израилийн удирдагчдаас үүнд өргөсөн зориулалт байлаа. Үүнд: арван хоёр мөнгөн таваг, арван хоёр мөнгөн аяга, арван хоёр алтан бойпор,  мөнгөн таваг бүр нэг зуун гучин шекел бөгөөд аяга бүр далан шекел байв.
44|26934163|27604791|Бүх мөнгөн хэрэгсэл нь ариун газрын шекелээр хоёр мянга дөрвөн зуу байлаа.  Утлагат тахилаар дүүрэн, арван хоёр алтан бойпор ариун газрын шекелээр тусбүр арван шекел бөгөөд бойпруудын бүх алт нь зуун хорин шекел байлаа.
45|27635485|28712187|Шатаалт тахилд зориулсан бүх үхэр нь арван хоёр бух, арван хоёр хуц, арван хоёр эр хурга идээн өргөлүүдийнхээ хамт мөн нүглийн тахилд арван хоёр ухна,  эвийн тахилын нядлах тахилд зориулсан бүх үхэр нь хорин дөрвөн бух бөгөөд жаран хуц, жаран ухна, жаран эр хурга байлаа. Энэ нь тахилын ширээг тосолсны дараа үүнд өргөсөн зориулалт байв.
46|28743630|29340170|Мосе Түүнтэй ярихаар уулзалтын майханд ороход гэрчлэлийн авдар дээр байсан хэлтрүүлгийн таг дээгүүрээс, хоёр херубын дундаас өөртэй нь ярих дууг тэр сонсов. Тийнхүү Тэр түүнтэй ярилаа.
