verse|start|end|sentence
1|89214|167403|Тавдугаар бүлэг
2|195936|279153|Бузартсан хүмүүс
3|305613|384243|Тэгээд ЭЗЭН, Мосетэй ярин
4|406954|849410|Уяман өвчтэй, шүүрдэстэй мөн үхсэн хүнээс болж бузартсан аливаа хүнийг хуарангаас гадагш гарган явуулахыг Израилийн хөвгүүдэд тушаагтун.
5|873885|1007817|Чи тэднийг эр, эм гэлтгүй гаргаж явуул.
6|1032381|1291733|Дунд нь Миний оршиж буй хуаранг тэд бузарлахгүйн тулд тэднийг хуарангаас гаргагтун
7|1314929|1356780|гэж айлдлаа.
8|1379536|1780317|Израилийн хөвгүүд түүнчлэн үйлдэж, тэднийг хуарангийн гадна гаргав. Израилийн хөвгүүд тийн Мосед ЭЗЭНий айлдсан ёсоор болголоо.
9|1804130|1899519|Гэмшил ба нөхөн төлбөр
10|1924435|1994687|Тэгээд ЭЗЭН, Мосетэй ярин
11|2016781|2442743|Израилийн хөвгүүдэд Эр, эм аливаа хүн нэгэндээ ямар нэгэн харш юм хийж, ЭЗЭНий эсрэг тэрсэлвэл, тэр хүн ялтай болно.
12|2469600|2916597|Тэрээр үйлдсэн гэм нүглээ улайж, ялынхаа нөхөн төлбөрийг бүрэн хийж, үүн дээрээ дахиж үүний тавны нэгийг нэмэн, түүнийгээ хохирогчид өгөх ёстой.
13|2942396|3810945|Харин уг хохирогч хүнд ялын нөхөн төлбөрийг авах хамаатан байхгүй аваас түүнд эвлэрүүллийг хийхээр ашигласан эвлэрүүлгийн хуцны хамт ялын нөхөн төлбөр нь ЭЗЭНд зориулагдан тахилчид очно.  Мөн тахилчид өргөх Израилийн хөвгүүдийн ариун зүйлсийн хандив бүхэн нь түүнийх байх юм.
14|3833436|4221869|Хүн бүрийн ариусган зориулсан зүйл нь түүнийх бөгөөд аливаа хүний тахилчид өгөх юм бүр түүнийх болно гэж хэл хэмээн айлдав.
15|4246697|4337852|Үнэнч бус эхнэрийн тухайд
16|4384201|4461244|Тэгээд ЭЗЭН, Мосетэй ярин
17|4483558|5390210|Израилийн хөвгүүдтэй ярин тэдэнд ийн хэлтүгэй. Хэрэв хэн нэгэн хүний эхнэр урван төөрөлдөж нөхөртөө үнэнч бус байсан бол, хэрэв өөр эр түүнтэй хурьцал үйлдсэн ч, энэ явдал нөхрийнх нь нүднээс далдлагдаж, ингэснээр өнөөх эмэгтэй өөрийгөө бузарласан хэдий ч тэр нь илчлэгдээгүй,
18|5413539|6468852|түүний эсрэг ямар ч гэрч байхгүй мөн тэрээр үйлдэл дээрээ баригдаагүй боловч  нөхөрт нь хардах сэтгэл төрж, тэрээр өөрийгөө бузарласан эхнэрээ хардвал, эсвэл эхнэр нь өөрийгөө бузарлаагүй байхад нөхөрт нь хардах сэтгэл төрж эхнэрээ хардвал, тэр хүн эхнэрээ тахилчид авчрах бөгөөд түүний өргөл болох ефагийн аравны нэг арвайн гурилыг авчрах ёстой.
19|6492093|6912939|Энэ нь хардалтын идээн өргөл бөгөөд хилэнцийг сануулсан сануулгын идээн өргөл учир тэр үүн дээр тос асгаж болохгүй, гүгэл ч тавих ёсгүй.
20|6935474|7124796|Тахилч өнөөх эмэгтэйг ойртуулж, ЭЗЭНий өмнө түүнийг зогсооно.
21|7149006|7424367|Тахилч шавар саванд ариун усыг хийгээд, асрын шалан дээрх шорооноос авч түүнийгээ усанд хийнэ.
22|7446549|8033829|Тахилч тэр эмэгтэйг ЭЗЭНий өмнө зогсоогоод, толгойг нь задгайлж, хардалтын идээн өргөл болох сануулгын идээн өргөлийг гарт нь өгнө. Тахилчийн гарт хараал авчрах гашуун ус байх болой.
23|8056629|8720422|Тахилч өнөөх эмэгтэйгээр андгайлуулаад, тэр эмэгтэйд Хэрэв ямар ч эр хүн чамтай унтаагүй бөгөөд чи нөхрийнхөө эсрэг бузар явдалд самуураагүй байх аваас хараал авчрах энэ гашуун уснаас чи чөлөөлөгдөнө.
24|8747587|9290811|Хэрэв чи нөхрийнхөө эсрэг садарлан, өөрийгөө бузарлаж, нөхрөөс чинь өөр эр хүн чамтай хурьцал үйлдсэн байх аваас тахилч өнөөх эмэгтэйгээр хараалын тангараг тавиулаад, эмэгтэйд
25|9317977|9689034|ЭЗЭН гуяыг чинь хатаан, хэвлийг чинь хөөлгөж ард олны чинь дунд чамайг хараал ба тангараг болгох болтугай.
26|9712539|9961043|Хараал авчрах энэ ус чиний дотор орж, хэвлийг чинь хөөлгөн, гуяыг чинь хатааг гэнэ.
27|9984284|10100134|Өнөөх эмэгтэй Амен, Амен гэж хэлэг.
28|10123199|11204134|Тахилч эдгээр хараалыг хуйлмал номд бичээд, түүнийгээ гашуун усанд угаана.  Тэгээд тэр хараал авчрах гашуун усыг эмэгтэйд уулгана. Хараалыг авчрах гашуун ус түүний биед орон, гашууныг бий болгох ажгуу. Тахилч өнөөх эмэгтэйн гараас хардалтын идээн өргөлийг авч, уг идээн өргөлийг ЭЗЭНий өмнө даллан, тахилын ширээнд авчирна.
29|11228830|11524873|Тахилч дурсгалын хувь болох идээн өргөлөөс атгыг авч, тахилын ширээн дээр шатаан уугиулаад,
30|11548202|11661451|дараа нь тэр эмэгтэйд усыг уулгана.
31|11686279|12432407|Эмэгтэйд усыг уулгахад хэрэв тэр эмэгтэй өөрийгөө бузарлан, нөхөртөө үнэнч бус байсан аваас хараал авчрах ус түүний биед орон гашууныг бий болгох бөгөөд түүний хэвлий хөөн, гуя нь хатаж, тэр эмэгтэй ард олныхоо дунд хараал болно.
32|12457544|12802230|Хэрэв өнөөх эмэгтэй өөрийгөө бузарлаагүй бөгөөд цэвэр байх аваас тэр чөлөөлөгдөж, үр тогтох чадвар нь хэвээрээ байна.
33|12826485|12911553|Хардалтын хууль энэ юм.
34|12932898|13631221|Эхнэр нь нөхрийнхөө захиргаан дор байдаг атал самуурч, өөрийгөө бузарлаваас эсвэл нөхөрт нь хардах сэтгэл төрж, тэрээр эхнэрээ хардан эмэгтэйг ЭЗЭНий өмнө зогсоовоос тахилч энэ бүх хуулийг эмэгтэйд хэрэгжүүлэх ажгуу.
35|13655035|13909581|Тэгээд нөхөр нь хилэнцээс цэвэрлэгдэж, харин эмэгтэй хилэнцээ үүрэх болно
36|13929734|13976172|гэж айлдлаа.
