verse|start|end|sentence
1|96887|161891|наймдугаар бүлэг
2|191217|253971|Долоон дэнлүү
3|324090|387815|ЭЗЭН, Мосетэй ярин
4|424506|846190|Ааронтай яриад Чамайг дэнлүүнүүдийг байрлуулан асаахад долоон дэнлүү нь дэнлүүний суурийн өмнөхийг гэрэлтүүлнэ гэж түүнд хэл гэж айлдав.
5|889982|1218924|Аарон тийнхүү хийж, Мосед ЭЗЭНий тушаасан ёсоор дэнлүүний суурийн өмнөхийг гэрэлтүүлэхээр дэнлүүнүүдийг асаав.
6|1241944|1785388|Дэнлүүний уран хийц нь алтыг давтаж хийсэн бүтээл бөгөөд сууриасаа цэцгүүдийг нь хүртэл давтаж хийсэн байв. Мосед ЭЗЭНий үзүүлсэн загварын дагуу тэр дэнлүүний суурийг хийсэн билээ.
7|1853523|1986352|Левичүүдийн үйлчлэл ба зориулалт
8|2051752|2131661|ЭЗЭН, Мосетэй дахин ярьж
9|2179422|2329935|Израилийн хөвгүүдийн дундаас левичүүдийг авч цэвэршүүл.
10|2352867|2942881|Тэднийг цэвэршүүлэхийн тулд чи тэдэнд дараахыг хийгтүн. Тэдний дээр цэвэршүүлэгч усыг цац. Тэд бие махбодынхоо хамаг үсийг тонгоргоор хусаж, хувцаснуудаа угааж, тэгээд цэвэр болно.
11|2988877|3276674|Тэгээд тэд үхэр сүргийн нэг төлийг, тосонд багсарсан сайн гурилан идээн өргөлийнх нь хамт аваг.
12|3301855|3457792|Үхэр сүргийн хоёр дахь төлийг чи нүглийн тахилд авагтун.
13|3490603|4058390|Чи левичүүдийг уулзалтын майхны өмнө авчрагтун. Мөн Израилийн хөвгүүдийн даяар хотол түмнийг цуглуул.  Чи левичүүдийг ЭЗЭНий өмнө авчирч, Израилийн хөвгүүд левичүүдийн дээр гараа тавиг.
14|4086835|4481662|Левичүүд ЭЗЭНий үйлчлэлийг гүйцэтгэхийн тулд Израилийн хөвгүүдийн дундаас даллах өргөл болгон Аарон тэднийг ЭЗЭНий өмнө авчирна.
15|4504374|4993972|Левичүүд бухнуудын толгой дээр гараа тавихад, левичүүдэд эвлэрүүллийг хийхийн тулд чи нэгийг нь нүглийн тахил, нөгөөг нь шатаалт тахил болгон ЭЗЭНд өргөгтүн.
16|5015052|5316651|Чи левичүүдийг Аарон болон түүний хөвгүүдийн өмнө зогсоож, тэднийг ЭЗЭНд даллах өргөл болгон авчир.
17|5350035|5618384|Ингэж чи левичүүдийг Израилийн хөвгүүдийн дундаас салгах ба левичүүд Минийх болно.
18|5643256|5873811|Үүний дараа левичүүд уулзалтын майханд үйлчлэл хийхээр орж болно.
19|5897801|6305903|Харин чи тэднийг цэвэрлэн, тэднийг даллах өргөлөөр өргө.  Учир нь тэд Израилийн хөвгүүдийн дундаас Надад бүхлээрээ өгөгдсөн болой.
20|6336155|6663995|Хэвлийг анх нээгч бүрийн оронд, Израилийн бүх хөвгүүдийн уугануудын оронд Би тэднийг Өөртөө авсан.
21|6694291|6970931|Учир нь Израилийн хөвгүүдийн дундах, хүн, малын доторх аливаа ууган нь Минийх.
22|7007313|7299961|Египет нутагт бүх ууганыг устгасан тэр өдөртөө Би тэднийг Өөртөө ариусгасан болой.
23|7336696|7581231|Харин Би Израилийн хөвгүүдийн бүхий л ууганы оронд левичүүдийг авсан билээ.
24|7617084|8650215|Израилийн хөвгүүд ариун газарт ойртон очсоноос болж Израилийн хөвгүүдийн дунд гай гамшиг учрахгүй байхын тулд уулзалтын майханд Израилийн хөвгүүдийн үйлчлэлийг гүйцэтгүүлж, Израилийн хөвгүүдийн өмнөөс эвлэрүүллийг хийлгэхээр Би левичүүдийг Израилийн хөвгүүдийн дундаас аваад Аарон ба түүний хөвгүүдэд бэлэг болгон өгсөн болой гэж айлдлаа.
25|8684127|8997943|Мосе, Аарон болон Израилийн хөвгүүдийн даяар хотол түмэн нь бүхэлдээ левичүүдэд тийнхүү үйлдлээ.
26|9031503|9284814|Левичүүдийн талаар Мосед ЭЗЭНий тушаасан бүхний дагуу Израилийн хөвгүүд тэдэнд тийнхүү хийв.
27|9319697|9657414|Левичүүд өөрсдийгөө нүглээс цэвэрлэн, хувцсаа угааж, Аарон тэднийг ЭЗЭНий өмнө даллах өргөлөөр өргөв.
28|9693180|9853086|Аарон тэднийг цэвэршүүлэхийн тулд тэдний төлөө эвлэрүүллийг хийлээ.
29|9879326|10400852|Үүний дараа Аарон болон түүний хөвгүүдийн өмнө уулзалтын майханд үйлчлэлээ хийхээр левичүүд дотогш оров. Левичүүдийн тухайд Мосед ЭЗЭНий тушаасан ёсоор тэд үйлдэв.
30|10431105|10490949|ЭЗЭН, Мосетэй ярин
31|10532358|10881675|Левичүүдийн тухайд хорин тав ба түүнээс дээш насныхан уулзалтын майханд үйлчлэлийн ажлыг гүйцэтгэхээр орох ёстой.
32|10912456|11152096|Гэвч тавин нас хүрээд тэд үйлчлэлийн ажилаа зогсоох бөгөөд цаашид ажиллаж болохгүй.
33|11186273|11495723|Харин тэд дүү нартаа уулзалтын майханд үүргээ сахихад нь тусалж болох боловч өөрсдөө ямар ч ажил хийж болохгүй.
34|11523638|11780918|Левичүүдэд үүрэгтэй нь холбогдуулан чи ийнхүү үйлдэгтүн гэж айлдав.
