verse|start|end|sentence
1|89964|131682|Назир хүн
2|153115|216927|Зургаа дугаар бүлэг
3|263629|336659|ЭЗЭН, Мосетэй ярин
4|362502|1504162|Израилийн хөвгүүдтэй ярин тэдэнд ийн хэлтүгэй. Эр, эм аливаа хүн онцгой ам өчиг болох назирийн ам өчгийг тавьж, өөрийгөө ЭЗЭНд ариусган тусгаарлах аваас  тэр хүн дарс болон сархдыг цээрлэж, дарсны цууг эсвэл сархдаар хийсэн цууг уух ёсгүй, усан үзмийн шүүсийг ч уух ёсгүй, шинэ юмуу хатаасан усан үзмийг ч идэх ёсгүй.
5|1549365|1920819|Тусгаарлалтынхаа бүх өдөрт тэрээр үрээс нь авахуулаад хальсыг нь хүртэл усан үзмийн модны ямар ч бүтээгдэхүүнийг идэх ёсгүй.
6|1965360|2535705|Тусгаарлалтынх нь ам өчгийн бүх өдөрт толгойд нь тонгорог хүрэх ёсгүй. ЭЗЭНд өөрийгөө тусгаарласан өдрүүд нь дуустал тэрээр ариун байх ёстой. Тэрээр толгойнхоо үсийг урт ургуулах ёстой.
7|2563974|2773184|ЭЗЭНд тусгаарлагдсан бүх өдрүүдэд тэрээр үхсэн хүнд ойртож болохгүй.
8|2818651|3265869|ЭЗЭНий ариусган тусгаарлалт түүний толгой дээр байгаа учир эцэг, эх, ах, эгч дүүгээ өөд болох үед ч тэр тэдний төлөө өөрийгөө бузарлах ёсгүй.
9|3292550|3457881|Тусгаарлалтын бүх өдрүүдэд тэрээр ЭЗЭНд ариун болой.
10|3503877|3911229|Харин түүний дэргэд хүн гэв гэнэтхэн үхэж, тэрээр ариусган тусгаарласан толгойгоо бузарласан байх аваас цэвэрших өдөр тэрээр үсээ хусах ёстой.
11|3940996|4423274|Тэрээр долоо дахь өдөр үсээ хусах ёстой.Найм дахь өдөр тэрээр уулзалтын майхны үүдэнд тахилчид хоёр хүүрзгэнэ эсвэл хоёр өсвөр тагтааг авчрах ёстой.
12|4456746|4978228|Тахилч нэгийг нь нүглийн тахилд, нөгөөг нь шатаалт тахилд өргөж, үхсэн хүнээс болж нүгэл үйлдсэнд нь түүнд эвлэрүүллийг хийх бөгөөд тэр өдрөө мөнөөх хүний толгойг ариусгана.
13|5009848|5291603|Тэрээр назир байх өдрүүдээ ЭЗЭНд ариусган тусгаарлаж, ялын тахилд эр хурга авчирна.
14|5326971|5535564|Харин түүний тусгаарлалт бузартсан байсан тул урьдын өдрүүд нь алдагдах болно.
15|5568374|5891760|Назирийн хууль энэ юм. Тэр хүний тусгаарлалтын өдрүүд дуусахад түүнийг уулзалтын майхны үүдэнд авчрах ёстой.
16|5936962|7002330|Тэр хүн тахилаа ЭЗЭНд өргөхдөө шатаалт тахилд согоггүй эр хурга нэгийг, нүглийн тахилд согоггүй охин төлөг нэгийг, эвийн тахилд согоггүй хуц нэгийг мөн исгээгүй талх нэг сагсыг, тосоор багсарсан, сайн гурилан исгээгүй боов, тос түрхсэн исгээгүй бин зэргийг идээн өргөл болон ундаан өргөлүүдийнх нь хамт авчрах болой.
17|7046694|7330257|Тахилч эдгээрийг ЭЗЭНий өмнө авчрах бөгөөд тэр хүний нүглийн тахил ба шатаалт тахилыг өргөнө.
18|7363068|7865499|ЭЗЭНд эвийн тахилын нядлах тахил болгон хуцыг нэг сагс исгээгүй талхны хамт өргөх бөгөөд тахилч мөн үүний идээн өргөл болон ундаан өргөлүүдийг өргөх ажгуу.
19|7912333|8425172|Назир хүн ариусган тусгаарласан толгойгоо уулзалтын майхны үүдэнд хусаж, толгойнхоо ариусган тусгаарлагдсан үсийг авч, эвийн тахилын өргөлийн доор байх галд хийнэ.
20|8471389|9538212|Тахилч, хуцын чанасан далыг мөн сагснаас исгээгүй нэг боов болон исгээгүй нэг бинг авч, ариусган тусгаарлалтын үсээ хуссаных нь дараа назирийн гар дээр тавина. Тахилч тэдгээрийг ЭЗЭНий өмнө даллах өргөл болгон даллах ажгуу. Энэ нь даллан өргөсөн өвчүү болон хандивын гуяны хамт тахилчид ариун болой.
21|9566745|9689255|Үүний дараа назир хүн дарс ууж болно.
22|9734148|10312432|Олж авчирч чадах юмандаа нэмэлт болгон, тусгаарлалтынхаа төлөө ЭЗЭНд өргөхөөр ам өгсөн назирийн хууль энэ юм. Тэрээр тусгаарлалтын хуулийн дагуу, өгсөн ам өчгөөрөө үйлдэх ёстой
23|10339024|10383212|гэж айлдав.
24|10416331|10495314|Тахилчийн ерөөл
25|10523759|10593878|Мосед ЭЗЭН айлдан
26|10641594|10937020|Аарон болон түүний хөвгүүдэд Израилийн хөвгүүдийг та нар ингэж ерөөгтүн. Та нар тэдэнд
27|10970757|11097147|Чамайг ЭЗЭН ерөөж, сахин хамгаалах болтугай.
28|11124445|11585819|Чиний дээр ЭЗЭН царайгаа гэрэлтүүлж чамайг өршөөх болтугай. ЭЗЭН чам уруу нүүрээ харуулж, Чамд амар тайвныг өгөх болтугай гэж хэл хэмээв.
29|11631948|11955730|Тэд Израилийн хөвгүүдийн дээр Миний нэрийг дуудах бөгөөд Би тэднийг ерөөх болно гэв.
