verse|start|end|sentence
1|86744|290398|Хоёрдугаар бүлэг Хуарагнах ба хөдлөх дараалал
2|340716|448938|ЭЗЭН Мосе, Аарон нартай ярин
3|500049|799003|Израилийн хөвгүүд, хүн бүр өөрийн тугийн дэргэд, эцгүүдийнхээ бүлийн тэмдгүүдийн дэргэд буудаллах ёстой.
4|835254|974786|Тэд уулзалтын майхан тийш харан хүрээлж буудаллах ёстой.
5|995513|1752048|Зүүн талд буюу наран мандах зүгт Иудагийн хуарангийн туг дайчдынхаа бүлэглэлүүдээр буудаллана. Иудагийн хөвгүүдийн удирдагч Амминадабын хүү Нахшон бөгөөд  түүний дайчид, тэдний тоолуулсан эрчүүд нь далан дөрвөн мянга зургаан зуу болой.
6|1783668|1903179|Түүний дэргэд буудаллагсад нь Иссахарын овог байна.
7|1923553|2491341|Иссахарын хөвгүүдийн удирдагч Зуарын хүү Нетанел бөгөөд түүний дайчид, тэдний тоолуулсан эрчүүд нь тавин дөрвөн мянга дөрвөн зуу болой. Дараа нь Зебулуны овог байна.
8|2511318|2931371|Зебулуны хөвгүүдийн удирдагч Хелоны хүү Елиаб бөгөөд түүний дайчид, тэдний тоолуулсан эрчүүд нь тавин долоон мянга дөрвөн зуу болой.
9|2979263|3245319|Иудагийн хуарангийн дайчдынхаа бүлэглэлүүдээр тоолуулсан эрчүүд зуун наян зургаан мянга дөрвөн зуу байна.
10|3267854|3705811|Иудагийн хуарангийн дайчдынхаа бүлэглэлүүдээр тоолуулсан эрчүүд зуун наян зургаан мянга дөрвөн зуу байна. Тэд эхэнд хөдлөх ёстой ажгуу
11|3739283|4385612|Өмнөд талд нь Реубений хуарангийн туг дайчдынхаа бүлэглэлүүдээр байна. Реубений хөвгүүдийн удирдагч Шедеурын хүү Елизур бөгөөд  мөн түүний дайчид, тэдний тоолуулсан эрчүүд нь дөчин зургаан мянга таван зуу болой.
12|4432976|4547327|Түүний дэргэд буудаллагсад нь Симеоны овог байна.
13|4568407|5606874|Симеоны хөвгүүдийн удирдагч Зуришаддаин хүү Шелумиел бөгөөд  түүний дайчид, тэдний тоолуулсан эрчүүд нь тавин есөн мянга гурван зуу болой.  Дараа нь Гадын овог байна. Гадын хөвгүүдийн удирдагч Деуелийн хүү Елиасаф бөгөөд түүний дайчид, тэдний тоолуулсан эрчүүд нь дөчин таван мянга зургаан зуун тавь болой.
14|5645108|6092944|Реубений хуарангийн дайчдынхаа бүлэглэлүүдээр тоолуулсан эрчүүд зуун тавин нэгэн мянга дөрвөн зуун тавь байна. Тэд хоёрдугаарт хөдлөх ёстой.
15|6129503|6380079|Хуарангуудын гол дунд нь уулзалтын майхан левичүүдийн хуарантай хамт хөдлөх ёстой.
16|6417784|6707654|Хүн бүр өөрийн байранд, тугийнхаа дэргэд байж, буудалласантайгаа адил мөн тэгж хөдлөх ёстой.
17|6744124|6955628|Баруун талд нь Ефраимын хуарангийн туг дайчдынхаа бүлэглэлүүдээр байна.
18|6984072|7421985|Ефраимын хөвгүүдийн удирдагч Аммихудын хүү Елишама бөгөөд түүний дайчид, тэдний тоолуулсан эрчүүд нь дөчин мянга таван зуу болой.
19|7457618|7544187|Дэргэд нь Манассегийн овог байна.
20|7579687|7999563|Манассегийн хөвгүүдийн удирдагч Педахзурын хүү Гамалиел бөгөөд түүний дайчид, тэдний тоолуулсан эрчүүд нь гучин хоёр мянга хоёр зуу болой.
21|8034579|8138081|Дараа нь Бениамины овог байна.
22|8177595|8632971|Бениамины хөвгүүдийн удирдагч Гидеоны хүү Абидан бөгөөд түүний дайчид, тэдний тоолуулсан эрчүүд нь гучин таван мянга дөрвөн зуу болой.
23|8669266|9127244|Ефраимын хуарангийн дайчдынхаа бүлэглэлүүдээр тоолуулсан эрчүүд зуун найман мянга нэг зуу байна. Тэд гуравдугаарт хөдлөх ёстой ажгуу.
24|9163362|9352110|Хойд талд нь Даны хуарангийн туг дайчдынхаа бүлэглэлүүдээр байна.
25|9384612|9864552|Даны хөвгүүдийн удирдагч Аммишаддаин хүү Ахиезер бөгөөд  түүний дайчид, тэдний тоолуулсан эрчүүд нь жаран хоёр мянга долоон зуу болой.
26|9899788|10023400|Дэргэд нь буудаллагсад Ашерын овог байна.
27|10059783|10473838|Ашерын хөвгүүдийн удирдагч Охраны хүү Пагиел бөгөөд түүний дайчид, тэдний тоолуулсан эрчүүд нь дөчин нэгэн мянга таван зуу болой.
28|10510176|11029806|Дараа нь Нафталийн овог байна. Нафталийн хөвгүүдийн удирдагч Енаны хүү Ахира бөгөөд түүний дайчид, тэдний тоолуулсан эрчүүд нь тавин гурван мянга дөрвөн зуу болой
29|11065836|11288982|Даны хуарангийн тоолуулсан эрчүүд зуун тавин долоон мянга зургаан зуу байна.
30|11311385|11492151|Тэд тугаа барин сүүлд хөдлөх ёстой гэж айлдав.
31|11512260|11739375|Тэд Израилийн хөвгүүдээс эцгүүдийнхээ бүлийн дагуу тоолуулсан эрчүүд болой.
32|11776596|12072992|Хуарангуудад дайчдын бүлэглэлээрээ тоолуулсан эрчүүд зургаан зуун гурван мянга таван зуун тавь байв.
33|12106199|12391659|Харин Мосед ЭЗЭНий тушаасан ёсоор левичүүд Израилийн хөвгүүдийн дунд тоолуулсангүй.
34|12427776|12916449|Мосед ЭЗЭНий тушаасан бүхний дагуу Израилийн хөвгүүд үйлдэж, өөр өөрсдийн тугийн дэргэд буудаллан, хүн бүр өөрийн ургаар, эцгүүдийнхээ бүлийн дагуу хөдлөн нүүж байв.
