verse|start|end|sentence
1|92610|161758|Гуравдугаар бүлэг
2|182441|256220|Аароны хөвгүүд
3|294984|904358|Синаи уулан дээр ЭЗЭН, Мосетэй ярьсан тэр үеийн Аарон болон Мосегийн уг угсаа энэ байна.  Аароны хөвгүүдийн нэрс нь ууган хүү Надаб, Абиху, Елеазар, Итамар нар юм.
4|930554|1255747|Энэ нь тахилчийн албанд үйлчлэхээр түүгээр томилон тослогдсон тахилч нар болох Аароны хөвгүүдийн нэрс болой.
5|1292659|1618734|Харин Надаб, Абиху нар Синаин цөлд ЭЗЭНий өмнө ёс бус галыг өргөхдөө ЭЗЭНий өмнө үхсэн билээ.
6|1647267|1992923|Тэд үр хүүхэдгүй байв. Ингээд Елеазар, Итамар нар эцэг Аароныхаа өмнө тахилчийн албанд үйлчилжээ.
7|2028291|2119269|Левичүүдийн үүрэг
8|2169455|2230842|ЭЗЭН, Мосетэй ярин
9|2269474|2495178|Леви овгийг авчран, тахилч Ааронд үйлчлүүлэхээр тэднийг түүний өмнө байлга.
10|2519080|2799335|Тэд түүнд болон даяар хотол түмний төлөө уулзалтын майхны өмнө үүрэг гүйцэтгэж, асрын үйлчлэлийг хийнэ.
11|2836026|3388114|Тэд бас уулзалтын майхны хэрэгсэл бүхнийг хадгалах агаад майхны үйлчлэлд Израилийн хөвгүүдийн өмнөөс үүрэг хүлээнэ. Чи левичүүдийг Аарон болон түүний хөвгүүдэд өгөх ёстой.
12|3409547|3837493|Тэд Израилийн хөвгүүдийн дундаас түүнд бүрэн өгөгдсөн ажгуу. Чи Аарон ба түүний хөвгүүдийг томилж, тахилчийн албыг сахиул
13|3861175|5563347|Харин ойртож очсон гаднын хүнийг алах ёстой гэж айлдав.ЭЗЭН, Мосетэй ярин Харагтун, Израилийн хөвгүүдийн дунд хэвлийг анх нээгч ууган бүрийн оронд Израилийн хөвгүүдийн дундаас левичүүдийг Би авав. Тиймээс левичүүд Минийх байх болно.Учир нь ууган бүхэн Минийх. Египет нутагт Би ууган бүхнийг цохиж устгасан тэр өдөр, хүнээс авахуулаад адгуус мал хүртэлх Израилийн ууган бүхнийг Би Өөртөө ариусган зориулсан. Тэд Минийх байх ёстой. Би ЭЗЭН гэж айлдав.
14|5602331|5685107|Левичүүдийг тоолов
15|5706981|5824463|Тэгээд Синаин цөлд ЭЗЭН, Мосетэй ярин
16|5864065|6551363|Левийн хөвгүүн бүрийг эцгүүдийнх нь бүлээр, ургуудаар нь тоол. Нэг сар ба түүнээс дээш насны эр хүйстэн бүрийг чи тоологтун гэж айлдав.  Ингээд өөрт нь тушаасан ёсоор, ЭЗЭНий үгийн дагуу Мосе тэднийг тоолов.
17|6571782|6810671|Левийн хөвгүүд нь нэрсийнхээ дагуу Гершон, Кохат, Мерари нар юм.
18|6838895|7025659|Ургуудынхаа дагуу Гершоны хөвгүүдийн нэрс нь Либни, Шимеи.
19|7052868|7281703|Ургуудынхаа дагуу Кохатын хөвгүүд нь Амрам, Изхар, Хеброн, Уззиел.
20|7307325|7660919|Ургуудынхаа дагуу Мерарийн хөвгүүд нь Махли, Муши. Энэ нь эцгүүдийнхээ бүлийн дагуух левичүүдийн ураг байлаа.
21|7685703|7892488|Гершоноос либничүүдийн ураг, шимеичүүдийн ураг гарчээ.
22|7929268|8423188|эдгээр нь гершончуудын ураг болой.Тэднээс тоолуулсан эрчүүд буюу нэг сар ба түүнээс дээш насны тоолуулсан эр хүйстний тоо долоон мянга таван зуу байв.
23|8445370|8673279|Гершончуудын ураг асрын ард буюу баруун зүгт нь буудаллах ёстой байлаа.
24|8697666|8928265|Гершончуудын эцгүүдийн бүлийн удирдагч нь Лаелын хүү Елиасаф болой.
25|8963501|9740367|Уулзалтын майхан дахь Гершоны хөвгүүдийн үүрэгт нь асар ба майхан, түүний бүтээлэг ба уулзалтын майхны үүдний дэлгэц, асар болон тахилын ширээг тойрсон хашааны хөшигнүүд болон хашааны үүдний дэлгэц, эдгээрийн оосрууд ба тэдгээрт холбогдох бүх үйлчлэл багтаж байна.
26|9775779|10108425|Кохатаас амрамчуудын ураг, изхарчуудын ураг, хебрончуудын ураг, уззиелчүүдийн ураг гарчээ.
27|10131313|10250074|Энэ нь кохатчуудын ураг болой.
28|10277372|10627703|Ариун газрын үүргийг гүйцэтгэх, нэг сар ба түүнээс дээш насны эр хүйстний тоо найман мянга зургаан зуу болой.
29|10658264|10827564|Кохатын хөвгүүдийн ураг асрын өмнө талд буудаллах ёстой.
30|10851290|11079595|Кохатчуудын ургийн эцгүүдийн бүлийн удирдагч нь Уззиелийн хүү Елизафан болой.
31|11115846|11612323|Тэдний үүрэгт нь авдар, ширээ, дэнлүүний суурь, тахилын ширээнүүд болон үйлчлэлд хэрэглэдэг ариун газрын сав суулга, дэлгэц болон тэдгээрийн бүх үйлчлэлүүд багтана.
32|11641165|11950747|Тахилч Аароны хүү Елеазар нь Левийн удирдагчдын тэргүүн нь байх бөгөөд ариун газрын үүрэг гүйцэтгэгчдийг хянана.
33|11987350|12291993|Мерариас махличуудын ураг, мушичүүдийн ураг гарчээ. Эдгээр нь Мерарийн ургууд болой.
34|12316997|12654142|Тэдний нэг сар ба түүнээс дээш насны тоолуулсан бүх эр хүйстний тоо зургаан мянга хоёр зуу болой.
35|12691230|12912039|Мерарийн ургуудын эцгийн бүлийн удирдагч нь Абихаилын хүү Зуриел байв.
36|12938763|13038385|Тэд асрын хойд талд буудаллах ёстой.
37|13064184|13754657|Мерарийн хөвгүүдийн хадгалах үүрэгт асрын яс мод, түүний хөндлүүд, багананууд, углуурууд, бүх хэрэгслүүд болон тэдгээрийн үйлчлэл  мөн хашааг тойрсон багананууд углууруудынхаа хамт, тэдгээрийн гадас ба оосрууд багтаж байлаа.
38|13781338|14545591|Израилийн хөвгүүдийн төлөөх үүргийг сахин ариун газрын үүргийг гүйцэтгэх Мосе, Аарон ба түүний хөвгүүд асрын нүүрэн талд, зүүн зүгт буюу уулзалтын майхны урд, зүүн зүгт буудаллах ёстой. Харин ойртож очсон гаднын хүн үхэх ёстой.
39|14587177|15091946|ЭЗЭНий үгээр Мосе Аарон нарын тоолсон, нэг сар ба түүнээс дээш насны эр хүйстэн буюу ургаараа тоолуулсан левичүүдийн бүх эрчүүд хорин хоёр мянга байлаа.
40|15131283|15210266|Уугануудыг золих нь
41|15249383|15334672|Тэгээд ЭЗЭН, Мосед айлдахдаа
42|15369335|15771659|Израилийн хөвгүүдийн нэг сар ба түүнээс дээш насны эр хүйстэн ууган бүрийг тоолж, нэр нэрээр нь тоог ав. Би ЭЗЭН.
43|15810246|16289702|Чи Израилийн хөвгүүдийн дундах ууган бүхний оронд левичүүдийг мөн Израилийн хөвгүүдийн мал сүрэг дундах бүх ууган төлийн оронд левичүүдийн мал сүргийг Надад авагтун
44|16311267|16355146|гэж айлдлаа.
45|16390911|16657584|Тэгээд өөрт нь ЭЗЭНий тушаасны дагуу Израилийн хөвгүүдийн дундах ууган бүрийг Мосе тоолжээ.
46|16693878|17116577|Нэг сар ба түүнээс дээш насны, нэр нэрээрээ тоолуулсан бүх ууган эр хүйстэн хорин хоёр мянга хоёр зуун далан гурав байлаа.
47|17152739|17232868|Тэгээд ЭЗЭН, Мосетэй ярин
48|17269119|17643175|Израилийн хөвгүүдийн дундах ууган бүрийн оронд левичүүдийг, тэдний мал сүргийн оронд левичүүдийн мал сүргийг авагтун.
49|17668047|17855604|Левичүүд Минийх байх болно. Би ЭЗЭН.
50|17886474|18309041|Левичүүдийн тооноос давсан Израилийн хөвгүүдийн хоёр зуун далан гурван ууганы төлбөрт чи толгой тусбүрд таван шекелийг авах ёстой.
51|18345908|18883752|Тэдгээрийг чи ариун газрын шекелээр авч нэг шекел нь хорин гера, тэдний дундах илүү гарагсдын төлбөр буюу уг мөнгийг Аарон болон түүний хөвгүүдэд өг гэж айлдав.
52|18904567|19227467|Тийнхүү левичүүдээр үнэ нь төлөгдсөн хүмүүсээс гадна илүү гарагсдаас золилтын мөнгийг Мосе авчээ.
53|19263144|20010463|Израилийн хөвгүүдийн уугануудаас түүний авсан мөнгө ариун газрын шекелээр нэг мянга гурван зуун жаран тав байлаа.  Ингээд Мосе, ЭЗЭН өөрт нь тушаасанчлан, ЭЗЭНий үгийн дагуу уг төлбөр мөнгийг Ааронд болон түүний хөвгүүдэд өгөв.
