verse|start|end|sentence
1|82908|150513|Дөрөвдүгээр бүлэг
2|219088|263365|Кохатынхан
3|313198|423051|Тэгээд ЭЗЭН, Мосе Аарон нартай ярин
4|485982|778541|Левийн хөвгүүдийн дундаас Кохатын хөвгүүдийн нийлбэр тоог авч, тэдний ургуудаар нь, эцгүүдийнх нь бүлээр,
5|799312|1102588|гучин наснаас дээш тавин нас хүртэлх, уулзалтын майханд ажил хийхээр үйлчлэлд орох бүгдийг тоол.
6|1146864|1421298|Уулзалтын майханд Кохатын үр удмын хийх ариунаас ариун зүйлстэй холбогдох ажил нь энэ болой.
7|1462091|2259551|Хуаран нүүх болоход Аарон ба түүний хөвгүүд дотогш орж, дэлгэцийн хөшгийг буулган авч, түүгээр гэрчлэлийн авдрыг бүтээх ёстой. Тэд түүн дээр далайн гахайн арьсан бүтээлгийг тавьж, дээгүүр нь нэлдээ хөх даавуугаар бүтээгээд, хөндлөвчүүдийг нь шургуулна.
8|2292759|2843259|Тавиг талхны ширээн дээгүүр тэд хөх даавуу дэлгэж, түүн дээр таваг, сав болон тахилын хул, ундаан өргөлд зориулсан аягануудыг тавих бөгөөд ширээн дээр байнгын талх байх ёстой ажгуу.
9|2880523|3231383|Эдгээрийн дээгүүр тэд хүрэн улаан даавуу дэлгэж, далайн гахайн арьсан бүтээлэгтэй адил бүрж, хөндлөвчүүдийг нь шургуулна.
10|3271646|4064211|Тэгээд тэд хөх даавуу авч, гэрэлтүүлэгч дэнлүүний суурийг дэнлүүнүүдтэй нь хамт мөн үүний хямсаа, тосгуурууд болон үүнд хэрэглэгддэг тосны бүх савыг бүтээж,бүх хэрэгслүүдийнх нь хамт далайн гахайн арьсан бүтээлэгт ороож, түүнийгээ дамнуурга дээр тавих ажгуу.
11|4108091|4475929|Алтан тахилын ширээн дээгүүр тэд хөх даавуу дэлгэж, түүнийг далайн гахайн арьсан бүтээлгээр бүтээгээд, хөндлөвчүүдийг нь шургуулна.
12|4515399|4905287|Тэд ариун газарт үйлчлэхдээ хэрэглэдэг хэрэгсэл бүхнийг авч, хөх даавуунд ороож, далайн гахайн арьсан бүтээлгээр бүтээж, дамнуурга дээр тавина.
13|4942860|5213722|Тэгээд тэд тахилын ширээнээс үнсийг нь зайлуулж, дээгүүр нь нил ягаан даавуу дэлгэнэ.
14|5248737|5949795|Тэд мөн үүний үйлчлэлд хэрэглэгддэг бүх хэрэгсэл болох бойпор, сэрээ, утгуур, хулнууд, тахилын ширээний хэрэгсэл бүгдийг түүн дээр тавиад, дээгүүр нь далайн гахайн арьсан бүтээлгээр бүтээж, хөндлөвчүүдийг нь шургуулна.
15|5970302|6442877|Аарон ба түүний хөвгүүд ариун юмс, ариун газрын эдлэл бүхнийг бүтээж дуусахад буюу хуаран нүүх болсон үед Кохатын хөвгүүд тэдгээрийг үүрч явахаар ирэх ёстой.
16|6478025|6867075|Харин тэд ариун юмсад хүрэх ёсгүй, эс бөгөөс тэд үхэх юм. Энэ нь уулзалтын майхан дахь Кохатын хөвгүүдийн ачаа юм.
17|6901473|7539336|Тахилч Аароны хүү Елеазарын үүрэгт гэрэлтүүлгийн тос, анхилуун утлага болон байнгын идээн өргөл, тослох тос, асрын бүх үүрэг мөн үүний доторх бүхэн ба ариун газар, түүний бүх хэрэгсэл нь байна
18|7561474|7603413|гэж айлдав.
19|7635209|7761688|Тэгээд Мосе Аарон нартай ЭЗЭН ярин
20|7790176|8010500|Кохатчуудын ургийн овгийг левичүүдийн дундаас тасрахыг бүү зөвшөөр.
21|8046309|8990931|Харин тэд ариунаас ариун юмсад хүрэх үедээ үхэлгүй, амьд байхын тулд үүнийг тэдэнд хий. Аарон ба түүний хөвгүүд дотогш орж, хүн тус бүрд өөрсдийнх нь ажил болон ачааг зааж өгөг.  Харин ариун юмсыг бүтээж байхад тэд дотогш орж, харах ёсгүй, эс бөгөөс тэд үхэх болно гэж айлдлаа.
22|9025726|9134653|Гершоныхон ба Мерарийнхан
23|9162745|9238288|Тэгээд ЭЗЭН, Мосетэй ярин
24|9264263|9837739|Мөн Гершоны хөвгүүдийн нийлбэр тоог авч, тэднийг эцгүүдийнх нь бүлээр, ургуудаар нь гучин наснаас дээш тавин нас хүртэлх, уулзалтын майханд ажил хийхээр үйлчлэлд орох бүгдийг чи тоологтун.
25|9862038|10098988|Үйлчлэлд болон ачаа зөөхөд гершончуудын ургийн үйлчлэл нь энэ болой.
26|10122405|11130487|Тэд уулзалтын майхны хөшиг болон асар, түүний бүтээлэг, орой дээр нь байдаг далайн гахайн арьсан бүтээлэг, уулзалтын майхны үүдэн дэх дэлгэц, хашааны хөшигнүүд, асар болон тахилын ширээний эргэн тойрон дахь хашааны хаалганы үүдэн дэх дэлгэц, тэдгээрийн оосор, тэдгээрт хэрэглэгдэх хэрэгсэл бүхэн болон тэдгээрт хийгдсэн бүхнийг зөөнө.
27|11154036|11220583|Тэд ийнхүү гүйцэтгэнэ.
28|11243295|11595080|Гершончуудын хөвгүүдийн бүх ачаа болон бүх ажил дахь бүх үйлчлэл нь Аарон болон түүний хөвгүүдийн тушаалаар байх ёстой.
29|11618233|11789693|Та нар тэдэнд үүрэг болгон бүх ачааг нь зааж өгөгтүн.
30|11809935|12265092|Энэ нь уулзалтын майхан дахь гершончуудын хөвгүүдийн ураг бүгдийн үйлчлэл бөгөөд тэдний үүрэг нь тахилч Аароны хүү Итамарын удирдлага дор байх болой.
31|12287891|12827058|Мерарийн хөвгүүдийн хувьд, чи тэднийг ургуудаар нь, эцгүүдийнх нь бүлээр,  гучин наснаас дээш тавин нас хүртэлх, уулзалтын майхны ажлыг хийхээр үйлчлэлд орох хүн бүрийг тоологтун.
32|12852680|13670294|Уулзалтын майхан дахь тэдний бүх үйлчлэлийн дагуух тэдний ачааны үүрэг гэвэл асрын дүнзнүүд, үүний хөндлүүд, багананууд болон углуурууд,эргэн тойрны хашааны багананууд болон тэдгээрийн углуурууд, гадаснууд, оосрууд, тэдгээрийн хэрэгсэл бүхэн болон тэдгээрийн бүх үйлчлэл юм.
33|13700194|13931542|Тэдний үүрэг ёсоор үүрч явах зүйл бүрийг нэрээр нь тогтоож өгөгтүн.
34|13954298|14354946|Тахилч Аароны хүү Итамарын гар дор хийх Мерарийн хөвгүүдийн ургуудын үйлчлэл буюу уулзалтын майханд хамаатай тэдний бүх үйлчлэл энэ юм
35|14378849|14424624|гэж айлдав.
36|14449717|14542371|Левичүүдийг тоолов
37|14566803|15272491|Тиймээс Мосе, Аарон ба даяар хотол түмний удирдагчид кохатчуудын хөвгүүдийг тэдний ургуудаар нь, эцгүүдийнх нь бүлээр, гучин наснаас дээш бүр тавин нас хүртэлх, уулзалтын майханд ажил хийхээр үйлчлэлд орсон хүн бүрийг тоолов.
38|15298378|15502340|Ургуудаараа тоолуулсан эрчүүд нь хоёр мянга долоон зуун тавь байлаа.
39|15526287|16002919|Мосегоор дамжуулсан ЭЗЭНий тушаалын дагуу Мосе, Аарон нарын тоолсон, уулзалтын майханд үйлчилж байсан хүн бүр буюу кохатчуудын ургийн тоолуулсан эрчүүд байлаа.
40|16026160|16575911|Гершоны хөвгүүдээс тэдний ургуудаар нь, эцгүүдийнх нь бүлээр,  гучин наснаас дээш бүр тавин нас хүртэлх, уулзалтын майхны ажил хийхээр үйлчлэлд орсон хүн бүхэн тоолуулав.
41|16600033|16864942|Тэдний ургуудаар, эцгүүдийнх нь бүлээр тоолуулсан эрчүүд нь хоёр мянга зургаан зуун гуч байв.
42|16888668|17365918|Эдгээр нь ЭЗЭНий тушаалын дагуу Мосе, Аарон нарын тоолсон, уулзалтын майханд үйлчилж байсан хүн бүр буюу Гершоны хөвгүүдийн ургуудын тоолуулсан хүмүүс байлаа.
43|17389864|18110502|Мерарийн хөвгүүдээс тэдний ургуудаар нь, эцгүүдийнх нь бүлээр,гучин наснаас дээш тавин нас хүртэлх, уулзалтын майханд ажил хийхээр үйлчлэлд орсон хүн бүхэн тоологдов.  Тэдний ургуудаараа тоолуулсан эрчүүд нь гурван мянга хоёр зуу байлаа.
44|18133787|18485838|Мосегоор дамжуулан ЭЗЭНий тушаалын дагуу Мосе, Аарон нарын тоолсон, Мерарийн хөвгүүдийн ургуудын тоолуулсан хүмүүс нь эд байлаа.
45|18508417|19475706|Тоолуулсан бүх левичүүд буюу Мосе, Аарон болон Израилийн удирдагчдын тоолсон бүх хүн болох ургуудаар, эцгүүдийнхээ бүлээр,  уулзалтын майхан дахь үйлчлэл болон зөөх ажлыг хийхээр орох чадвартай гучин наснаас дээш тавин нас хүртэлх бүх хүн, буюу тэдний тоолуулсан эрчүүд нь найман мянга таван зуун ная болов.
46|19498991|19804780|ЭЗЭНий тушаалаар Мосегийн гараар тоологдсон хүн бүр өөрийн үйлчлэл болон зөөх ажлаараа тоологджээ.
47|19828683|20037055|Ингэж Мосед ЭЗЭНий тушаасан ёсоор тэд түүгээр тоолууллаа.
