verse|start|end|sentence
1|102664|161185|есдүгээр бүлэг
2|209871|307156|Синаид Алгасалыг сахив
3|354343|660573|Тэднийг Египет нутгаас гарсны дараа хоёр дахь жилийн эхний сард Синаин цөлд ЭЗЭН, Мосетэй ярин
4|707011|897479|Израилийн хөвгүүдээр тогтоогдсон цагт нь Алгасалыг сахиул.
5|922175|1196036|Уг сарын арван дөрөвний өдөр, үдшийн бүрийгээр та нар үүнийг тогтоогдсон цагт нь сахигтун.
6|1243267|1473557|Та нар үүнийг бүх зарлиг, бүх тогтоомжийнх нь дагуу сахигтун гэлээ.
7|1519994|1662525|Мосе Израилийн хөвгүүдэд Алгасалыг сахих тухай хэлэв.
8|1709271|1979075|Тэд Синаин цөлд байхдаа эхний сарын арван дөрөвний өдөр, үдшийн бүрийгээр Алгасалыг сахив.
9|2008137|2180921|Мосед ЭЗЭНий тушаасан бүхний дагуу Израилийн хөвгүүд тийн үйлдэв.
10|2217392|2675767|Гэтэл үхсэн хүнээс болж бузартсан хэсэг хүн тэр өдөр Алгасалыг сахиж чадсангүй. Тиймээс тэд Мосе, Аарон нарын өмнө тэр өдөр ирээд, тэд түүнд
11|2722337|3170349|Бид үхсэн хүнээс болж бузартсан. Гэвч Израилийн хөвгүүдийн дотор тогтоогдсон цагт нь ЭЗЭНий өргөлийг авчрахыг юунд бидэнд хориглов гэлээ. Мосе тэдэнд
12|3201130|3396758|Байж бай. Та нарын талаар ЭЗЭН юу тушаахыг би сонсъё гэв.
13|3422733|3483238|ЭЗЭН, Мосетэй ярин
14|3506787|3987081|Израилийн хөвгүүдэд Үхсэн хүнээс болж бузар болсон эсвэл холын аянд явж байгаа, та нарын мөн үр удмын чинь хэн нь ч ЭЗЭНд Алгасалыг сахиж болно.
15|4015790|4408280|Тэд үүнийг хоёрдугаар сарын арван дөрөвний өдрийн үдшийн бүрийгээр сахиж, үүнийг исгээгүй талх, гашуун ногоотой хамт идэх болой.
16|4437738|4657401|эд өглөө болтол үүнээс юуг ч үлдээх ёсгүй бөгөөд ясыг нь хугалж болохгүй.
17|4683243|4826304|Алгасалын бүх зарлигийн дагуу тэд үүнийг сахих ёстой. 
18|4857482|5917558|Харин цэвэр байгаа болон холын аянд яваагүй атлаа Алгасалыг сахихгүй хүн байх аваас тэрээр ЭЗЭНий тахилыг тогтоогдсон цагт нь өргөөгүй тул тэр хүн ард олноосоо таслагдаж гэм нүглээ үүрнэ.  Хэрэв ирмэл хүн та нарын дунд түр сууж байгаад ЭЗЭНд Алгасалыг сахих аваас тэр үүнийг Алгасалын зарлиг, хууль цаазынх нь дагуу хийх ёстой.
19|5946796|6249984|Ирмэл хүнд ч нутгийн уугуул хүнд ч та нар нэг л зарлигтай байх ёстой” гэж хэл хэмээн айлдлаа.
20|6278428|6342329|Үүл ба гал
21|6366628|7110860|Асрыг босгосон тэр өдөр гэрчлэлийн майхан буюу асрыг үүл бүрхэж, үдшээс өглөө хүртэл асрын дээр гал мэт үзэгдэв.  Энэ нь тийнхүү үргэлжлэн, өдөр нь үүл түүнийг бүрхэж, шөнө нь гал мэт үзэгдэж байлаа.
22|7133175|7498234|Асрын дээрээс үүл дээшлэх болгонд Израилийн хөвгүүд хөдөлж, үүл буун тогтсон газарт Израилийн хөвгүүд буудаллаж байв.
23|7523636|7772316|ЭЗЭНий тушаалаар Израилийн хөвгүүд аянд гарч, ЭЗЭНий тушаалаар тэд буудалладаг байв.
24|7805347|8004679|Үүл асрын дээр тогтон байх үед тэд буудаллан үлддэг байлаа.
25|8032991|8828511|Үүл асрын дээр олон хоногоор саатахад Израилийн хөвгүүд ЭЗЭНий журам зааврыг сахин, аянд гардаггүй байв.  Зарим үед үүл асрын дээр хэдэн хоногоор саатах аваас тэд ЭЗЭНий тушаалын дагуу буудаллан үлддэг бөгөөд ЭЗЭНий тушаалын дагуу аянд гардаг байлаа.
26|8860704|9171521|зарим үед үүл үдшээс өглөө болтол саатан, өглөө нь үүл өргөгдөх аваас тэд хөдөлдөг байв.
27|9199921|9447234|Үүл өдрөөр эсвэл шөнөөр, хэзээ өргөгдөнө тэр үед тэд аянд гардаг байв.
28|9495744|9955663|Хоёр өдрөөр эсвэл сараар эсвэл жилээр ч үүл асрын дээр саатаж тэнд байхад Израилийн хөвгүүд буудаллан үлддэг бөгөөд аянд гардаггүй байлаа.
29|9988473|10132151|Харин түүнийг өргөгдөх үед тэд аянд гардаг байлаа.
30|10162580|10357502|Тэд ЭЗЭНий амаар буудаллаж, ЭЗЭНий амаар аянд гардаг байв.
31|10386608|10625013|Мосегоор дамжсан ЭЗЭНий амаар тэд ЭЗЭНий журам зааврыг сахидаг байлаа.
