verse|start|end|sentence
1|106148|150777|Тооллого.
2|175738|235538|Нэгдүгээр бүлэг.
3|257279|357254|Изралийн анхны тооллого.
4|408895|855981|Тэднийг Египет нутгаас гарснаас хойш хоёр дахь жилийн хоёрдугаар сарын нэгэнд Синаин цөлд, уулзалтын майхан дотор ЭЗЭН, Мосед айлдаж
5|904446|1368114|Израилийн хөвгүүдийн даяар хотол түмний тооллогыг хийж, тэдний ургуудаар, эцгүүдийнх нь бүлээр, нэр нэрээр нь эр хүйстэн бүрийг толгой дараалан тоол.
6|1397661|1765190|Дайнд явж чадах хорь ба түүнээс дээш насны, Израиль дахь хүн бүрийг Аарон та хоёр дайчдын бүлэглэлээр нь тоол.
7|1798001|2072303|Та нартай хамт овог бүрээс өөрийн эцгийн бүлийн тэргүүн болох нэг нэг хүн байх ёстой.
8|2120328|2555903|Та нартай хамт байх хүмүүсийн нэрс бол Реубенийнхнээс Шедеурын хүү Елизур, Симеонынхноос Зуришаддаин хүү Шелумиел.
9|2577468|3129159|Иудагийнхнаас Амминадабын хүү Нахшон,  Иссахарынхнаас Зуарын хүү Нетанел, Зебулунынхнаас Хелоны хүү Елиаб, Иосефын хөвгүүд
10|3150371|3483459|Ефраимынхнаас Аммихудын хүү Елишама, Манассегийнхнаас Педахзурын хүү Гамалиел,
11|3505244|3641248|Бениаминынхнаас Гидеоны хүү Абидан
12|3663254|3969573|Данынхнаас Аммишаддаин хүү Ахиезер, Ашерынхнаас Охраны хүү Пагиел,
13|3990564|4307952|Гадынхнаас Деуелийн хүү Елиасаф, Нафталийнхнаас Енаны хүү Ахира нар болой.
14|4339484|4699825|Эд хотол түмнээс дуудагдсан хүмүүс бөгөөд эцгүүдийнхээ овгийн удирдагчид, Израилийн мянгатын тэргүүн нар билээ гэв.
15|4733649|5535167|Тийнхүү нэрээрээ дурдагдсан энэ хүмүүсийг Мосе, Аарон нар авч,  хоёрдугаар сарын нэгэнд даяар хотол түмнийг бүхэлд нь цуглуулж, хорь ба түүнээс дээш насны эрчүүдийг ураг, эцгүүдийнх нь бүл, нэр нэрээр нь толгой дараалан удам угсаагаар бүртгэв.
16|5569477|5802148|Мосед ЭЗЭНий тушаасан ёсоор тэр тэднийг Синаин цөлд тоолов.
17|5850085|6484684|Израилийн ууган хүү Реубений хөвгүүд өөрсдийн уг угсаа дагуу ургуудаар, эцгүүдийнхээ бүлээр, нэр нэрээр, дайнд явж чадах хорь ба түүнээс дээш насны эр хүйстэн бүр толгой дараалан тоолуулав
18|6520140|6725029|Реубен овгоос тоолуулсан эрс дөчин зургаан мянга таван зуу байлаа.
19|6746373|7297227|Симеоны хөвгүүд өөрсдийн уг угсаа дагуу ургуудаар, эцгүүдийнхээ бүлээр, нэр нэрээр, дайнд явж чадах хорь ба түүнээс дээш насны эр хүйстэн бүр толгой дараалан тоолуулав.
20|7335241|7543481|Симеон овгоос тоолуулсан эрс тавин есөн мянга гурван зуу байлаа.
21|7578673|8356861|Гадын хөвгүүд өөрсдийн уг угсаа дагуу ургуудаар, эцгүүдийнхээ бүлээр, нэр нэрээр, дайнд явж чадах хорь ба түүнээс дээш насны эр хүйстэн бүр толгой дараалан тоолуулав. Гад овгоос тоолуулсан эрс дөчин таван мянга зургаан зуун тавь байлаа.
22|8388922|8897307|Иудагийн хөвгүүд өөрсдийн уг угсаа дагуу ургуудаар, эцгүүдийнхээ бүлээр, нэр нэрээр, дайнд явж чадах хорь ба түүнээс дээш насны эр хүйстэн бүр толгой дараалан тоолуулав.
23|8919269|9129361|Иуда овгоос тоолуулсан эрс далан дөрвөн мянга зургаан зуу байлаа.
24|9166802|9698075|Иссахарын хөвгүүд өөрсдийн уг угсаа дагуу ургуудаар, эцгүүдийнхээ бүлээр, нэр нэрээр, дайнд явж чадах хорь ба түүнээс дээш насны эр хүйстэн бүр толгой дараалан тоолуулав.
25|9731943|9939787|Иссахар овгоос тоолуулсан эрс тавин дөрвөн мянга дөрвөн зуу байлаа.
26|9976522|10741481|Зебулуны хөвгүүд өөрсдийн уг угсаа дагуу ургуудаар, эцгүүдийнхээ бүлээр, нэр нэрээр, дайнд явж чадах хорь ба түүнээс дээш насны эр хүйстэн бүр толгой дараалан тоолуулав.Зебулун овгоос тоолуулсан эрс тавин долоон мянга дөрвөн зуу байлаа.
27|10776320|11532987|Иосефын хөвгүүдээс, Ефраимын хөвгүүд уг угсаа дагуу ургуудаар, эцгүүдийнхээ бүлээр, нэр нэрээр, дайнд явж чадах хорь ба түүнээс дээш насны эр хүйстэн бүр толгой дараалан тоолуулав. Ефраим овгоос тоолуулсан эрс дөчин мянга таван зуу байлаа.
28|11567165|12333358|Мөн Манассегийн хөвгүүд өөрсдийн уг угсаа дагуу ургуудаар, эцгүүдийнхээ бүлээр, нэр нэрээр, дайнд явж чадах хорь ба түүнээс дээш насны эр хүйстэн бүр толгой дараалан тоолуулав. Манассе овгоос тоолуулсан эрс гучин хоёр мянга хоёр зуу байлаа.
29|12369609|12894928|Бениамины хөвгүүд өөрсдийн уг угсаа дагуу ургуудаар, эцгүүдийнхээ бүлээр, нэр нэрээр, дайнд явж чадах хорь ба түүнээс дээш насны эр хүйстэн бүр толгой дараалан тоолуулав.
30|12930737|13146783|Бениамин овгоос тоолуулсан эрс гучин таван мянга дөрвөн зуу байлаа.
31|13183165|13679290|Даны хөвгүүд өөрсдийн уг угсаа дагуу ургуудаар, эцгүүдийнхээ бүлээр, нэр нэрээр, дайнд явж чадах хорь ба түүнээс дээш насны эр хүйстэн бүр толгой дараалан тоолуулав.
32|13715011|13912403|Дан овгоос тоолуулсан эрс жаран хоёр мянга долоон зуу байлаа.
33|13948036|14452187|Ашерын хөвгүүд өөрсдийн уг угсаа дагуу ургуудаар, эцгүүдийнхээ бүлээр, нэр нэрээр, дайнд явж чадах хорь ба түүнээс дээш насны эр хүйстэн бүр толгой дараалан тоолуулав.
34|14476266|14671673|Ашер овгоос тоолуулсан эрс дөчин нэгэн мянга таван зуу байлаа.
35|14707702|15155494|Нафталийн хөвгүүд өөрсдийн уг угсаа дагуу ургуудаар, эцгүүдийнхээ бүлээр, нэр нэрээр, дайнд явж чадах хорь ба түүнээс дээш насны эр хүйстэн бүр толгой дараалан тоолуулав.
36|15180454|15402454|Нафтали овгоос тоолуулсан эрс тавин гурван мянга дөрвөн зуу байлаа.
37|15424460|15819111|Эдгээр нь Мосе, Аарон болон Израилийн удирдагчид, тусбүрдээ эцгийнхээ бүлийг төлөөлсөн арван хоёр хүнээр тоолуулсан хүмүүс ажээ. 
38|15855008|16476597|Ийнхүү Израилийн хөвгүүдээс эцгүүдийнхээ бүлээр тоолуулсан бүхэн нь дайнд явж чадах хорь ба түүнээс дээш насныхан буюу тоолуулсан эр хүн бүгд зургаан зуун гурван мянга таван зуун тавь байлаа.
39|16498471|16794823|Харин тэдний дунд левичүүд эцгүүдийнхээ овгийн дагуу тоолуулсангүй. Учир нь ЭЗЭН, Мосед
40|16828912|17125485|Зөвхөн Леви овгийг чи бүү тоол, Израилийн хөвгүүдийн дунд тэдний нийлбэр тоог бүү ав.
41|17148858|17427923|Харин чи левичүүдэд гэрчлэлийн асар ба түүний бүх хэрэгсэл, түүнд буй бүхнийг хариуцуул.
42|17449002|17776533|Тэд асар болон түүний хэрэгсэл бүхнийг авч явж, түүн дотор үйлчлэн мөн асрыг тойрон буудаллаж байг.
43|17811725|18297575|Асрыг нүүлгэх болоход левичүүд түүнийг буулгаж, асрыг буудаллуулах үед тэд түүнийг босгон барих ёстой. Харин ойртож очсон гаднын хүн үхэх ёстой.
44|18318258|18650154|Израилийн хөвгүүд, хүн бүр хуарангийнхаа дэргэд, тугийнхаа доор дайчдын бүлэглэлээрээ буудаллах ёстой.
45|18684949|19091419|Харин Израилийн хөвгүүдийн даяар хотол түмэн дээр уур хилэнг байлгахгүйн тулд левичүүд гэрчлэлийн асрыг тойрон буудаллах ёстой.
46|19126258|19361090|Ийнхүү левичүүд гэрчлэлийн асрын үүргийг сахих болно гэж айлдав.
47|19392181|19606904|Мосед ЭЗЭНий тушаасан бүхний дагуу Израилийн хөвгүүд тийнхүү хийв.
