verse|start|end|sentence
1|88067|142928|хорьдугаар бүлэг
2|166786|833754|Дайны журам Чи дайсантайгаа тулалдахаар гараад, морьд, тэрэгт цэрэг, өөрийнхөөс чинь илүү олон хүнийг харвал тэднээс бүү ай. Учир нь чамайг Египет нутгаас авчирсан ЭЗЭН Бурхан чинь чамтай хамт байна.
3|874679|1344476|Та нарыг тулалдааны газар ойртох үед тахилч хүрч очоод, ард түмэнд хандан ярьж  тэдэнд Израиль аа, сонс Өнөөдөр та нар дайсантайгаа тулалдахаар хүрч ирээд байна.
4|1367496|1624599|Бүү зүрх алд, та нар тэднээс бүү ай, бүү чичир, бүү цочирд
5|1653000|2640796|Учир нь та нарын төлөө дайсантай чинь байлдахаар, та нарыг аврахаар та нартай хамт явагч нь Бурхан ЭЗЭН чинь юм гэж хэлнэ.  Түшмэд ард олонд Шинэ байшин бариад, ёслолоо хийгээгүй хүн хэн байна вэ Тэр хүн гэртээ буц. Тэрээр дайнд амиа алдаж, өөр хүн байшингийнх нь ёслолыг хийх вий.
6|2669549|3926267|Усан үзмийн цэцэрлэг тариад, түүнээсээ амсаагүй хүн хэн байна вэ Тэр хүн гэртээ буц. Тэрээр дайнд амиа алдаж, өөр хүн түүнээс нь идэх вий.  Бүсгүй хүнтэй сүй тавьсан боловч түүнийгээ авч амжаагүй хүн хэн байна вэ Тэр хүн гэртээ буц. Тэр дайнд амиа алдаж, өөр хүн түүнийг нь авах вий гээд,  үргэлжлүүлэн түшмэд ард олонтой ярьж тэдэнд Аймхай, зүрхгүй хүн хэн байна вэ
7|3946112|4866214|Тэр хүн гэртээ буц. Тэрээр өөрийнхөө зүрх шиг, ах дүү нараа зүрх алдуулах вий гэж хэлнэ. Түшмэд ард олонд ярьж дуусахад, ард олныг тэргүүлэх цэргийн дарга нарыг тэд томилох болно. Чи аль нэг хотыг дайран эзлэхээр ойртон очих үедээ, тэр хотынхонд амар тайвныг зарлан тунхагла.
9|8340368|8697225|Та нар тэр моддоос идэх учраас тэдгээрийг бүү цавчин унага. Талбайн модод чинь хүн юм уу Та нар яахин түүнийг бүсэлнэ вэ
10|8721833|8923458|Харин идэж болох жимстэй мод биш болохыг нь мэдэж байгаа моддыг устга.
11|8946302|9440883|Тэгээд цавчин бэхлэлт хийж, та нартай байлдаж байгаа тэр хотынхныг ялагдах хүртэл нь хэрэглэ.
