verse|start|end|sentence
2|3383263|3829511|Тэгээд Мосе ба тахилч левичүүд бүх Израильд Израиль аа, чихээ тавин сонс Өнөөдөр чи ЭЗЭН Бурханыхаа ард түмэн нь боллоо.
3|3864879|4290444|Тиймээс Бурхан ЭЗЭНийхээ дуу хоолойг дуулгавартай дагаж, өнөөдөр чамд миний тушааж буй Түүний тушаал, зарлигуудыг мөрд гэв.
4|4314038|4388876|Арван хоёр хараал
5|4416394|4549708|Мосе мөн өдөр ард түмэнд эдгээрийг тушаав.
7|8020202|9015363|Хадам эхтэйгээ хавьтсан хүн нь хараагдсан гэхэд бүх ард түмэн Амен гэнэ.Хөршөө нууцаар алдаг хүн нь хараагдсан гэхэд бүх ард түмэн Амен гэнэ. Гэмгүй хүнийг алахаар хахууль авагч хүн нь хараагдсан гэхэд бүх ард түмэн Амен гэнэ.Энэ хуулийн бүх үгийг хэрэгжүүлдэггүй, гүйцэтгэдэггүй хүн нь хараагдсан гэхэд бүх ард түмэн Амен гэнэ.
