verse|start|end|sentence
1|85554|591292|хоринтавдугаар бүлэг Хэрэв хүмүүс хоорондоо маргалдан шүүхэд ирвэл тэднийг шүүж, зөвтнийг нь зөвтгөж, буруутныг нь шийтгэх ёстой.
2|611402|1018445|Буруутанд жанчих шийтгэл ногдуулах нь зөв байвал шүүгч түүнийг өмнөө хэвтүүлээд хийсэн гэм буруугийнх нь хэрээр түүнийг ташуурдуулна.
3|1045478|1234888|Түүнийг дөч хүртэл ташуурдаж болно, харин түүнээс хэтрүүлж болохгүй.
4|1258966|1495827|Хэрэв чи үүнээс илүү ташуурдвал ах дүү чинь хэтэрхий дорд үзэгдэхэд хүрэх вий.
5|1549806|1695909|Тариа цайруулж байгаа үхэрт хошуувч бүү хий.
6|1752886|1836765|Нэр хадгалах гэрлэлт
7|1914513|2324378|Ах дүүс цугтаа амьдарч байгаад нэг нь өөд болохдоо хөвгүүнгүй байвал, эхнэр нь гэр бүлийнхээ гадуурх гаднын хүнтэй гэрлэж болохгүй.
8|2351191|3459512|Харин нөхрийн ах дүү нь түүн дээр орж, өөрийн эхнэр болгон авч, нөхрийн ах дүүгийн үүргийг түүнд гүйцэтгэх ёстой.  Мөнөөх өөд болсон хүний нэрийг Израилиас алга болгохгүйн тулд тэр эмэгтэйн төрүүлэх ууган хүү нь түүний голомтыг залгамжлах ёстой.  Харин хүн ах дүүгийнхээ эхнэрийг авах хүсэлгүй байвал ах дүүгийнх нь эхнэр хотын хаалган дээрх ахмадуудад очиж
9|3499599|3951801|Миний нөхрийн ах дүү Израилийн дунд ах дүүгийнхээ нэрийг авч явахаас татгалзаж байна. Тэр надад нөхрийн ах дүүгийн үүргийг гүйцэтгэхгүй байна гэж хэлнэ.
11|7810330|8824542|Тиймээс ЭЗЭН Бурхан чинь чамд өв болгон эзэмшүүлэхээр өгч буй тэр газар нутаг дээр эргэн тойронд чинь байгаа бүх дайснаас чиний Бурхан ЭЗЭН чамайг ангижруулж, амраах тэр цагт чи Амалекийн тухай дурсамжийг тэнгэрийн доороос арчин хаях ёстой. Чи үүнийг бүү март
