verse|start|end|sentence
1|81364|909209|хорингуравдугаар бүлэг Чуулганаас хөөх тухай Төмсгөө няцлуулсан юмуу бэлэг эрхтнээ огтлуулсан хэн ч ЭЗЭНий чуулганд орох ёсгүй. Хууль бус гэрлэлтээс төрсөн хэн ч, түүний арав дахь үеийнхэн хүртэл ЭЗЭНий чуулганд орох ёсгүй.
2|959968|1117449|Аммончууд, моабчууд ЭЗЭНий чуулганд орох ёсгүй.
3|1146644|1336097|Тэдний арав дахь үеийнхэн хүртэл ЭЗЭНий чуулганд орох ёсгүй.
4|1370672|1990409|Учир нь чамайг Египетээс гарахад замд чинь тэд талх ус барин та нарыг угтаагүй агаад чамайг хараалгахын тулд Месопотами дахь петор хүн Беорын хүү Балаамыг чиний эсрэг хөлсөлсөн болой.
5|2019294|2779270|Гэсэн хэдий ч ЭЗЭН Бурхан чинь чамайг хайрладаг учир ЭЗЭН Бурхан чинь Балаамыг сонсохыг хүссэнгүй, харин хараалыг чиний төлөө ерөөл болгон эргүүлсэн.  Чи бүх өдрүүдийнхээ туршид, үүрд тэдэнд амар тайван, сайн сайхныг бүү эрэлхийл.
6|2810757|2994610|Чи едомчуудыг бүү үзэн яд. Тэд чиний ах дүүс.
7|3032227|3302296|Чи египетчүүдийг бүү үзэн яд. Учир нь та нар тэдний газар нутагт ирмэл хүмүүс байсан.
8|3322934|3542420|Тэднээс төрсөн гурав дахь үеийн хөвгүүд ЭЗЭНий чуулганд орж болно.
9|3576509|3755335|Ариун цэвэр, дэг жаяг, энэрэнгүйн тухай заавар
10|3780957|4010762|Чи дайснуудынхаа эсрэг хуарагнахдаа аливаа ёрын муу зүйлээс сэргийл.
11|4052657|4423935|Хэрэв та нарын хэн нэг нь шөнө дур тавьснаас болж бузартсан бол тэрээр хуарангаас гарч, хуарандаа эргэж орох ёсгүй.
12|4463405|4730739|Харин орой болоход тэр биеэ усаар угаагаад, нар шингэмэгц хуарандаа эргэн орж болно.
13|4753715|4950445|Чи бас хуарангаас гадна бие засах газар барьж, тийшээ очиж болно.
14|4988724|5149733|Чиний багаж зэвсгүүдийн дунд ухуур гадас байх ёстой.
15|5170195|5713728|Чи гараад бие засахдаа, түүгээрээ газар ухаж, ялгадсаа эргүүлэн бул.  ЭЗЭН Бурхан чинь чамайг аварч, дайснуудыг чинь та нарт тушаахаар хуарангийн чинь дундуур явж байна.
16|5743980|6055503|Та нар дундаас Тэр бузар зүйлийг олж хараад чамайг орхихгүйн тулд хуаран чинь ариун байх ёстой.
17|6093561|6801543|Эзнээсээ чам уруу оргож очсон боолыг чи эзэнд нь буцааж бүү тушаа.  Тэр боол танай аль нэгэн хотын дотроос өөртөө таатай хэмээн сонгож авсан газартаа та нар дунд чамтай хамт амьдран сууг. Түүнийг бүү дарамтал.
18|6837440|7175069|Израиль охидын дунд шүтээний янхан байх ёсгүй. Израиль хөвгүүдийн дотор шүтээний янхан эр байх ёсгүй.
19|7211496|7745856|Янхны олсон мөнгө хийгээд эр янхны олсон хөлсийг ямар ч ам өчгийн өргөлд зориулахаар ЭЗЭН Бурханыхаа өргөөнд бүү оруул. Хоёуланг нь ЭЗЭН Бурхан чинь жигшдэг билээ.
20|7779504|8553944|Чи ах дүүдээ хүүтэй бүү зээлдүүл. Тухайлбал мөнгөний хүү, хоол хүнсний хүү зэрэг хүүлж болмоор аливаа зүйлсээ хүүтэй бүү зээлдүүл.  Чи гаднын хүнд хүүтэй зээлдүүлж болно, харин ах дүүгээсээ зээлийн хүү бүү нэх.
21|8577670|8887164|Тэгвэл ЭЗЭН Бурхан чинь чиний эзэмшихээр очих гэж буй газар нутаг дээр гарын чинь ажил үйл бүхнийг ивээнэ.
22|8929279|9537374|Чи ЭЗЭН Бурхандаа андгай өгсөн бол төлөхөө бүү удаашруул. ЭЗЭН Бурхан чинь үүнийг чамаас заавал шаардах бөгөөд энэ нь чамд нүгэл болно.  Хэрэв чи андгайлаагүй бол гэм нүгэлгүй байхсан.
23|9557793|9977536|Чи уруулаараа гаргасан зүйлээ, ЭЗЭН Бурхандаа ам өчгөө өгсөн сайн дурын өргөл болох амлан хэлсэн зүйлээ сахин биелүүлэгтүн.
24|9999278|10428679|Чи хөршийнхөө усан үзмийн цэцэрлэгт орох үедээ усан үзмээс нь дураараа, цадтал идэж болно. Харин сагсандаа нэгийг ч бүү хий.
25|10461666|10842514|Чи хөршийнхөө тариан талбайд орохдоо тариан түрүүг гараараа шувтран авч болно. Харин хөршийнхөө тарианд хадуураа бүү хүргэ.
26|10881630|11085328|хориндөрөвдүгээр бүлэг Гэрлэлт ба салалтын хууль
27|11115757|11663700|Хэрэв хүн эхнэр авч гэрлэснийхээ дараа түүнд ичгүүрт зүйл байгааг олж мэдээд, түүнийг таалахаа болих аваас тэрээр цуцлалтын бичиг бичиж, гарт нь өгөөд, түүнийг гэрээсээ явуул.
28|11708329|12596900|Тэр эмэгтэй түүний гэрээс яваад, өөр хүний эхнэр болж,  хоёр дахь нөхөр нь бас түүнд дургүйцэж цуцлалтын бичиг бичиж, гарт нь өгөөд гэрээсээ явуулах юмуу эсвэл түүнийг эхнэрээ болгон авсан хоёр дахь нөхөр нь үхвэл  тэр эмэгтэй бузартсан учир түүнийг явуулсан анхны нөхөр нь дахин эхнэрээ болгон авч болохгүй.
29|12627020|13042795|Ингэх нь ЭЗЭНий өмнө жигшүүрт зүйл болно. ЭЗЭН Бурхан чинь чамд өв болгон өгч буй газар нутагт чи нүгэл бүү авчир.
30|13081868|13136816|Бусад хуулиуд
31|13169406|13372839|Саяхан гэрлэсэн хүнийг цэрэгт бүү явуул. Аливаа албанд бүү тат.
32|13399873|13655212|Тэрээр нэг жил гэртээ чөлөөтэй сууж, авсан эхнэртээ аз жаргал өгөх ёстой.
33|13684979|13918180|Хэн ч гар тээрмийг эсвэл тээрмийн бул чулууг барьцаанд бүү ав.
34|13939083|14066444|Энэ нь хүний амийг барьцаалсан хэрэг болно.
35|14091405|14453730|Хэрэв хэн нэг нь ах дүү Израилийн хөвгүүдээс хүн хулгайлж, түүнийгээ боолчилсон юмуу худалдсан нь мэдэгдвэл хулгайчийг ал
36|14480896|14627705|Та нар дотроосоо ёрын мууг ийнхүү зайлуул.
37|14649358|14775352|Чи арьсны халдварт өвчнөөс болгоомжил.
38|14815527|15023547|Тахилч левичүүдийн та нарт заах бүгдийн дагуу хичээнгүйлэн хий.
39|15053005|15229979|Миний тэдэнд тушаасанчлан та нар анхааралтай үйлд.
40|15267111|15596273|Та нарыг Египетээс гарч явсны дараа замд ЭЗЭН Бурхан чинь Мириамд юу үйлдсэнийг санагтун.
41|15649281|15881512|Чи хөршдөө ямар нэгэн юм зээлдүүлэхдээ барьцаа авахаар гэрт нь бүү ор.
42|15906517|16171911|Чи гадаа нь зогсоод, чамаас зээл авсан хүн барьцаагаа өөрөө чамд авчирч өгөх ёстой.
43|16213012|16391220|Хэрэв тэр хүн ядуу байвал түүний барьцааг өөртөө бүү хонуул.
44|16420767|16959140|Чи түүний барьцааг нар шингэх үед буцааж өгөх ёстой. Тэгвэл тэр хүн хувцсаа нөмөрч унтаад, чамайг ерөөнө. Энэ нь ЭЗЭН Бурханы чинь өмнө чиний зөвт байдал болно.
46|18567996|18811472|Чи ирмэл хүн юмуу өнчин хүмүүс дээр шударга шүүлтийг бүү гажуудуул.
47|18834007|19273949|Бэлэвсэн эмэгтэйн хувцсыг барьцаанд бүү ав. Чи Египетэд боол байснаа, ЭЗЭН Бурхан чинь чамайг тэндээс гаргаж авсныг санаж яв.
48|19326119|20434881|Тиймээс үүнийг хийхийг би чамд тушааж байна.  Чи талбайдаа тариагаа хадаж байхдаа талбайд нэг юүжийг мартсан бол түүнийгээ авахаар бүү буц. Түүнийгээ ирмэл хүмүүс, өнчин, бэлэвсэнд үлдээ. Тэгвэл ЭЗЭН Бурхан чинь чиний гараараа хийсэн бүхнийг ерөөнө.  Чи чидун жимсний модоо түншсэний дараа түүний мөчрийг дахин бүү ажигла.
49|20460150|20645106|Үлдсэн жимсийг ирмэл хүмүүс, өнчид, бэлэвсэнд үлдээ.
50|20673815|21461353|Чи усан үзмийн цэцэрлэгээс усан үзмээ хураагаад, үлдсэнийг нь дахин бүү түү. Тэр нь ирмэл хүмүүс, өнчин, бэлэвсэнд үлдэнэ.  Чи Египет нутагт боол байснаа сана. Тиймээс үүнийг хийхийг би чамд тушааж байна.
