verse|start|end|sentence
2|1523346|2039051|Та нар тахилын ширээг нь нурааж, чулуун баганыг нь яйруул, Ашерагийн модон шонг нь галд шатааж, бурхдынх нь сийлмэл хөргүүдийг тас цавчиж, тэр газраас нэрийг нь арчин зайлуул.
3|2067452|3211979|Та нар ЭЗЭН Бурханаа энэ мэтээр хүндэтгэж болохгүй.  Харин Бурхан ЭЗЭН чинь нэрээ тавин Өөрөө суухаар танай овгуудаас сонгох тэр газрыг та бүхэн хайж, тэнд та нар оч.  Та нар шатаалт тахил, нядлах тахилаа, аравны нэг хувийн өргөл, гарын хандиваа, ам өчгийн өргөл, сайн дурын өргөлөө, үхэр, бог малынхаа ууган төл тэргүүтнээ тэнд авчрах ёстой.
6|6191375|6237327|Мөргөлийн газар
7|6261229|7299608|Чи харсан газар бүрдээ шатаалт тахилаа өргөхөөс болгоомжил Харин танай аль нэг овгийн дотроос ЭЗЭНий сонгож авах тэр газарт л чи шатаалт тахилаа тахиж, миний чамд тушаасан бүхнийг тэнд үйлдэх ёстой.  Гэвч ЭЗЭН Бурханы чинь чамд өгсөн ивээлийн дагуу чи хүссэн үедээ өөрийнхөө хотод нядалж, мах идэж болно.
8|7327170|7605133|Бузартсан ба цэвэр хүний аль нь ч гөрөөс, бугын мах иддэг шиг түүнээс идэж болно.
