verse|start|end|sentence
1|88905|593233|хоринхоердугаар бүлэг Ах дүүгийн чинь үхэр, хонь алдуул явааг харвал хайхралгүй бүү өнгөрөө. Харин чи түүнийг ах дүүдээ буцаан хүргэж өг.
2|635260|1120448|Хэрвээ ах дүү чинь чамаас хол эсвэл чи түүнийг мэдэхгүй байвал чи тэр малыг гэртээ авчраад, ах дүү чинь хайж иртэл нь өөртөө байлгаж байгаад, түүнд буцааж өг.
3|1142851|2092015|Илжиг ч байсан буцааж өг, хувцас хунар ч байсан буцааж өг. Ах дүүгийнхээ аливаа алдагдсан зүйлийг олбол чи тийнхүү буцаан өгч бай. Хайхралгүй бүү өнгөрөө. Ах дүүгийн чинь илжиг эсвэл үхэр замд өеөдсөн байхыг харвал хайхралгүй бүү өнгөр. Ах дүүдээ түүнийг түшиж босгоход нь тусал.
4|2117196|2604501|Эмэгтэй хүн эрэгтэй хүний хувцсыг бүү өмс. Эрэгтэй нь ч эмэгтэй хүний хувцсыг бүү өмс. Тэгсэн хэн бүхэн ЭЗЭН Бурханыхаа жигшлийг төрүүлэх болно.
5|2631799|3570203|Хэрэв явах замд чинь модон дээр эсвэл газарт ангаахай юмуу өндөгтэй шувууны үүр байж, ангаахай эсвэл өндгөө дарсан эх шувуу дайралдвал эх ба ангаахайг хамтад нь бүү ав  Чи эхийг нь заавал явуул. Харин ангаахайг нь өөртөө авч болно. Тэгвэл чи сайн сайхан байж, урт насална.
6|3611393|4007058|Чи шинэ байшин барихдаа, хэн нэгэн түүн дээрээс унаж, чи гэртээ цус урсгасан ял авчрахгүйн тулд дээвэр дээрээ хашлага хий.
7|4033782|4528761|Усан үзмийн цэцэрлэгтээ хоёр өөр төрлийн үр бүү тарь. Эс тэгвэл чиний тарьсан үрээс ургасан жимс, усан үзмийн цэцэрлэгийн ургац бүгд бузартана.
8|4574757|4997015|Чи шар илжиг хоёрыг нэг анжсанд хөллөн газар бүү хагал. Ноос маалинга хоёрыг хольж нэхсэн хувцас бүү өмс.
9|5032118|5207901|Өмсдөг гадуур хувцасныхаа дөрвөн өнцөгт нь бүч хий.
10|5257690|5358282|Бэлгийн харьцааны тухай хууль
12|7122855|7484034|Миний охины охин онгоны шинж тэмдэг энэ байна гэж хэлээд эцэг эх нь хотын ахмадуудын өмнө хувцсыг нь дэлгэн үзүүлнэ.
13|7520064|8053233|Хотын ахмадууд тэр хүнийг барьж авч цээрлүүлэх ёстой.  Тэр хүн Израилийн онгон бүсгүйн нэрийг гутаасан учир тэд түүнийг зуун мөнгөн шекелээр торгоод, мөнгийг бүсгүйн эцэгт өгнө.
14|8114400|8399286|Тэгээд мөнөөх бүсгүй түүний эхнэр нь хэвээрээ үлдэж, тэр хүн насан туршдаа түүнээс салж үл болно.
15|8457365|8924737|Харин тэр бүсгүйг охин онгон байгаагүй гэсэн түүний мэдүүлгэ нь үнэн байвал,  бүсгүйг эцгийнх нь гэрийн үүдэн дээр аваачиж, хотынхон нь түүн уруу чулуу шидэж ал.
16|8968705|9255134|Учир нь тэр бүсгүй эцгийнхээ гэрт садарлан самуурч, Израильд шившигт хэрэг хийсэн.
17|9282079|9424258|Чи дундаасаа ёрын мууг ийнхүү зайлуул.
18|9456892|9846118|Хэрвээ эр хүн гэрлэсэн эмэгтэйтэй унтаж байгаад баригдвал эмэгтэйтэй унтсан эр болон мөнөөх эмэгтэй хоёулаа үхвэл зохино.
19|9884926|10064546|Та нар ёрын мууг Израилиас ийнхүү зайлуулах ёстой.
21|11690028|11877761|Энэ нь хүн хөршрүүгээ дайран амийг нь хороосонтой адил хэрэг юм.
