verse|start|end|sentence
1|87097|161494|хориннэгдүгээр бүлэг
3|2042932|2200413|Левийн хөвгүүд болох тахилчид бас ойртон очих ёстой.
4|2225991|2507085|Тэднийг Өөртөө үйлчлүүлж, ЭЗЭНий нэрээр ерөөл тавиулахаар ЭЗЭН Бурхан чинь сонгосон юм.
5|2549509|3141463|Аливаа маргаан, аливаа тэмцлийг тэдний үгээр шийднэ.  Мөнөөх алагдсан хүнд хамгийн ойрхон байгаа хотын ахмадууд бүгд тэр хөндийд хүзүүгээ хуга мушгиулсан охин бярууны дээр гараа угааж, тунхаглан
6|3161970|3347939|Бид энэ цусыг гараараа урсгаагүй, үүнийг нүдээрээ хараагүй.
7|3368490|4356639|Өө, ЭЗЭН Та Өөрийн гаргаж авсан ард түмэн Израилийг уучилж өршөөн, гэмгүй цусны хэргийг Өөрийн ард түмэн Израилийн дунд бүү байлгаач гэж хэлэх ёстой. Тэгвэл тэр цуснаас тэд уучлагдах болно.  Чи ЭЗЭНий мэлмийд зөв зүйтэйг үйлдэхийн тулд гэмгүй цус урсгахыг дундаасаа ийнхүү зайлуул.
8|4399901|4478796|Олзлогдсон эмс
9|4516854|5292044|Чи дайсантайгаа тулалдахаар явахад Бурхан ЭЗЭН чинь тэднийг гарт чинь тушааж, чи тэднийг олзлон авах үед,  олзлогдогсдын дунд үзэсгэлэнтэй бүсгүйг чи хараад, түүнийг хүсэмжлэн эхнэрээ болгож авъя гэвэл  чи түүнийг гэртээ, өөрийн байшинд авчир.
10|5320753|6316398|Тэр бүсгүй үсээ хусаж,л хумсаа авч,  олзлогдогчийн хувцсаа сольж, гэрт чинь суугаад, эцэг эхийнхээ араас бүтэн сар гашуудсаны дараа чи түүн дээр орж, нөхөр нь болж, тэр чиний эхнэр болно.  Хэрэв тэр бүсгүй чамд таалагдахгүй байвал чи түүнийг дуртай зүгт нь явуул. Харин чи түүнийг мөнгөөр худалдаж хэрхэвч болохгүй.
11|6346254|6543778|Чи түүнийг дорд болгож байсан учраас түүнд боол шиг бүү ханд.
12|6573766|6645825|Ууган хүүгийн эрх
13|6675725|7717147|Хэрэв хүн хоёр эхнэртэй бөгөөд нэгэнд нь хайртай, нөгөөд хайргүй атал хайртай, хайргүй хоёр эхнэр нь хоёулаа түүнд хөвгүүн төрүүлэн өгч, ууган хүү нь хайргүй эхнэрээс нь гарсан байвал,  хөвгүүддээ өмчөө өвлүүлэх өдөр тэр хүн хайртай эхнэрээсээ гарсан хүүг хайргүй эхнэрээсээ гарсан жинхэнэ ууган хүүгийн өмнүүр ууган хүү болгож болохгүй.
14|7751412|8105271|Харин хайргүй эхнэрээс гарсан хүүгээ ууган хүү гэдгийг хүлээн зөвшөөрч, бүх өмчөөсөө түүнд хоёр дахин илүү хувийг өг.
15|8131731|8394214|Учир нь тэрээр эр чадлынх нь охь болсныхоо хувьд ууган хүүгийн эрх түүнд бий.
16|8433243|8508698|Тэрслүү хүүхдүүдийн тухайд
17|8533261|9672541|Хэрвээ эцэг эхийнхээ дуу хоолойг дагадаггүй, зөрүүд, тэрслүү хүүтэй хүн хүүгээ зодож занчсан ч тэр нь дуулгаваргүй хэвээр байвал  эцэг эх нь түүнийг барьж аваад, хотынхоо хаалга уруу хотын ахмадуудад хүргэж өгөөд,  хотынхоо ахмадуудад Манай энэ хүү зөрүүд, тэрслүү хүүхэд, бидний үгэнд ордоггүй танхай балмад, архичин гэвээс  хотынхон бүгдээрээ түүн уруу чулуу шидэн алах ёстой.
