verse|start|end|sentence
1|89655|1410494|зургаадугаар бүлэг Агуу тушаал Иорданыг гатлан очоод, эзэмших газар нутаг дээрээ та нарын дагаж мөрдөх тушаал, зарлиг, шийдвэрүүд энэ бөгөөд үүнийг та нарт зааж сургахыг ЭЗЭН Бурхан чинь надад тушаасан юм.  Ингэснээр чи болон чиний хүү, хүүгийн чинь хүү амьдралынхаа бүхий л өдрүүдэд ЭЗЭН Бурханаасаа эмээх бөгөөд миний та нарт тушаах бүх зарлиг, тушаалуудыг нь даган мөрд, тэгвэл чи урт наслах юм.
2|1431927|2377519|Израиль аа, одоо сонс Та нар үүнийг сахин мөрдөхдөө хичээнгүй бай Тэгвэл чи сайн сайхан явж, эцэг өвгөдийн чинь Бурхан ЭЗЭНий чамд амласанчлан чи сүү зөгийн балаар бялхсан тэр газар нутаг дээр улам өнөр өтгөн болно.Сонс, Израиль аа ЭЗЭН бол бидний Бурхан бөгөөд ганц ЭЗЭН.
3|2400495|2655128|Чи Бурхан ЭЗЭНээ бүх зүрх, бүх сэтгэл, бүх хүч чадлаараа хайрла.
4|2697773|3365976|Өнөөдөр чамд миний тушааж буй энэ үгсийг чи зүрхэндээ байлгаж,  хөвгүүдээ үүгээр хурцлан, гэртээ сууж байхдаа ч, замд явж байхдаа ч, хэвтэж байхдаа ч, өндийн босохдоо ч түүний тухай ярьж бай.
5|3392172|3856721|Чи түүнийг тэмдэг болгон гартаа уяж, хоёр нүднийхээ хооронд сахиус мэт байлга.  Мөн түүнийг гэрийнхээ хатавчин дээр ч, хаалган дээр ч бич.
6|3892089|4009968|Дуулгаваргүйн эсрэг сэрэмжлүүлгэ
7|4049967|5263643|ЭЗЭН Бурхан чинь чамд өгөхөөр чиний эцэг өвгөд Абрахам, Исаак, Иаковт тангарагласан тэр газарт чамайг аваачиж, өөрсдийн чинь барьж босгоогүй том сайхан хотууд,  чиний дүүргээгүй сайн сайхан юмсаар дүүрэн гэрүүд, чиний ухаагүй усан сан, чиний тарьж ургуулаагүй усан үзмийн цэцэрлэг, чидун жимсний моддыг чамд өгч, чамайг цадтал идүүлэх үед  чи өөрийгөө хичээ.
8|5303421|5563479|Чамайг боолчлолын гэрээс, Египетийн газар нутгаас авчирсан ЭЗЭНийг чи мартуузай.
9|5601890|6128091|Чи Бурхан ЭЗЭНээсээ эмээн, зөвхөн Түүнд үйлчилж, Түүний нэрээр тангарагла. Та нар бусад бурхдыг буюу эргэн тойрныхоо ард түмний бурхдаас алийг нь ч бүү дага.
10|6154816|6597933|Та нарын дунд байгаа ЭЗЭН Бурхан чинь хартай Бурхан учир ЭЗЭН Бурхан чинь та нарт уурлан хилэгнэж, газрын хөрснөөс та нарыг арчин зайлуулуузай.
11|6630082|6815875|нар Массад сорьсон шигээ, Бурхан ЭЗЭНээ бүү сорь.
12|6860196|7156592|ЭЗЭН Бурханыхаа та нарт тушаасан тушаал, гэрчлэл, зарлигуудыг та нар сахисан шиг сахь.
13|7192798|7930811|ЭЗЭНий мэлмийд юу нь зөв зүйтэй, сайн болохыг үйлд. Тэгвэл чи сайн сайхан байж, чиний эцэг өвгөдөд ЭЗЭНий тангарагласан тэр сайхан газар нутагт чи очиж эзлэн,  ЭЗЭНий айлдсанчлан, хамаг дайснаа өмнөөсөө хөөж гаргана.
14|7953302|8645584|Хожим чиний хүү Бидний Бурхан ЭЗЭНий та нарт тушаасан гэрчлэл, зарлиг, шийдвэрүүд юу юм бэ гэж чамаас асуувал  чи хүүдээ Бид Египетэд Фараоны боол байсан юм. ЭЗЭН хүчирхэг мутраараа биднийг Египетээс авчирсан.
15|8667193|9888763|ЭЗЭН, бидний нүдний өмнө агуу их аймшигт тэмдгүүд, гайхамшгуудыг Египетэд, Фараонд, түүний хамаг гэр оронд үзүүлсэн юм. Тэр бидний эцэг өвгөдөд тангарагласан нутагтаа биднийг оруулж, бидэнд өгөхийн тулд тэндээс авчирсан билээ гэж хэл.  Биднийг өнөөдрийнх шиг амьд байлгахын тулд, үргэлжийн сайн сайхны маань төлөө ЭЗЭН энэ бүх зарлигийг дагахыг мөн Бурхан ЭЗЭНээсээ эмээхийг бидэнд тушаасан билээ.
16|9914253|10433001|Бид Түүний тушаасан ёсоор Бурхан ЭЗЭНийхээ өмнө энэ бүх тушаалыг дагахдаа хянуур байх аваас тэр нь бидний зөвт байдал болно.
