verse|start|end|sentence
1|92786|234876|тавдугаар бүлэг Арван тушаал
2|266011|389976|Тэгээд Мосе бүх Израилийг дуудан тэдэнд
3|413966|1683032|Израиль аа, миний өнөөдөр та нарт сонордуулж буй зарлиг, шийдвэрүүдийг сурч мэдээд, ёсчлон дагаж мөрдөхийн тулд эдгээрийг сонсогтун ЭЗЭН Бурхан маань Хореб ууланд бидэнтэй гэрээ байгуулсан билээ.  ЭЗЭН энэ гэрээгээ бидний эцэг өвгөдтэй байгуулаагүй, харин өнөөдөр энд амьд байгаа бидэнтэй, бид бүхэнтэй байгуулсан билээ.  ЭЗЭН уулан дээр галын дундаас та нартай нүүр нүүрээрээ ярьсан билээ.
4|1738113|2695303|Та нар галаас айгаад, уул өөд гарахгүй байсан учир тэр үед би ЭЗЭНий үгийг та нарт тунхаглахаар ЭЗЭН хийгээд та нарын хооронд зогсож байсан. ЭЗЭН айлдахдаа Чамайг Египетийн газраас, боолчлолын гэрээс гаргасан Би ЭЗЭН, чиний Бурхан.  Чи Надаас өөр бурхадтай Миний өмнө байж болохгүй.
5|2723924|3123514|Өөртөө зориулан шүтээн бас дээр тэнгэр дэх, доор газар дахь, газрын доор усан дахь ямар нэг дүрсийг бүү хий.
7|6049549|6466074|Египетийн нутагт боол байснаа болон ЭЗЭН Бурхан чинь хүчит гар, сунгасан мутраараа чамайг тэндээс гаргаж авчирсныг сана.
8|6488344|7198134|Тиймээс ЭЗЭН Бурхан чинь Амралтын өдрийг сахихыг чамд тушаасан билээ.ЭЗЭН Бурханыхаа тушаасан ёсоор эцэг эхээ хүндэл. Тэгвэл чи урт насалж, Бурхан ЭЗЭНээс чинь чамд өгсөн газар дээр сайн сайхан амьдарна.
9|7227108|7300358|Чи хүн бүү ал.
10|7329111|7491575|Чи бүү завхайр.  Чи бүү хулгайл.
11|7520637|7701579|Чи хөршийнхөө эсрэг худал хуурмаг гэрчлэл бүү хий.
12|7726849|7842523|Чи хөршийнхөө эхнэрт бүү санаарх.
13|7868013|8283920|Чи хөршийнхөө гэр орон, газар, зарц, шивэгчин, үхэр, илжгэнд нь, хөршийнхөө юунд нь ч бүү шунахайр гэсэн билээ.
14|8319465|8972850|Бурханы зууч Мосе ЭЗЭН эдгээр үгсийг уулан дээрх гал дотроос, үүлэн дотроос, гүн харанхуй дундаас, танай бүх чуулганд чанга дуугаар айлдсаны дараа өөр юу ч нэмж айлдсангүй.
15|8994371|9672982|Тэгээд түүнийгээ хоёр чулуун хавтан дээр Тэр бичээд, надад өгсөн. Уул галаар дүрэлзэн шатаж байхад та нар харанхуйн дундаас гарах дуу хоолойг сонсон танай овгийн тэргүүнүүд, ахмадууд бүгдээрээ над уруу хүрч ирээд,
16|9708041|9954163|Бидний Бурхан ЭЗЭН бидэнд Өөрийнхөө сүр жавхлан, аугаа чадалаа үзүүллээ.
17|9993060|10130211|Бид гал дотроос гарч байгаа Түүний дууг сонсоцгоолоо.
20|13917563|14096256|ЭЗЭН Бурханыхаа та нарт тушаасан бүх ёс журмыг даган мөрд,
21|14118085|14521689|тэгвэл та нар амьд байж, сайн сайхан явж, эзэмших газар нутагтаа урт наслах болно.
