verse|start|end|sentence
3|10507442|10687635|Та нарын хөлийн ул гишгэх газар бүхэн чинь та нарынх болно.
4|10715859|11101072|Танай хил хязгаар цөлөөс Ливан хүртэл, их мөрөн, Евфрат мөрнөөс баруун тэнгис хүртэл үргэлжлэх болно.
5|11139704|11542910|ЭЗЭН Бурхан чинь та нарт айлдсан ёсоороо та нарын гишгэсэн бүх л газрын хүмүүсийг та нараас айх айдас хүйдсээр хучна.
6|11568312|11947748|Тиймээс та нарын эсрэг хэн ч босож чадахгүй. Харагтун, өнөөдөр би өмнө чинь ерөөл, хараал хоёрыг тавьж байна.
7|11969842|12833673|Хэрэв өнөөдөр миний тушааж буй, ЭЗЭН Бурханыхаа тушаалыг та нар дуулгавартай дагавал ерөөгдөх болно.  Хэрэв та нар ЭЗЭН Бурханыхаа тушаалыг сонсохгүй, харин өнөөдөр миний та нарт тушааж буй тушаалуудаас хазайж, урьд мэддэггүй байсан өөр бурхдыг дагаваас хараагдах болно.
8|12854268|13860409|Чиний эзэмшихээр очиж буй тэр газарт ЭЗЭН Бурхан чинь чамайг аваачин оруулах үед чи Геризим уулан дээр ерөөлийг, Ебал уулан дээр хараалыг тавь Тэр хоёр уул Иорданы нөгөө талд, наран шингэх зүгт чиглэсэн замд, Гилгалын харалдаа, Морегийн царс модны дэргэд, Арабад оршин суудаг канаанчуудын нутагт байдаг бус уу
9|13883738|14184500|ЭЗЭН Бурханаас чинь та нарт өгч байгаа тэр газрыг эзэмшихээр очихын тулд та нар Иордан голыг гатлах гэж байна.
10|14219604|14642082|Та нар түүнийг эзэмшин тэндээ оршин суух болно.  Өнөөдөр та нарт миний тавьж байгаа бүх зарлиг, шийдвэрийг ёсчлон дагагтун
