verse|start|end|sentence
1|87097|165948|есдүгээр бүлэг
2|192276|289692|ЭЗЭНд тэрслэхийн уршиг
6|8870891|9285122|Та нар ЭЗЭНий тушаасан замаас даруй буцсан учир  би өнөөх хоёр хавтанг гартаа авч, та нарын нүдний өмнө шидэж хагалан буталсан билээ.
9|13684715|14778439|Эс бөгөөс Таны биднийг гаргаж авсан тэр нутгийнхан ЭЗЭН тэднийг амласан газартаа аваачих чадалгүй бөгөөд Тэр тэднийг үзэн ядсан учраас тэднийг цөлд алахаар авчирсан» гэж хэлэх болно.  Тэд Таны аугаа их хүчээрээ, сунгасан мутраараа гаргаж авчирсан Таны ард түмэн болох Таны өв билээ гэсэн.
