verse|start|end|sentence
1|76293|170534|гучиннэгдүгээр бүлэг
4|7095645|7212510|Мосе Иошуа хоёрт ЭЗЭН айлдав
5|7235222|7450386|Тэгээд ЭЗЭН, Мосед Үзэгтүн, үхэх өдөр чинь ойртож байна.
8|15518040|16564886|Та нар ЭЗЭНий мэлмийд ёрын мууг үйлдэж, гарынхаа бүтээлээр Түүнийг өдөөн хилэгнүүлэх учраас хожмын өдрүүдэд өөрсдөд чинь гай зовлон учирна гэдгийг би мэдэж байна гэв.Мосегийн дуун Тэгээд Мосе Израилийн бүх чуулганы өмнө энэ дууны үгийг дуустал нь уншин сонсгожээ.
