verse|start|end|sentence
3|5978328|6162093|гэсэнд, Таны хэлсэн ёсоор хийх нь зөв гэж та нар надад хариулсан.
4|6189611|6868178|Танай овгуудын удирдагчид болох мэргэн ухаантай, нэр хүндтэй хүмүүсийг би авч, та нарыг ахлуулахаар овог бүрд мянгат, зуут, тавьт, аравтын дарга нар, албатууд болгон томилсон.  Би тэр үед шүүгчдэд чинь тушааж 
7|13085969|13539802|“Бүү цочирд, тэднээс бүү ай  Та нарын өмнө явдаг ЭЗЭН Бурхан чинь Египетэд нүдний чинь өмнө та нарт үйлдсэн шигээ та нарын төлөө Өөрөө тэмцэх болно.
8|13578478|14057977|Эцэг хүн хүүгээ тэвэрдэг шиг ЭЗЭН Бурхан чинь та нарыг энэ газар хүрч иртэл явсан бүх замын чинь туршид хэрхэн үүрч дүүрч ирснийг та нар цөлд үзсэн гэв.
9|14119056|14284034|Гэвч энэ бүхэнд та нар Бурхан ЭЗЭНдээ итгэсэнгүй.
10|14312610|14781790|Тэр замд чинь та нарт буудаллах газрыг хайхын тулд, явах ёстой замыг чинь та нарт заахын тулд шөнөөр гал дотор, өдрөөр үүлэн дотор өмнө чинь явдаг.
11|14818658|14897950|Бослогын шийтгэл
12|14926527|15125506|Тэгээд ЭЗЭН та нарын үгийг сонсоод, хилэгнэн тангараглаж айлдахдаа,
13|15177808|15764735|Энэ ёрын муу үеийнхэн буюу энэ хүмүүсийн нэг нь ч эцэг өвгөдөд чинь өгөхөөр Миний тангарагласан сайхан газрыг үзэхгүй  Зөвхөн Иефуннегийн хүү Калеб тэр газрыг үзэх болно.
15|17213729|17360053|Би тэдэнд тэр газрыг өгч, тэд түүнийг эзэмшинэ.
