verse|start|end|sentence
1|88332|733030|гучинхоёрдугаар бүлэг Тэнгэр сонсог, би ярья Газар чагнаг, миний амнаас гарах үгсийг. Сургаал минь шиврэх бороо, Хэлэх үг минь унах шүүдэр,шинэ зүлгэн дээр буух борооны дусал,
3|12357481|13623107|Тэдний усан үзэм нь хорын үзэм, хонгорцог нь гашуун юм. Усан үзмийн дарс нь могойн хор, наж могойн үхлийн хор юм. Тэр нь Надад хадгалагдаж, Миний агуулахад лацдуулсан байгаа бус уу Өшөө авалт нь Минийх. Хөл алдах тэр цагт нь Би хариугаа авна. Тэдний гамшгийн өдөр ойртож байна. Тэдэнд нүүрлэн тулгарах зүйлс тэдэн уруу яарч байна гэнэ. ЭЗЭН Өөрийн ард түмнийг шүүнэ.
4|13644628|14322842|Тэр тэднийг хүч чадалгүй болсныг, хүлээстэй ба чөлөөт хүн нэг ч үлдээгүйг харахдаа Өөрийн зарц нарыг өрөвдөнө. ЭЗЭН айлдсан нь Тэдний бурхад хаа байна вэ Тэдний хоргодсон хад хаа байна вэ
5|14347229|14573065|Тахилынх нь өөхийг хэн идэж, Ундаан өргөлүүдийнх нь дарснаас хэн уусан бэ
6|14595071|14969304|Тэд босож, та нарт туслаг, Тэд нуугдах газар чинь болог Намайг, Намайг Тэр гэдгийг одоо мэдэж ав
7|14999644|15090887|Надаас өөр ямар ч бурхан байхгүй
8|15113290|15765573|Үхүүлж, амьдруулагч нь Би билээ. Шархдуулж, эдгээгч нь Би билээ. Миний мутраас аварч чадах хэн ч байхгүй Үнэхээр Би тэнгэр өөд мутраа өргөн Би мөнхөд амьд! хэмээдэг.
9|15792827|16143863|Би гялалзсан сэлмээ хурцлан хууль цаазаа гартаа барин дайснуудаасаа өшөө хонзонгоо авч,
10|16170014|16479199|Намайг үзэн ядагсдад хариу барина. Би сумаа цусанд согтоож, сэлмэндээ мах үмхүүлнэ.
12|17877390|18045279|Мосе энэ бүх үгийг бүх Израильд хэлж дуусаад, тэдэнд
13|18079985|19159200|Миний өнөөдөр та нарт хатуу тунхагласан үг бүхнийг зүрхэндээ шингээж, хөвгүүддээ тушаан энэ хуулийн үг бүрийг сахин мөрдүүл. Энэ нь та нарт дэмий хоосон үг бус, үнэндээ амь амьдрал чинь юм. Энэ үгсийн ачаар та нар Иорданыг гатлан эзэмшихээр явах гэж буй газар нутаг дээрээ урт насална гэв. Мосегийн одохыг хэлэв
14|19186895|19444616|Яг тэр өдөр ЭЗЭН, Мосед Иерихогийн нөгөө тал дахь, Моабын газар нутаг дээрх
