verse|start|end|sentence
1|84583|152189|наймдугаар бүлэг
2|178781|284312|Дэвжихээрээ ЭЗЭНийг мартуузай
3|318578|1626363|Өнөөдөр миний та нарт тушааж буй бүх тушаалыг та нар ёсчлон дага. Тэгвэл та нар амьд явж, олширч, эцэг өвгөдөд чинь ЭЗЭНий тангарагласан тэр газарт орж, түүнийг эзэмших юм.  ЭЗЭН Бурхан чинь чамайг энэ дөчин жилийн турш цөлд удирдсан бүх л зам мөрийг дурсан сана. Энэ нь чиний зүрхэнд юу байсныг, тухайлбал тушаалыг нь дагах эсэхийг чинь мэдэхийн тулд мөн чамайг номхтгож, шалгаж сорихын тулд байсан юм.
4|1660894|2385589|Хүн зөвхөн талхаар бус, харин ЭЗЭНий амнаас гарах үг бүрээр амьдардаг гэдгийг чамд ойлгуулахын тулд Тэрээр чамайг номхтгон, чамайг өлсгөж, чиний мэддэггүй, чиний эцэг өвгөд ч мэддэггүй байсан маннагаар чамайг хооллож байсан.
5|2415621|2675194|Энэ дөчин жилийн турш чиний өмссөн хувцас элэгдээгүй, чиний хөл цэврүүтээгүй.
6|2704167|3013176|Эцэг хүн хүүгээ хүмүүжүүлдэг шиг ЭЗЭН Бурхан чинь чамайг сахилгажуулж байсныг зүрхээрээ ухаар.
7|3060628|3355083|Тиймээс Түүний замаар явж, Түүнээс эмээхийн тулд чи Бурхан ЭЗЭНийхээ тушаалыг сахь.
8|3379471|3541274|Бурхан ЭЗЭН чинь чамайг сайхан газарт аваачиж байна.
9|3567910|4819733|Тэр газар нь хөндий толгодоор гол горхи, булаг шанд урсдаг,  буудай, арвай, усан үзэм, инжир, анар жимсний орон, чидуны тос, зөгийн балны орон юм.  Чи тэнд идэх хоол хүнсээр хомстохгүй, юугаар ч дутахгүй агаад хад чулуу нь төмөр, толгодоос нь чи зэс малтан гаргах нутаг юм. 10 Чи идэж цадаад тэр сайхан газрыг чамд өгсөнд нь ЭЗЭН Бурханаа магтана.
10|4849368|5889951|Өнөөдөр миний чамд тушааж буй тушаал, зарлиг, шийдвэрүүдийг нь сахилгүй өөрийн Бурхан ЭЗЭНийг умартахаас болгоомжил.  Чи идэж цадаад, сайхан байшин барьж, тэндээ амьдран  мал сүрэг чинь үржин олширч, алт мөнгө чинь арвижиж, чамд байгаа бүхэн чинь арвижих үед  чиний зүрх бардам болж, өөрийн Бурхан ЭЗЭНийг мартуузай.
11|5913677|7218464|Тэр Египет нутгаас, боолчлолын гэрээс чамайг гаргаж аваад,  өргөн уудам, аймшигт цөл дундуур, хорт галт могой, хилэнцэт хорхойтой, усгүй улайдмал газраар удирдан дагуулж, чамд цахиур чулуунаас ус гаргаж өгсөн билээ.  Чамайг номхтгон, чамайг сорьж шалгаад, эцэст нь чамайг сайн сайхан амьдруулахын тулд Тэрээр чиний эцэг өвгөд ч мэддэггүй байсан маннагаар цөлд чамайг хооллож байсан билээ.
12|7239103|8161190|Миний чадал, миний гарын хүч тэнхээ энэ хөрөнгө чинээг надад бий болгосон юм гэж чи зүрхэндээ хэлүүзэй.  Харин эцэг өвгөдөд чинь тангарагласан Өөрийнхөө гэрээг өнөөдрийнх шиг батлахын тулд Тэр чамд хөрөнгө чинээ олох хүч чадал өгдөг учраас чи өөрийн Бурхан ЭЗЭНийг санагтун.
13|8181035|8742736|Хэрэв чи өөрийн Бурхан ЭЗЭНийг мартаж, өөр бурхдыг дагаж, тэдэнд үйлчилж, тэдэнд мөргөвөөс та нар гарцаагүй устах болно хэмээн би өнөөдөр та нарын эсрэг гэрчилж байна.
14|8765448|9317756|Та нар ЭЗЭН Бурханыхаа дуу хоолойг сонсоогүйгээс болж өмнө чинь ЭЗЭНий устгасан тэдгээр үндэстнүүдийн нэгэн адил та нар устгагдах болно.
