verse|start|end|sentence
2|1623365|2409579|Би та нарт тэдний газар нутгаас нэг гишгэм ч өгөхгүй. Учир нь Би Сеир уулыг Есавд эзэмшил болгон өгсөн билээ.  Та нар идэх юмтай байхын тулд тэднээс мөнгөөр хоол хүнс худалдан ав бас уух юмтай байхын тулд тэднээс усаа мөнгөөр авах ёстой.
3|2432820|2626507|Бурхан ЭЗЭН чинь гарын чинь үйлс бүхэнд чамайг ивээж байсан.
4|2670872|3676264|Энэ их цөлөөр туулахыг чинь мэдээд, өнгөрсөн дөчин жилийн турш ЭЗЭН Бурхан чинь чамтай хамт байснаар чи юугаар ч дутаагүй гэж хэл гэсэн.  Бид Сеирт нутаглан суудаг өөрсдийн ах дүүс болох Есавын хөвгүүдийг орхин гараад, Арабаг дайрч Елат, Езион-геберийг өнгөрөөд, тэндээсээ эргэж, Моабын цөлийн замаар явцгаалаа.
5|3702195|4388346|Тэгэхэд ЭЗЭН надад Моабынхныг бүү түгшээ, тэднийг дайнд бүү өдөө, Би тэдний газар нутгаас чамд эзэмшил болгон өгөхгүй Учир нь Би Аарыг Лотын хөвгүүдэд эзэмшил болгон өгсөн билээ.
6|4438047|4917855|Эрт урьд тэнд емчүүд амьдарч байсан бөгөөд аварга, өнөр өтгөн, анакчууд шиг өндөр байсан тул тэднийг анакчуудын нэгэн адил Рефаим гэж үздэг байжээ.
7|4949739|5106691|Харин моабчууд тэднийг емчүүд гэж нэрлэдэг байжээ.
8|5136238|5498564|Түүнчлэн хоричууд Сеирт нутаглаж байсныг Есавын хөвгүүд өмнөөсөө зайлуулан устгаж, тэдний оронд нутаглан суужээ.
9|5539136|5778555|Энэ нь ЭЗЭНээс өв болгон өгсөн нутаг дээр Израилийн үйлдсэнтэй адил болжээ.
10|5805941|6050123| Одоо босож, Зередийн хөндийг туулцгаа гэсэнд бид Зередийн хөндийг туулсан билээ.
11|6071732|6915144|Бид Кадеш барнеагаас хөдлөөд, Зередийн хөндийг туулсан үе хүртэл буюу ЭЗЭНий тэдэнд тангарагласан ёсоор тэр үеийнхний дайчин эрс хуарандаа бүрмөсөн сөнөх хүртэл гучин найман жил өнгөрчээ.  Хуарангаас тэднийг бүрэн устгахын тулд ЭЗЭНий мутар тэдний эсрэг байв.
12|6945573|7165985|Ард түмний дундаас дайчин эрс бүрэн устсаны дараа  ЭЗЭН надад айлдахдаа,
13|7196370|7332683|Чи өнөөдөр Моабын хил Аарыг давах болно.
14|7361657|7821620|Аммоны хөвгүүдийн харалдаа очихдоо тэднийг бүү түгшээ, тэднийг битгий өдөө, Би Аммоны хөвгүүдийн газар нутгаас чамд эзэмшил болгон өгөхгүй
16|10695176|10954792|Би өнөөдрөөс эхлээд тэнгэрийн доорх бүхий л ард түмнийг чамаас айж эмээдэг болгоно.
17|10978783|11962566|Тэд чиний сургийг сонсоод, чамаас болж чичирч, бэмбэгнэх болно гэсэн.Сихон хааныг ялав Тоо Би Кедемотын цөлөөс Хешбоны хаан Сихонд элч нарыг илгээж, эв найрамдлын хэл хүргүүлэхдээ, Хэрэв намайг нутгаараа дамжин өнгөрүүлвэл би зөвхөн гол замаар явна. Баруун тийш ч, зүүн тийш ч хазайхгүй.
18|11995949|12242115|Чи идэх хоолыг минь надад мөнгөөр худалд, уух усыг минь надад мөнгөөр өг.
19|12278057|12381339|Би зөвхөн л явган явж өнгөрнө.
20|12402287|13012542|Сеирт суудаг Есавын хөвгүүд мөн Аарт суудаг моабчуудын надад үйлдсэн шиг та нар намайг Иордан голыг гатлан бидний Бурхан ЭЗЭНээс бидэнд өгч байгаа тэр газарт орох хүртэл нэвтрүүлж өгнө үү гэв.
21|13046852|13687184|Харин Хешбоны хаан Сихон биднийг нутгаараа дамжин өнгөрөхийг зөвшөөрсөнгүй. Учир нь ЭЗЭН Бурхан чинь түүнийг чиний гарт тушаахын тулд сүнсийг нь хатууруулан зүрхийг нь зөрүүдлүүлж өнөөдрийнх шиг болгосон байна.
22|13731020|14463344|ЭЗЭН надад Би Сихон болон түүний газар нутгийг чамд тушааж эхэлсэн. Чи тэр газрыг эзэмшихийн тулд одооноос эзлэн ав гэж айлдсан билээ.  Тэгэхэд Сихон бүх ард түмнээ дагуулан Иахазд бидэнтэй тулалдахаар гарч ирэв.
23|14492583|14811602|Бидний Бурхан ЭЗЭН түүнийг бидэнд тушааж, бид түүнийг хөвгүүдтэй нь мөн бүх ард түмэнтэй нь бут цохив.
24|14840576|15249030|Тэр цагт бид түүний бүх хотыг эзлэн авч, хот болгоны эрчүүд, эмэгтэйчүүд, үр хүүхдийг хүйс тэмтрэн нэг ч хүн үлдээсэнгүй.
25|15282061|16564753|Бид зөвхөн мал адгуусыг болон эзэлсэн хотуудаасаа олзолсон зүйлсийг авлаа. Арноны хөндийн захад орших Ароер мөн тэр хөндий дэх хотоос Гилеад хүртэл бидэнд дийлдэхээргүй тийм хүчтэй хот нэг ч байсангүй. Бидний Бурхан ЭЗЭН тэр бүгдийг бидэнд тушаасан.  Харин чи ЭЗЭН Бурханыхаа тушаасан ёсоор Аммоны хөвгүүдийн нутаг, Иаббок голын хавь газар, уулархаг нутаг дахь хотуудад ойртон очоогүй билээ.
