verse|start|end|sentence
2|1534724|1950146|Тэд Таны хөлд хэвтэн Таны үгийг хүлээн авна. Мосе бидэнд хуулийг Иаковын цугларалд өв залгамжлалыг тушаасан билээ.
4|9701514|9803121|Тэр өөртөө дээжийг нь харсан.
7|13760037|14033281|Тиймээс дайснууд чинь чамд захирагдаж,Чи мөргөлийн өндөрлөгүүдийг нь гишгэчнэ
8|14061373|14083908|гэлээ.
