verse|start|end|sentence
1|93227|167712|долдугаар бүлэг
2|199817|293441|Сонгогдсон ард түмэн
4|3713969|3981127|Та нар бусад үндэстнээс олон байсан учраас ЭЗЭН та нарыг хайрлаж, сонгосон юм биш.
5|4004853|4146414|Та нар бүх үндэстнээс хамгийн цөөхөн нь билээ.
6|4188573|5082128|Харин ЭЗЭН та нарыг хайрласан учраас бас эцэг өвгөдөд чинь өгсөн Өөрийн тангаргыг сахихын тулд та нарыг Тэр хүчирхэг мутраараа гарган авч, боолчлолын гэрээс, Египетийн хаан Фараоны гараас гаргасан билээ.  Тиймээс чи мэдэж ав. Бурхан ЭЗЭН чинь Бурхан бөгөөд Тэрээр итгэмжит Бурхан юм.
7|5127903|5481497|Өөрийг нь хайрлаж, тушаалыг нь дагагчдад Тэр мянган үеийг нь хүртэл гэрээгээ сахиж, хайр энэрэлээ үзүүлдэг.
8|5508266|5670510|Харин Өөрийг нь үзэн ядагчдад хариуг өгч, устгана.
9|5691810|5887394|Тэрээр Өөрийг нь үзэн ядагчдад хойшлуулалгүй даруй хариу өгдөг.
10|5911384|6237548|Тиймээс даган мөрд хэмээн өнөөдөр та нарт миний тушааж байгаа тушаал, зарлиг, шийдвэрүүдийг сахь.
11|6264581|7067730|Дуулгаврын ерөөл Хэрэв та нар энэ бүх хууль цаазыг сонсож, түүнийг ёсчлон дагаж мөрдвөл чиний эцэг өвгөдөд тангарагласан гэрээгээ Бурхан ЭЗЭН чинь сахиж, чамд хайр энэрэлээ хүртээх болно.  Тэрээр чамайг хайрлаж, ивээж, чамайг олон болгоно.
12|7088986|8163792|Чамд өвлүүлэн өгөхөөр эцэг өвгөдөд чинь тангарагласан газар нутаг дээр үр хүүхдүүдийг чинь ивээж, газрын чинь үр жимс болох тариа, усан үзмийн шинэ дарс, тосыг ерөөж, бод, бог малын төлийг чинь өсгөж үржүүлэх болно.  Чи бусад бүх ард түмнээс илүү ивээгдэнэ. Та нар дунд, мал сүрэг дунд чинь ч үр үржилгүй, хүүсэр сувай гэж үгүй болно.
13|8193074|8280921|ЭЗЭН бүх өвчнийг чамаас зайлуулна.
14|8314746|8705913|Тэр та нарын мэддэг Египетийн аюул хөнөөлт өвчнүүдийг чамд хүргэхгүй, харин та нарыг үзэн ядагч бүхний дээр тэр өвчнүүдийг буулгана.
15|8734622|9715891|Бурхан ЭЗЭНээс чинь чамд тушаах бүх ард түмнийг чи устгах ёстой. Чамд урхи болох тул чи тэднийг бүү өрөвд бас тэдний бурхдад бүү зарагд.Энэ үндэстнүүд надаас илүү олон. Би тэднийг яаж зайлуулж чадах вэ гэж чи зүрхэндээ хэлж магадгүй.  Гэвч чи тэднээс бүү ай
16|9742660|10004393|Бурхан ЭЗЭН чинь Фараонд бас бүх Египетэд юу үйлдсэнийг сайн сана.
17|10026090|10435206|Та нарын нүдээрээ үзсэн тэр их сорилт, тэмдэг, гайхамшиг, хүчирхэг гар, сунгасан мутраар ЭЗЭН Бурхан чинь чамайг гаргаж авсан.
18|10457697|11107334|ЭЗЭН Бурхан чинь чиний айж байгаа бүх ард түмэнд тийнхүү үйлдэнэ. Бурхан ЭЗЭН чинь тэдний үлдэгсэд болон чамаас нуугдсан хүмүүсийг нь устаж дуустал тэдний эсрэг хорт хэдгэнийг илгээнэ.
19|11137190|11497355|Чи тэднээс бүү сүрд Учир нь та нарын дунд байгаа Бурхан ЭЗЭН чинь аугаа бөгөөд аюумшигт Бурхан юм.
