verse|start|end|sentence
2|3565264|3871980|Дуудах бүрд минь бидний Бурхан ЭЗЭН шиг тийм ойрхон байдаг бурхантай агуу үндэстэн хаана байна вэ
3|3900336|4839930|Өнөөдөр миний та нарт таниулсан энэ цогц хуулийн адил зөвт зарлиг, шүүлттэй ямар агуу үндэстэн байна вэ Өөрийгөө анхаарч, сэтгэлээ няхуур хяна. Нүдээр үзсэн бүхнээ чи мартахгүй байж, амьдралын чинь бүх өдрүүдэд тэдгээр нь зүрхнээс чинь замхрахгүй байхын тулд хөвгүүд, ач нартаа таниулж мэдүүл.
4|4875122|5126625|Санагтун, та нарыг Хореб ууланд ЭЗЭН Бурханыхаа өмнө зогсож байх үед ЭЗЭН
5|5151188|6345019|Ард түмнийг Над уруу цуглуул, Би тэдэнд үгээ сонсгоё Ингэснээр тэд газар дээр амьдрах бүхий л өдрүүддээ Намайг эмээн хүндэтгэхэд сурч, түүнийгээ үр хүүхдүүддээ зааж сургах юм гэж надад айлдсан билээ.  Та нарыг ойртон очоод, уулын бэлд зогссонд тэр уул тэнгэр огторгуйд тултал дүрэлзэн шатаж, үүл бүрхэн манан буданд хучигдаж, тас харанхуй болсон.
6|6384445|6545895|Тэгээд ЭЗЭН галын дундаас та нарт айлдсан билээ.
7|6585717|6841012|Та нар үг дуугарахыг сонссон боловч ямар ч дүрс хараагүй, зөвхөн дуу хоолойг л сонссон.
8|6868619|7064379|Ингэж ЭЗЭН та нарт гэрээгээ зарлаж, даган мөрдөхийг тушаасан.
10|10862006|11198842|Би энэ газарт үхнэ. Би Иорданыг гатлахгүй. Харин та нар гаталж, тэр сайхан газрыг эзэмших болно.
12|13736664|14593924|Тэнд та нар хүний гарын бүтээл болох мод, чулуун бурхдад зарагдах болно. Тэдгээр нь хардаг ч үгүй, сонсдог ч үгүй, иддэг ч үгүй, үнэрлэдэг ч үгүй. Харин тэндээс чи өөрийн Бурхан ЭЗЭНийг эрэх болно. Хэрэв чи Түүнийг бүх зүрх, бүх сэтгэлээрээ хайвал олно.
13|14621178|15481393|Энэ бүх зүйл чамд тулгарч, зовж шаналах хожмын өдрүүдэд чи өөрийн Бурхан ЭЗЭНдээ эргэж, Түүний дуу хоолойг сонсох болно.  Бурхан ЭЗЭН чинь өрөвч Бурхан мөн. Тэрээр чамайг орхих ч үгүй, чамайг устгах ч үгүй, чиний эцэг өвгөдөд тангарагласан гэрээгээ мартах ч үгүй.
14|15548160|16061925|Дэлхий дээр Бурхан, хүнийг бүтээсэн өдрөөс хойших, чамаас өмнө байсан эрт урьдын өдрүүдийн тухай, тэнгэрийн нэг хязгаараас нөгөө хязгаарыг хүртэл асуу.
15|16108671|16403127|Үүн шиг агуу их зүйл урьд өмнө ер нь болж байсан уу Үүн шиг юм урьд өмнө сонсогдсон уу
17|18538008|18705367|Тэр галын дотроос Түүний үгийг чи сонссон билээ.
