verse|start|end|sentence
1|89919|460139|арвандолдугаар бүлэг Чи Бурхан ЭЗЭНдээ согогтой, ямар нэгэн гажигтай муу үхэр, хонийг бүү өргө.
2|496080|629086|Тэр чинь Бурхан ЭЗЭНд чинь жигшүүрт зүйл юм.
3|679404|1190523|ЭЗЭН Бурханаас чинь чамд өгч буй хотуудын аль нэгэнд, та нарын дунд суудаг эрэгтэй, эмэгтэй аливаа хүн Түүний гэрээг зөрчиж, ЭЗЭН Бурханы чинь өмнө ёрын муу үйл хийж,
4|1211735|1627907|миний тушаасны эсрэг өөр бурхдад буюу нар, сар, тэнгэрийн алив эрхэст очиж зарагдан тэдэнд мөргөвөөс,  энэ нь чамд мэдэгдэж,
5|1648590|1807262|чи түүний тухай сонссон аваас сайтар шалгаж үз.
6|1832663|2491517|Хэрэв тэр нь үнэн байгаад, Израильд ийм жигшүүрт хэрэг гарсан гэдэг нь батлагдвал  чи тийм ёрын муу үйл хийсэн эрийг эсвэл эмийг хотын гулдан хаалганд аваачиж, тэр эр эсвэл эмийг үхтэл нь чулуугаар шид.
7|2514802|2722689|Алуулах хүнийг хоёр гэрчийн амаар эсвэл гурван гэрчийн амаар ал.
8|2754662|2875672|Харин ганц гэрчийн амаар түүнийг бүү ал.
9|2901647|3354598| Түүнийг алах үед эхлээд гэрч нарын гар хүрч, дараа нь бусад бүх хүний гар хүрэг. Та нар ёрын мууг ийнхүү дундаасаа зайлуул.
10|3380220|3483679|Тахилчид ба шүүгчдийн шийд
11|3517151|4416129|Хэрэв хотын чинь доторх маргаан зөрчлөөс болж бие биенийхээ цусыг урсгасан, бие биентэйгээ маргалдсан эсвэл бие биенээ зодсон зэрэг шийдвэрлэхэд хэцүү хэрэг гарвал чи босож, ЭЗЭН Бурханыхаа сонгож авах газар уруу явж, Леви овгийн тахилч юмуу, тэр үед байх шүүгч дээр очиж, асууж лавла.
12|4448587|4596719|Хэргийг хэрхэн шийдвэрлэхийг тэд чамд мэдүүлнэ.
13|4625252|4862069|ЭЗЭНий сонгон авах газраас чамд мэдүүлсэн тушаал үг ёсоор чи гүйцэтгэ.
14|4895276|5286619|Чи тэдний заасан бүхнийг ёсоор гүйцэтгэхийг анхаар. Чамд зааж өгөх хуулийн үг, чамд хэлж өгөх шүүлт ёсоор нь чи гүйцэтгэ.
15|5310566|5515057|Чамд хэлсэн үгээс нь баруун тийш ч, зүүн тийш ч бүү хазай.
16|5537019|6071379|ЭЗЭН Бурхандаа үйлчлэхээр зогсож буй тахилч юмуу шүүгчийг сонсохгүй давлиун зан гаргах хүн байвал тэр хүнийг алах ёстой. Израилиас ёрын мууг ингэж зайлуул.
17|6093958|6468984|Тэгвэл бүх хүн үүнийг сонсоод, айж эмээн цаашид ийнхүү давлиун загнахгүй. Хааны эрхийн хязгаар
19|9234407|10367116|Ингэснээр тэр, уг хуулийн бүх үг буюу эдгээр зарлигийг сахин үйлдэж, Бурхан ЭЗЭНээсээ эмээхийг сурах бөгөөд  зүрх нь ах дүү нараасаа дээгүүр өргөгдөхгүй мөн уг тушаалаас баруун тийш ч, зүүн тийш ч хазайхгүй юм. Ингэснээр тэр өөрөө болон хөвгүүд нь Израилийн дунд урт удаан хаанчилна.
