verse|start|end|sentence
1|81408|151659|хориннаймдугаар бүлэг
2|174900|259572|Дуулгаврын ерөөл
3|296572|993264|Хэрэв чи өөрийн Бурхан ЭЗЭНд дуулгавартай байж, миний өнөөдөр чамд тушааж буй Түүний бүх тушаалыг хичээнгүйлэн дагаж мөрдвөөс ЭЗЭН Бурхан чинь чамайг газар дэлхий дээрх бүх улс үндэстний дээгүүр өндөрт тавина.
5|6469602|6908573|Хэрэв чи ЭЗЭН Бурханыхаа дуу хоолойг сонсохгүй, миний өнөөдөр чамд тушааж буй бүх тушаал, зарлигуудыг нь дагаж мөрдөхгүй байвал
6|6931461|7808698|энэ бүх хараал чам дээр бууж, чамд хүрнэ. Чи хотод ч хараагдана, хөдөөд ч хараагдана. Чиний сагс, талх исгэдэг сав хараагдана.Биеэс чинь төрөх үр хүүхэд, газрын чинь ургац, үхэр, хонины чинь төл хараагдана. Чи орохдоо ч хараагдана, гарахдаа ч хараагдана.
7|7830969|8458335|Хорон мууг үйлдэн Намайг мартсанаас чинь болж ЭЗЭН чамайг устгах хүртэл, үтэр сөнөөх хүртэл чиний дээр гарын чинь ажил үйл бүрд хараал, үймээн самуун, хатуу зэмлэл илгээх болно.
8|8478313|9144796|ЭЗЭН, чиний эзэмшихээр очиж буй газраас чинь чамайг усттал тахлаар нэрвэнэ. ЭЗЭН, чамайг хатгаа, халуурал, халуун ханиад, халуун чичрэг, ган гачиг, салхины гамшиг, хөгц мөөгөнцрөөр бут ниргэнэ.
14|23220678|23557690|Дайснууд чинь чамайг босгон дотор чинь шахамдуулах бүслэлт шахалт дор юу ч үлдээгээгүй учраас ингэх юм.
16|26943556|27284229|ЭЗЭН та нарыг сайн сайхан болгож, олшруулахдаа баярласан шигээ та нарыг устган сөнөөхдөө ч баярлах болно.
17|27320391|27490087|Та нар эзэмшихээр очиж буй тэр газраасаа хагацна.
