verse|start|end|sentence
1|89214|747406|арван дөрөвдүгээр бүлэг Харийн ёсыг хориглов Та нар Бурхан ЭЗЭНийхээ хүүхдүүд юм. Талийгаачийн улмаас өөрийгөө бүү зүс бас магнайгаа бүү халзал.
2|779732|905902|Чи ЭЗЭН Бурханыхаа ариун ард түмэн.
3|936243|1235726|Дэлхий дээрх бүх ард түмний дотроос чамайг Өөрийнхөө ард түмэн болгохоор ЭЗЭН сонгосон билээ.
4|1265846|1366791|Цэвэр ба бузар хүнс
5|1404099|1548792|Чи жигшмээр муухай юуг ч бүү ид.
6|1569607|2071509|Та нарын идэж болох амьтад нь үхэр, хонь, ямаа,  буга, зээр, улаан буга, зэрлэг ямаа, янгир, урт эвэртэй гөрөөс, аргаль юм.
7|2101276|3249420|Амьтдын дундаас туурай нь салаатай ац туурайтан, сэвсээ хивдэг ямар ч амьтдыг та нар идэж болно.  Харин хивдэг эсвэл ац туурайтай амьтдын дотроос та нарын идэж болохгүй амьтад нь тэмээ, туулай, хадны дорго. Эдгээр амьтад сэвсээ хивдэг боловч ац туурайгүй учир та нарт бузар.  Мөн гахай ац туурайтан боловч хивдэггүй учир та нарт бузар болно.
8|3274204|3433405|Та нар махыг нь идэж болохгүй, сэгэнд нь ч хүрч болохгүй.
9|3464760|3646761| Усан дотор байдаг сэрвээтэй, хайрстай бүхнийг та нар идэж болно.
10|3668326|3848210|Харин сэрвээгүй, хайрсгүй ямар ч амьтныг бүү ид.
11|3876610|3986287|бүхнийг та нар идэж болно. 10 Харин сэрвээгүй, хайрсгүй ямар ч амьтныг бүү ид.
12|4017730|4128289|Эдгээр амьтад та нарт бузар болно.
13|4154572|5120230|Аливаа цэвэр шувууг та нар идэж болно.  Харин идэж болохгүй шувууд нь бүргэд, тас, хар тас,  элээ ба шонхрын төрлүүд,  хэрээний бүх төрөл,  тэмээн хяруул, шар шувуу, цахлай ба харцагын төрлүүд,  ууль, цагаан хүзүүт тас, хун,  бэгбаатар, хүрэн шувуу, хар галуу,  өрөвтас, хөх дэглийн төрлүүд, өвөөлж, сарьсан багваахай болой.
14|5146425|5485951|Далавчит хорхой шавьж бүхэн та нарт бузар. Тэдгээрийг бүү ид.  Харин аливаа цэвэр шувууг та нар идэж болно.
15|5527405|5774145|Та нар ЭЗЭН Бурханыхаа ариун ард түмэн учир аливаа үхсэн амьтныг бүү ид.
16|5797871|6274503|Харин та нар түүнийг өөрийнхөө хотод суудаг ирмэл хүнд идүүлэхээр өгч эсвэл гаднын хүнд худалдаж болно. Чи ишгийг эхийнх нь сүүнд бүү чана.
17|6295848|6637887|Аравны нэгийн журам Жилийн жилд талбайнхаа гаргадаг ургацын аравны нэгийг үнэн санаанаасаа өргө.
18|6669728|7413033|ЭЗЭН Бурханаасаа бүхий л өдрүүдэд айн эмээхэд суралцахын тулд ЭЗЭН Бурханыхаа өмнө, нэрээ тавихаар Түүний сонгож авсан газарт чи үр тариа, шинэ дарс, тосныхоо аравны нэгийг, үхэр, бог мал сүргийнхээ ууган төлийг идэх ёстой.
20|8986345|9309862|Танай хотод амьдран суудаг левичүүд та нар дунд хувь ч үгүй, өв ч үгүй тул та нар левичүүдийг орхиж болохгүй.
21|9340776|10496152|Гурван жил тутамд, жилийн эцсээр, тэр жилийнхээ ургацын аравны нэгийг авчирч, хот дотроо хадгал.  Хотод чинь суудаг, та нар дунд хувь ч үгүй, өв ч үгүй левичүүд мөн ирмэл хүн, өнчин, бэлэвснийг ирүүлж, хооллон цатгавал ЭЗЭН Бурхан чинь гарын бүх үйлд чинь чамайг ивээх болно.
