verse|start|end|sentence
1|76910|168638|гуравдугаар бүлэг
2|189718|677684|Ог хааныг ялав Бид эргэж, Башаны замаар хүрч очиход Башаны хаан Ог бүх ард түмнээ дагуулан Едреид бидэнтэй тулалдахаар ирэв.
3|701895|1336450|ЭЗЭН надад хандаж Түүнийг болон түүний бүх ард түмэн, газар нутгийг нь Би чиний гарт өгсөн тул түүнээс бүү ай. Чи Хешбонд амьдарч байсан аморичуудын хаан Сихонд үйлдсэний адил түүнд үйлд гэв.
4|1361631|1798089|Ингээд ЭЗЭН Бурхан маань Башаны хаан Огийг бүх ард түмэнтэй нь бидний гарт тушаасанд бид амьд хүн нэгийг ч үлдээлгүй тэднийг бут цохив.
7|4981050|5981106|Тэр нь Аммоны хөвгүүдийн Раббад байгаа.  Тэр үед бид эзэмшилээ болгон авсан тэр газрын хувьд би Арноны хөндийн дэргэдэх Ароераас Гилеадын уулархаг нутгийн хагасыг хотуудынх нь хамт Реубен, Гад овгийнхонд өгсөн. Гилеадын үлдсэн газар нутаг болон Огийн хаант улс, бүх Башаныг би Манассе овгийн хагаст өгсөн.
8|6015328|6802689|Аргобын бүх нутаг, бүх Башан нь Рефаимын нутаг хэмээн нэрлэгдэж байв. Манассегийн хөвгүүн Иаир нь гешурчуудын болон маакатчуудын хил хүртэлх Аргобын бүх нутгийг авч, Башаныг өөрийн нэрээр Хаввот-Иаир гэж нэрлэсэн нь одоо хүртэл хэвээрээ байна.
9|6825312|7936721|Би Гилеадыг Махирт өгсөн билээ.  Би реубенчүүд, гадчуудад Гилеадаас Арноны хөндий хүртэлх газрыг өгч, тэр хөндийн дундуур хилийг нь тогтоосон. Аммоны хөвгүүдийн хил болох Иаббок гол хүртэл  мөн Араба, Иордан голын хамт, Хиннеретээс Арабагийн тэнгис буюу Давст тэнгис, Писга уулын хормой хүртэл баруун хил нь болжээ.
10|7960446|8026508|Тэр үед би та нарт
12|10179073|10461446|Тэднээс битгий ай! ЭЗЭН Бурхан чинь та нарын төлөө тэмцэгч нэгэн юм гэж тушаасан билээ.
13|10507707|10603183|Писгагаас Канааныг ширтэв
14|10640889|11014768|Би бас тэр үед ЭЗЭНээс гуйж, Эзэн БУРХАН! Та зарцдаа алдар цуу, хүчирхэг мутраа харуулж эхэлсэн.
15|11034922|12018396|Таных шиг ийм бүтээл, хүчит үйлсийг үйлдэж чадах бурхан, тэнгэр газрын хаана байна вэ  Би залбирч байна. Намайг гатлуулж, Иорданы чанадад орших тэр сайхан газар, тэр үзэсгэлэнт уулс, Ливаныг үзүүлээч гэсэн  боловч ЭЗЭН та нараас болж, надад хилэгнэсэн бөгөөд намайг сонссонгүй. ЭЗЭН надад
16|12044415|12407005|Боллоо Чи энэ тухай Надад дахин бүү ярь  Писгагийн оройд гарч, баруун, зүүн, хойш урагш харцаа өргөн нүдээрээ ширт
17|12433157|12576041|Учир нь чи энэ Иордан голыг гатлах ёсгүй.
18|12605543|13540949|Харин чи Иошуад тушааж, түүнд тууштай урам зориг, хүч чадал өг Учир нь тэрээр энэ ард түмнийг тэргүүлэн Иорданыг гаталж, чиний харах тэр газрыг тэдэнд өвлүүлэн хуваарилна гэсэн юм. Тэгэхэд бид Бетпеорын нөгөө талын хөндийд үлдсэн билээ.
