verse|start|end|sentence
2|6602828|7049208|ЭЗЭН Бурханы чинь чамд эзэмшүүлэхээр өгч байгаа тэр газарт буюу чиний өвлөн авах газар дээр өвөг дээдсийн тогтоосон хөршүүдийнхөө шавыг бүү хөдөлгө.
3|7081357|7151432|Гэрчийн тухай хууль
4|7183845|7428600|Ямар нэг хилэнц эсвэл нүгэл үйлдсэн хүний эсрэг ганцхан гэрчийг босгож болохгүй.
5|7454840|7652276|Харин хоёр юмуу гурван гэрчийн амаар тэр хэргийг тогтоох ёстой.
6|7688438|8122734|Хэрэв хүнийг хэрэгтэн хэмээн буруутгахаар хуурамч гэрч гарч ирвэл,  маргалдаж байгаа хоёр хүн ЭЗЭНий өмнө, тэр өдрийнх нь тахилчид, шүүгчдийн өмнө зогсоно.
7|8155986|9175842|Шүүгчид тэр хэргийг нягтлан шалгахад, харагтун, хэрэв гэрч нь хуурамч гэрч байгаад ах дүүгийнхээ эсрэг худал мэдүүлгэ өгсөн байвал  ах дүүгийнхээ эсрэг хийх гэж төлөвлөснийг нь өөрт нь хийгтүн. Та нар дундаасаа ёрын мууг ийнхүү зайлуул.  Тэгвэл үлдсэн хүмүүс сонсоод айн эмээж, та нар дунд ийм ёрын муу хэрэг дахин үйлдэгдэхгүй болно.
8|9215400|9728812|Түүнийг бүү өрөвдөн хар. Харин амийг амиар, нүдийг нүдээр, шүдийг шүдээр, гарыг гараар, хөлийг хөлөөр.
