verse|start|end|sentence
2|5321635|6303301|Мөн Гилеад, гешурчууд ба маакатчуудын нутаг дэвсгэр, Хермон уул бүхэлдээ бас Салекаг хүртэлх бүх Башаныг буюу  Аштарот ба Едреид хаанчилж байсан Башан дахь г хааны (рефаимчуудаас үлдсэн хамгийн сүүлчийн хүн бүхий л хаант улсыг багтааж байлаа. Мосе тэднийг цохиж, хөөн зайлуулсан юм.
3|6332407|6858784|Гэвч Израилийн хөвгүүд гешурчууд болон маакатчуудыг хөөн гаргасангүй. Тиймээс ч Гешур болон Маакат нь израильчуудын дунд өнөөг хүртэл амьдарсаар байна.
4|6895961|7648792|Зөвхөн Левийн овогт тэрбээр өв өгсөнгүй. ЭЗЭНий айлдсан ёсоор Израилийн Бурхан ЭЗЭНд өргөсөн галан тахилууд бол тэдний өв юм. Реубений нутаг дэвсгэр Ийнхүү Мосе Реубений хөвгүүдийн овогт тэдний ургийн дагуу өвийг нь өгөв.
5|7669651|8316951|Ингээд тэдний нутаг дэвсгэр нь Арнон голын захад орших Ароер мөн голын хөндийн дунд орших хот болон Медебагийн хажуудах бүх тал нутаг  Хешбон ба тал нутаг дахь түүний бүх хот буюу Дибон, Бамотбаал
7|10230935|10430443|Реубений хөвгүүдийн ургийн дагуух өв нь эдгээр хот тосгод байв.
8|10478909|10997481|Гадын нутаг дэвсгэр Мосе мөн Гадын овог буюу Гадын хөвгүүдэд ургуудынх нь дагуу өвийг өгөв.  Тэдний нутаг дэвсгэр нь Иазер, Гилеадын бүх хот
10|13380381|13658122|Башан дахь Иаирын бүх нүүдлийн тосгод, нийтдээ жаран хот тосгодыг хамарсан байв.
11|13687449|14557145|Гилеадын хагас, мөн Башан дахь гийн хаант улсын хотууд болох Аштарот Едреи зэрэг нь Манассегийн хүү Махирын хөвгүүдийн хагаст тэдний ургийнхны дагуу өгөгдсөн байв. Иорданы цаад талд Иерихогийн зүүнтээд Моабын талд Мосе байхдаа эдгээр нутгийг өв болгон хуваасан юм.
12|14577784|15062222|Харин Мосе, Леви овогт ямар ч нутгийг өв болгон өгсөнгүй. Түүний амласны дагуу тэдний өв нь Израилийн Бурхан ЭЗЭН Өөрөө байлаа.
