verse|start|end|sentence
1|95873|164889|гуравдугаар бүлэг
2|222528|1324499|Иорданыг гатлав Ингээд Иошуа өглөө эртлэн босоод, Израилийн бүх хөвгүүдийн хамт Шиттимээс хөдлөн Иорданд ирээд, гатлахынхаа өмнө тэндээ хонов.  Гурав хоногийн эцэст захирагчид хуаран дундуур явж  ард олонд тушаан Та нар өөрсдийн Бурхан ЭЗЭНий гэрээний авдрыг Левийн тахилч нар дамнан явахыг хараад та нар байрнаасаа хөдөлж араас нь даган явагтун.
4|4332384|5065414|Иошуа хэлэхдээ Үүгээр дамжуулан амьд Бурхан та нарын дунд байгаа бөгөөд Тэр та нарын өмнө канаанчууд, хитчүүд, хивичүүд, перизчүүд, гиргашчууд, аморичууд болон иебусчуудыг заавал хөөн зайлуулах болно гэдгийг та нар мэдэх болно
6|8050675|8828114|Бүх Израиль, үндэстэн даяараа Иорданыг хуурай газраар гаталж дуустал ЭЗЭНий гэрээний авдрыг дамнан яваа тахилч нар Иордан голын тэхий дунд хуурай газар дээр бат зогссоор байлаа.
