verse|start|end|sentence
1|94682|269318|хоердугаар бүлэг Иерихо уруу туршуул илгээв
2|308655|550059|Ингээд Нуны хүү Иошуа хоёр эрийг туршуулаар Шиттимээс нууцаар илгээж
3|575240|757638|Явж, тэр нутгийг, ялангуяа Иерихог тандагтун гэлээ.
4|780261|970508|Тэд явж, Рахаб гэгч янхан эмэгтэйн гэрт очиж, тэндээ хоноглов.
5|996130|1228317|Харагтун, Израилийн хөвгүүдээс энэ нутгийг тандахаар өнөө орой эрчүүд ирсэн байна
6|1251646|2537866|гэж Иерихогийн хаанд дуулдав  Иерихогийн хаан, Рахабт Танайд ирж гэрт чинь орсон хүмүүсийг гаргаад ир Учир нь тэд энэ нутгийг бүхэлд нь тандахаар ирсэн байна гэсэн хэл явуулав  Харин өнөөх эмэгтэй хоёр эрийг нууж далдлаад, хэлэхдээ Тийм ээ. Над дээр хүмүүс ирсэн. Гэвч хаанаас ирснийг нь би мэдсэнгүй  Үдшийн бүрэнхийгээр хаалга хаах цагт тэд гарч явсан Тэр хүмүүс хаашаа явсныг би мэдээгүй.
9|11727513|11930637|Түүнчлэн тэр нутгийн бүх оршин суугчдын зориг бидний өмнө мохжээ
10|11954495|11978133|гэлээ.
