verse|start|end|sentence
1|70868|171549|хорин хоердугаар бүлэг
4|7320820|8388657|Түүнтэй хамт Израилийн овог бүрээс тус тусын эцэг өвгөдийн бүлийн тэргүүн болох арван удирдагчийг илгээв. Тэдгээр нь бүгд Израилийн овгуудын дотор өөрсдийн эцэг өвгөдийн бүлийн тэргүүнүүд байв.  Тэд Реубений хөвгүүд, Гадын хөвгүүд ба Манассегийн хагас овгийнхон дээр Гилеад нутагт ирээд, тэдэнд ЭЗЭНий даяар хотол түмэн ийн хэлж байна.
5|8410178|9112868|Та нар өөрсдөдөө тахилын ширээ босгосноороо ЭЗЭНий эсрэг харш юм хийж, ЭЗЭНээс буцан эргэж, Израилийн Бурханы эсрэг үйлдсэн энэ итгэмжгүй үйлдэл чинь юу вэ Пеорын хилэнцээс болж ЭЗЭНий хотол түмэн дээр гай гамшиг буусныг болон
6|9135226|9304482|энэ өдрийг хүртэл бид түүнээс цэвэрлэгдээгүйг та нар мэднэ.
