verse|start|end|sentence
1|90713|146412|тавдугаар бүлэг
2|174812|251899|Деборагийн дуу
3|277565|519806|Тэр өдөр Дебора болон Абиноамын хөвгүүн Барак нар ийнхүү дуулав.
4|546046|1223378|Израильд тэргүүнүүдийг тэргүүлүүлж, ардуудыг нь зүтгүүлсэн ЭЗЭНийг магтъя. Хаад аа, сонсогтун. Ноёд оо, чих тавигтун. Би ЭЗЭНд дуулна Би, Израилийн Бурхан ЭЗЭНд магтаалын дууг өргөнө.
5|1247765|1624820|ЭЗЭН Таныг Сеирээс гарахад, Таныг Едомын талаас жагсан хөдлөхөд дэлхий доргин, тэнгэр дусалж, үүлс усаа дусаав.
6|1649251|1918350|Синаин Нэгэний өмнө, ЭЗЭНий өмнө Израилийн Бурханы өмнө, ЭЗЭНий өмнө уулс чичрэв.
7|1943839|2339064|Анатын хөвгүүн Шамгарын өдрүүдэд, Иаелын өдрүүдэд ч их замууд балран орхигдож, Бэдрэгчид муруйлдсан замаар явдаг байв.
8|2363583|3079723|Израилийн эх өндийж, Дебора намайг босох хүртэл Израильд тосгодын амьдрал ч орхигдсон байв. Тэд шинэ бурхдыг сонгоход үүд хаалганд нь дайн нүүрлэв. Израилийн дөчин мянгын дунд бамбай, жад харагдсан гэж үү
9|3105125|3435654|Миний зүрх Израилийн жанжингууд болон Ардуудын дундаас сайн дураараа зүтгэгчдийнх. ЭЗЭНд талархъя.
10|3459512|3700960|Цагаан илжиг унагчид, хивсэн дээр суугчид, замаар явагчид аа хэлцгээгээч.
11|3728434|3877316|ЭЗЭНий зөв үйлс усалгааны газарт ч эгшиглэнэ.
12|3907392|4036164|Израиль дахь тариачдад хийсэн нь дурсагдана.
13|4063197|4343144|ЭЗЭНий ард түмэн хотын хаалганд хүрч очив. Сэртүгэй, сэртүгэй, Дебора.
14|4368237|4695812|Сэртүгэй, сэртүгэй, дуугаа дуулагтун. Босогтун, Барак аа, Олзлогдогсдоо олзлон явагтун,
15|4723065|4954061|Абиноамын хөвгүүн ээ. Тэгээд амьд үлдэгсэд нь дээдсүүдийн мэдэлд бууж ирэв.
16|4982594|5141178|ЭЗЭНий ард түмэн Түүнд дайчид мэт бууж ирэв.
17|5166579|5482203|Бениамин аа, чиний ард түмний дунд чамайг дагаж, Ефраимаас амалек гаралтай хүмүүс бууж ирэв.
18|5505840|5747994|Махираас жанжингууд, Зебулунаас бичээчийн таяг атгагчид бууж ирэв.
19|5773086|6097089|Иссахарын вангууд Деборатай хамт, Баракт үнэнч Иссахар ч бас тэр хөндий уруу хөлөөрөө харайлгав.
20|6120639|6304183|Реубений хэсгүүд дотор зүрх сэтгэлийн агуу их эрэл байв.
21|6328129|6521772|Юунд чи хонины хотонд сууж, хонин сүрэг майлалдахыг сонсоно вэ
22|6555244|6722868|Реубений овгийн дунд зүрх сэтгэлийн агуу их эрэл байв.
23|6757531|7033553|Гилеад Иорданы нөгөө талд хоцров. Дан харийн хөлөг онгоцон дээр юунд үйлчилнэ вэ
24|7053927|7534881|Ашер далайн эрэгт сууж, зогсоолын дэргэд хэвийн амьдарч байхад Зебулун болон нафтали хүмүүс харин амь өрсөн тэмцэж, Тал газрын толгодод үхтэл дайтав.
25|7561253|7957933|Хаад ирэн тулалдав. Дараа нь Канааны хаад Мегиддогийн усны дэргэдэх Таанахад тулалдсан боловч мөнгөн олз омог авчирсангүй.
26|7990831|8236998|Тэнгэрээс одод тулалдан, өөрсдийн тойрог замуудаасаа тэд Сисератай тулалдав.
27|8272013|8485413|Кишон гол, өнө эртний гол, Кишон гол тэднийг урсган авав.
28|8524530|8965000|Миний сүнс ээ, хүчтэй давшигтун. Эрмэг хүлэг давхин давхиснаар эдний туурай тачигнав. Мерозыг хараагтун гэж ЭЗЭНий тэнгэрэлч хэлэв.
29|8985771|9461655|Хараагтун, тийм ээ, түүний оршин суугчдыг хараагтун. Тэд ЭЗЭНд туслахаар ирсэнгүй, Хүчтэний эсрэг зогсоход ЭЗЭНд туслахаар ирсэнгүй.
30|9496494|9745085|Кен хүн Хеберийн эхнэр Иаел нь эмэгтэйчүүд дотроос хамгийн ерөөлтэй.
31|9765636|9927306|Майхан дахь эмэгтэйчүүд дотроос тэр хамгийн ерөөлтэй.
32|9948386|10183483|Сисераг ус гуйхад Иаел сүү өгч, үнэт хулаар түүнд цөцгий өгчээ.
33|10221939|10458094|Тэр майхны гадас уруу нэг гараа, харин баруун гараа дархны алх уруу сунгалаа.
34|10478645|11013269|Тэгээд тэр Сисераг цохин, толгойг нь хагалж, чамархайд нь гадас зоож оруулав. Иаелын хөлийн хооронд мөнөөх нь атиран унаж, хэвтэв. Түүний хөлийн хооронд тэр атиран унав.
35|11042199|11170838|Атирсан газартаа тэр хэвтээгээрээ үхэв.
36|11203781|11731790|Сисерагийн эх цонхоор харан, торон цонхны цаанаас уйлан гашуудав. Түүний тэрэг ирэлгүй юунд удна вэ Тэрэгний нь түчигнээн сонсогдохгүй юунд алгуурлана вэ гэж асууна.
37|11763410|12015750|Ухаалаг гүнж нар нь хариу түүнд барив. Өөрөө өөртөө тэр ч бас хариулж байна.
38|12048340|12737358|Тэд дайнаас олз олоод, түүнийгээ хувааж байгаа биш үү Хүн бүрд нэг хоёр шивэгчнийг, бас Сисерад өнгө өнгийн хувцсан олз, олон өнгийн хатгамалт хувцсан олз бас миний хүзүүнд хоёр өнгийн алчуур олж байгаа бус уу
39|12757512|13153618|ЭЗЭН Та, Өөрийн бүх дайснаа ийнхүү устгаач. Харин Түүнийг хайрлагчид нь мандаж байгаа сүрлэг нар мэт байг.
40|13188325|13391626|Ингээд энэ газар нутаг дөчин жилийн турш амар жимэр байлаа.
