verse|start|end|sentence
1|92521|223542|шүүгчид нэгдүгээр бүлэг
2|245328|337585|Канааныг бүрэн эзэлсэнгүй
3|363648|816555|Иошуаг нас барсны дараа Израилийн хөвгүүд ЭЗЭНээс Канаанчуудын эсрэг довтолж, тэдэнтэй тулалдахад хэн бидний тэргүүнд явах вэ гэж асуусанд  ЭЗЭН
4|837282|1093812|Иуда явах болно. Харагтун, Би уг газрыг түүний гарт өгсөн хэмээн айлдав.
5|1114848|1478893|Тэгэхэд Иуда өөрийн ах Симеонд Надад шавгаар ногдсон миний газар уруу канаанчуудтай тулалдахаар надтай цуг яваач.
6|1498959|2695833|Тэгвэл танд ногдсон газар уруу би ч бас явна шүү гэхэд Симеон түүнтэй хамт явлаа.  Иуда явсанд ЭЗЭН тэдний гарт канаанчууд болон перизчүүдийг өгөв. Тэд Безект арван мянган хүнийг хүйс тэмтэрлээ.  Тэд Безект Адонибезекийг олж, түүний эсрэг тулалдан, канаанчууд болон перизчүүдийг ялав.  Харин Адонибезек зугтсанд тэд араас нь нэхэж бариад, гар хөлийнх нь эрхий хуруунуудыг тастав.
7|2717353|2765202|Адони-безек
8|2785929|3502642|Гар хөлийнхөө эрхий хурууг тастуулсан далан хаан миний хоолны ширээн доороос шавхруу түүдэг байв. Хийсэн үйлийн минь дагуу Бурхан надад хариу өглөө гэв. Тэгээд тэд Адони-безекийг Иерусалимд авчирсанд тэр тэнд нас барлаа.
9|3523237|3854163|Дараа нь Иудагийн хөвгүүд Иерусалимын эсрэг дайтаж, түүнийг эзлэн аваад, илдээр цавчиж, галдан шатаав.
10|3874361|4437518|Ингэсний дараа Иудагийн хөвгүүд уулархаг нутаг, Негев ба нам газраар нутаглаж байсан канаанчуудтай тулалдахаар уруудаж иржээ.  Тэгээд Иуда Хебронд амьдардаг байсан канаанчуудын эсрэг дайрлаа.
12|4777000|5159126|Улмаар тэндээсээ тэд Дебирийн оршин суугчдын эсрэг довтлов. Урьд цагт Дебирийн нэр нь Кириат сефер байв. Калеб
13|5181088|6141498|Кириат сеферийг дайран эзэлсэн хүнд би охин Ахсагаа эхнэр болгон өгнө гэв.  Калебын дүү Кеназын хөвгүүн Отниел түүнийг эзэлсэн тул Калеб түүнд охин Ахсагаа эхнэр болгон өгөв.  Тэгээд Ахсаг Отниел дээр ирэхэд тэр түүнийг эцгээсээ эдлэн газар гуйхыг ятгав. Түүнийг илжигнээсээ буухад Калеб
14|6165135|6382152|Чи юу хүсээ вэ гэж асуув. Тэр түүнд Надад ерөөлөө хайрлаач.
16|8079605|8911772|ЭЗЭН Иудатай хамт байсан ба тэд уулархаг нутгийг эзлэн авав. Харин тал хөндийн хүмүүс төмөр тэрэгтэй байсан тул Иуда тэднийг хөөн зайлуулж чадсангүй.  Тэгээд Мосегийн амласан ёсоор тэд Хеброныг Калебт өгсөнд тэрээр Анакийн гурван хөвгүүнийг тэндээс хөөж зайлуулав.
18|11170574|12471612|Харин Манассе Бетшеан болон түүний харьяа гацаа тосгод, Таанах болон түүний харьяа гацаа, Дорын оршин суугчид болон түүний харьяа гацаа, Иблеамын оршин суугчид болон түүний харьяа гацаа, Мегиддогийн оршин суугчдыг болон түүний харьяа гацаануудын хүмүүсийг хөөн зайлуулаагүй тул канаанчууд тэр нутагт үлдэж чадав.  Израиль хүчирхэг болоод канаанчуудаар албадлагын ажил хийлгэсэн боловч тэднийг бүрмөсөн хөөн зайлуулсангүй.
19|12491854|13257915|Гезерт оршин сууж байсан канаанчуудыг Ефраим хөөн зайлуулсангүй. Тиймээс канаанчууд тэдний дунд Гезерт амьдран суув.  Китроны болон Нахалолын оршин суугчдыг Зебулун хөөн зайлуулаагүй тул канаанчууд тэдний дунд амьдарч, албадлагын ажил хийх болов.
20|13310791|14407205|Акко, Сидон, Ахлаб, Ахзиб, Хелба, Афик болон Рехобын оршин суугчдыг Ашер хөөн зайлуулсангүй.  Канаанчуудыг ашерчууд хөөгөөгүй учраас тэд уг нутагт оршин суудаг канаанчуудын дунд амьдрав.  Нафтали нь Бет-шемешийн болон Бет-анатын оршин суугчдыг хөөн зайлуулалгүй, харин тэд уг нутгийн оршин суугчид болж канаанчуудын дунд суурьшив.
21|14430005|15026766|Тэгээд Бет шемеш болон Бет анатын оршин суугчид тэдний төлөө албадлагын ажил хийх болжээ.  Тэгтэл аморичууд Даны хөвгүүдэд хөндий тал уруу бууж ирэх боломж өгөлгүй уулархаг газар уруу тэднийг шахав.
22|15048904|15807645|Херес уул, Аиалон болон Шаалбимд аморичууд суурьшиж чадсан ч Иосефын гэрийнхний гар хүчирхэгжихэд тэд албадлагын ажил хийх болов.  Аморичуудын нутгийн хязгаар нь Акраббимын өндөрлөг, Села ба түүнээс дээш үргэлжлэн байв.
