verse|start|end|sentence
1|89611|156731|арван наймдугаар бүлэг
2|184734|273552|Дан овгийнхон хөдлөв
5|4210447|5087420|Туршуулууд Зора болон Ештаолд буй ах дүү нар дээрээ буцаж ирэхэд ах дүүс нь Та нар яав гэсээр угтлаа.  Тэд Босоцгоо, тэдэн уруу довтолцгооё. Бид тэр газрыг үзсэн. Маш сайн газар байна. Та нар юу ч хийхгүй байх гэж үү Явахдаа хойргошилгүй харин тэр нутагт нэвтрэн орж эзэмшилдээ ав
7|8021701|8706398|Тахилч нь зэвсэг агссан зургаан зуун хүний хамт хаалганы үүдэнд зогсож байх зуур тэр газрыг тагнахаар явсан таван хүн дээш гаран дотогш орж сийлмэл хөрөг дүрс, ефод, гэрийн шүтээнүүд болон цутгамал хөрөг дүрсийг авав.
8|8738811|9145149|Тэдгээр хүмүүс Микагийн гэрт орж, сийлмэл хөрөг дүрс, ефод, гэрийн шүтээнүүдийг болон цутгамал хөрөг дүрсийг авсанд тахилч тэднээс
9|9180208|9338175|Та нар юу хийж байгаа нь энэ вэ гэж асуув.  Тэд түүнд
10|9371999|9943447|Дуугүй бай Гараараа амаа таглаад, бидний хамт явж, бидэнд эцэг бөгөөд тахилч бологтун. Чамд ганц хүний гэрийн тахилч байх нь дээр үү, эсвэл Израилийн овог болон ургийн тахилч байх нь дээр үү гэв.
11|9976125|10327734|Тахилчийн сэтгэл баярлан хөөрч, тэрээр ефод, гэрийн шүтээнүүд, сийлмэл хөрөг дүрсийг авч, хүмүүсийн дунд орж явлаа.
12|10365440|10708273|Ингээд тэд эргэн, хүүхэд багачууд, мал хөрөнгө, үнэт зүйлсээ урдаа оруулан аян замаа үргэлжлүүлэв.
13|10743201|11281573|Тэд Микагийн гэрээс нэлээд холдсон хойно Мика хөрш айлуудын эрсийг дуудан цуглуулж, Даны хөвгүүдийн араас хөөж гүйцэв.  Даны хөвгүүд уруу хашхиралдсанд тэд эргэж хараад, Микад
14|11314737|11468381|Чи эднийг дуудан цуглуулаад яах гээв гэсэнд  Мика
15|11501897|12443256|Та нар миний бүтээсэн бурхад болон миний тахилчийг авч явчихаад надад юу үлдээсэн юм бэ Тэгээд та нар надад Чи яах гээв гэж хэлж хэрхэн чадаж байна вэ гэлээ. Даны хөвгүүд Микад Дуугаа аяд. Эс тэгвэл догшин хилэнтэй эрчүүд бид чамд халдаж чи өөрийнхөө амийг гэрийнхнийхээ амьтай хамт алдах болно гэв.
16|12472803|12869262|Тэднийг өөрөөс нь илүү хүчтэйг Мика хараад, эргэн гэр өөдөө буцлаа. Ингээд Даны хөвгүүд замаа хөөн одов.
17|12901058|13030315|Дан овгийнхон Лаишид суурьшив
18|13061890|13278068|Тэд Микагийн бүтээсэн юмсыг болон түүний тахилчийг авч, Лаишид ирэв.
19|13302456|13640262|Тэгээд тэнд амар амгалан бөгөөд ажиг сэжиггүй хүмүүс дээр ирж, тэднийг илдний ирээр цохиж, хотыг галдан шатаав.
20|13669368|14315477|Тэр хот Сидоноос алслагдсан төдийгүй хэн нэгэнтэй харилцаагүй байсан учир тэднийг аврах хүн ганц ч байсангүй. Тэр хот Бетрехобын ойролцоо хөндийд байв. Тэд хотыг дахин сэргээн босгож, тэндээ суурьшив.
21|14340879|14737338|Тэд тэр хотыг Израильд төрсөн өөрсдийн өвөг эцэг Даны нэрээр Дан гэж нэрлэжээ. Урьд нь Лаиш гэдэг байж.
22|14762783|15052741|Газар нутаг нь боолчлогдох өдрийг хүртэл Даны хөвгүүд өөрсдөдөө зориулан сийлмэл шүтээнийг босгов.
23|15077040|15361485|Манассегийн хөвгүүн Гершомын хүү Ионатан ба түүний хөвгүүд Дан овгийн тахилч нар байв.
24|15391296|15825240|Ийнхүү Бурханы өргөө Шилод байх бүх өдрүүдэд тэд Микагийн бүтээсэн сийлмэл хөрөг дүрсийг өөрсдөдөө зориулан тавьдаг байв.
