verse|start|end|sentence
1|79997|148661|дөрөвдүгээр бүлэг
2|169961|247048|Дебора Барак нар
3|268524|782863|Ехүдийг нас барсны дараа Израилийн хөвгүүд ЭЗЭНий мэлмийд үргэлжлүүлэн ёрын мууг үйлдэв. 2 Тиймээс ЭЗЭН, Хазорт хаанчилж байсан Канааны хаан Иабины гарт тэднийг тушаав.
4|806280|1056503|Иабины цэргийн жанжин нь Сисера бөгөөд тэр Харошетхагоимд амьдран суудаг байв.
5|1078333|1532871|Тэр есөн зуун төмөр тэрэгтэй байсан бөгөөд хорин жилийн турш Израилийн хөвгүүдийг харгислан дарангуйлж байсан тул Израилийн хөвгүүд ЭЗЭНээс тусламж эрж хашхиран гуйв.
6|1556597|1807129|Тэр үед Лаппидотын эхнэр, эш үзүүлэгч эмэгтэй Дебора Израилийг шүүж байлаа.
7|1830326|2176908| Тэр эмэгтэй Ефраимын уулан дахь Рама болон Бетелийн дунд байдаг Деборагийн далдуу модны доор амьдран суудаг байв.
9|3608703|3671236|Тэгтэл Барак түүнд
10|3691787|3960709|Хэрэв чи надтай хамт явбал би явна. Харин чи надтай хамт явахгүй бол би явахгүй гэв.
11|3981700|4028755|Харин Дебора
12|4051599|4479281|Би чамтай хамт дуртайяа явна. Харин ЭЗЭН, Сисераг нэгэн эмэгтэйн гарт тушаах учир чиний явах аянд алдар хүнд нь чамд ногдохгүй гэв.
13|4499346|4677907|Ингээд Дебора босож, Барактай хамт Кедеш уруу явжээ.
14|4700751|5061665|Барак Зебулун ба Нафталийг Кедешт дуудан цуглуулж, арван мянган эрийг дагуулан явсан бөгөөд Дебора ч түүний хамт явав.
15|5084641|5568948|Тэр үед кен хүн Хебер нь Мосегийн хадам эцэг Хобабын үр удам болох кенчүүдээс салж, Кедешийн ойролцоох Заананним дахь царсан ой хүртэл майхнаа босгов.
16|5595540|6196314|Абиноамын хөвгүүн Барак Табор ууланд гарсныг Сисерад мэдэгдсэнд  Сисера есөн зуун төмөр тэргээ мөн өөртэй нь хамт байсан бүх хүнээ Харошет хагоимаас Кишоны хөндийд дуудан цуглуулжээ.
17|6222686|6300831| Дебора, Баракт хандан
18|6336640|6511894|Бос Өнөөдөр ЭЗЭН чиний гарт Сисераг өгсөн билээ.
19|6534826|6633786|ЭЗЭН Өөрөө чиний өмнө явна гэв.
20|6660908|6871573|Ингээд Барак арван мянган эрийг дагуулан Табор уулаас буулаа.
21|6899665|7317689|ЭЗЭН, Баракийн өмнө Сисера болон түүний бүх тэрэгт цэрэг, цэргүүдийг илдний ирээр хядсанд Сисера тэргээ хаян явган зугтаж одлоо.
22|7340841|7548552|Харин Барак тэрэг ба цэргүүдийг нь Харошетхагоим хүртэл мөшгөн хөөв.
23|7574175|7774124|Сисерагийн цэргүүд нэг нь ч үлдэлгүй бүгд илдний ирэнд унацгаав.
24|7796835|8041061|Тэгтэл Сисера, кен хүн Хеберийн эхнэр Иаелын майхан уруу явган зугтаж ирэв.
25|8067874|8335517|Учир нь Хазорын хаан Иабин болон кен хүн Хеберийн гэрийн хооронд энх тайван байв.
26|8360478|8484178|Иаел Сисераг угтан гарч ирээд, түүнд
27|8509977|8688449|Орж хайрла, эзэнтэн минь. Манайд орж хайрла. Бүү эмээгтүн гэв.
28|8714601|8894308|Сисера түүний майханд орсонд Иаел түүнийг хөнжлөөр хучив.
29|8920459|8971218|Сисера түүнд
30|8991681|9406971|Уух жаахан ус өгөөч. Би цангаж байна гэсэнд Иаел сүүтэй арьсан тулмыг онгойлгож түүнд уулгаад, түүнийг дахин хучив.  Сисера түүнд
31|9430344|9748834|Чи майхны үүдэнд зогсоод, хэрэв хэн нэгэн нь ирж Энд хүн байна уу гэж чамаас асуувал Байхгүй гэж хэлээрэй гэв.
32|9775647|10326852|Сисера ядарснаас гүн нойронд автахад Хеберийн эхнэр Иаел майхны гадас авч гартаа алх барин сэмхэн түүнд ойртож очоод чамархай уруу нь гадсаа шааж газартай зоов.
33|10349696|10711625|Ингээд Сисера ухаан алдаж үхэв. 22 Харагтун, Барак, Сисераг мөшгөн хөөж ирэхэд Иаел түүнийг угтан гарч ирээд
34|10768426|10945752|Нааш ир, таны хайж байгаа хүнийг би танд харуулъя гэв.
35|10969301|11282852|Тэр майханд орсонд, харагтун, Сисера чамархайдаа майхны гадас зоолгоостой, үхсэн хэвтэж байлаа.
36|11311738|11565445|Ийнхүү Бурхан тэр өдөр израильчуудын өмнө Канааны хаан Иабиныг номхруулав.
37|11592611|11866868|Израилийн хөвгүүдийн гар ширүүсэн ширүүссээр эцэст нь Канааны хаан Иабиныг устгав.
