verse|start|end|sentence
1|89522|162508|наймдугаар бүлэг
2|189453|307421|Гидеоны ялалт ба хонзон
3|340363|899948|Тэр цагт Ефраимын эрчүүд Гидеонд Та бидэнд яагаад ийн хандаж, мидианчуудын эсрэг тулалдахаар хөдлөхдөө биднийг дуудсангүй вэ гээд түүнийг хатуу зэмлэв.  Харин Гидеон тэдэнд
4|926188|1066734|Та нартай харьцуулахаар миний үйлдсэн зүйл юу байх вэ
5|1089534|1314356|Абиезрийн усан үзмийн ургацнаас Ефраимын жимсний хаягдал нь дээр бус уу
6|1337861|1540324|Бурхан, та нарын гарт Мидианы ноёд Ореб Зееб нарыг тушаав.
7|1562022|1682591|Та нартай харьцуулчихаар юуг би хийсэн юм бэ
8|1707552|1864989|хэмээн Гидеоныг өчихөд тэдний уур хилэн намдав.
9|1892419|2178540|Тэндээс Гидеон мөрдсөөр туйлдсан гурван зуун эрсийнхээ хамт Иордан голд хүрэлцэн ирж, гатлав.
10|2203853|3186754|Тэр Суккотын хүмүүст Би Мидианы хаад Зеба Залмунна нарыг нэхэж явна. Намайг дагалдан яваа хүмүүс ядарч эцсэн тул тэдэнд талх хайрлаач гэсэнд   Суккотын ноёд Зеба Залмунна нарын нударга аль хэдийнэ та нарын гарт орчихсон болоод танай цэргүүдэд бид талх өгөх болж байна уу гэв.  Тэгэхэд Гидеон
11|3214272|3645967|За яахав, Зеба Залмунна нарыг ЭЗЭН миний гарт тушаах цагт би цөлийн сундуу, өргөст халгайгаар та нарын махыг урна даа гэв.
12|3673706|4028931|Гидеон тэндээс Пенуел уруу очин, дээрхийн адил гуйж хэлэхэд Пенуелийн хүмүүс түүнд Суккотын хүмүүсийн адил хариулав.
13|4051070|4151970|Тиймээс тэр мөн пенуелчүүдэд хандан
14|4184869|4402370|Би эсэн мэнд буцаж ирэхээрээ энэ цамхгийг чинь эвдэн нураана гэв.
15|4431079|4556103|Зеба Залмунна нар Каркорт байв.
16|4582563|4913269|Дорнын хөвгүүдийн нийт цэргээс амьд үлдсэн, бүгд арван таван мянга орчим хүнтэй цэрэг нь тэдэнтэй хамт хуарагнан байв.
17|4940964|5151232|Юу гэвэл илд агссан зуун хорин мянган хүн алагдсан байв.
18|5177781|5475015|Гидеон, Ноба ба Иогбехагийн зүүн талд майхнуудад суугч хүмүүсийн замыг даган өгсөж очоод
19|5503327|5607270|сэжиг аваагүй байхад нь хуаранг цохив.
20|5633554|5975373|Мидианы хоёр хаан Зеба Залмунна нарыг зугтсанд Гидеон тэднийг нэхэн олзлоод цэргийн хуаранг нь түйвэргэв.
21|6000598|6245971|Ингээд Иоашийн хөвгүүн Гидеон тулалдаанаас буцан Хересийн өндөрлөгөөс бууж иржээ.
22|6274062|6423738|Тэгээд Суккотынхноос нэгэн залууг олзлоод байцаав.
23|6449139|6706331|Тэр залуу Суккотын ноёд болон ахлагчид болох далан долоон хүний нэрийг Гидеонд бичиж өгөв.
24|6731732|6832236|Гидеон Суккотын хүмүүс дээр ирж
25|6858123|7460176|Зеба Залмунна нар аль хэдийнээ та нарын гарт орчихсон болоод эцэж ядарсан та нарт бид талх өгөх ёстой гэж үү хэмээн та нар намайг элэглэж байсан. Зеба Залмунна нарыг харагтун гэв.
26|7488224|7783561|Тэрээр хотын ахлагчдыг барьж, цөлийн сундуу ба өргөст халгайгаар суккотчуудыг гэсгээв.
27|7807464|8113606|Мөн Пенуелийн цамхгийг нураан, хотын хүмүүсийг нь алав.  Дараа нь Зеба Залмунна нараас
28|8140154|8404622|Таборт та нарын алсан хүмүүс ямаршуу төрхийн хүмүүс байсан бэ гэж Гидеон асуусанд
29|8431875|9101313|Тэд тантай адил бүгд л хаан хөвгүүний дүртэй байсан гэв.  Гидеон Тэд миний ах дүү нар, миний эхийн хөвгүүд байсан юм. ЭЗЭН амьдр Хэрэв та нар тэднийг амьд үлдээсэн бол би та нарыг алахгүй байхсан
30|9124334|9294251|гэж өгүүлээд,  өөрийн ууган хөвгүүн Иетерт
31|9322431|9726828|Бос, тэднийг алагтун хэмээн тушаасан боловч залуу хөвгүүн илдээ сугалсангүй. Учир нь тэр нас залуу тул айв.
32|9751347|9853792|Тэгэхэд Зеба Залмунна нар
33|9878311|10031868|Та өөрөө босож биднийг хөнөөгтүн. Хүн хүний зориг ялгаатай
34|10058195|10441380|гэхэд Гидеон босож, Зеба Залмунна нарыг алаад, тэдний тэмээнүүдийн хүзүүнд байсан хавирган саран чимгийг мултлан авав.
35|10468634|10547573|Гидеоны шүтээн
36|10571122|10680490|Тэгээд Израилийн эрчүүд Гидеонд
37|10707480|11034172|Та биднийг Мидианы савраас аварсан тул та, таны хөвгүүд төдийгүй таны ач нар биднийг захираг гэв.
38|11059839|11120079|Гэвч Гидеон тэдэнд
39|11147598|11409066|Би та нарыг захирахгүй. Миний хөвгүүн ч та нарыг захирахгүй. ЭЗЭН та нарыг захирна гэв.
40|11433630|11498501|Тэгээд Гидеон тэднээс
41|11525093|11609457|Та нараас нэгэн зүйлийг хүсье.
42|11635740|11870661|Хүн бүр өөрийн олз омогоосоо ээмэгнүүдийг авч надад өгөгтүн гэв.
43|11898180|12104744|Алагдсан хүмүүс нь ишмаел хүмүүс байсан тул алтан ээмэг зүүдэг байв.
44|12124765|12144434|Тэд
45|12169615|13377602|Бид дуртайяа өгнө гэж өгүүлээд нэгэн дээлийг газар дэлгэж хүн бүр олзны юмнаасаа нэг нэг ээмэг дээр нь хаяв.  Гидеоны хүсэмжилсэн алтан ээмгийн жин мянга долоон зуун шекел алт болов. Түүнээс гадна хавирган сар хэлбэртэй чимэг болон унждаг чимэг, Мидианы хаадын өмсөж байсан нил ягаан нөмрөг хийгээд тэдний тэмээнүүдийн хүзүүний зүүлт чимэг мэтчилэн байв.
46|13406311|13614816|Гидеон тэдгээрээр нэгэн ефод урлаж, төрөлх хот Офрад тавив.
47|13639071|14017361|Бүх израильчууд түүнийг шүтэн мөргөж, тэнд завхарцгаав. Тэр нь Гидеон болон түүний гэрийнхэнд занга болжээ.
48|14041395|14332279|Ингээд Израилийн хөвгүүдийн өмнө Мидиан дарагдсан бөгөөд тэд дахин толгойгоо өндийлгөсөнгүй.
49|14355211|14597232|Энэ нутаг Гидеоны үед дөчин жилийн турш амар тайван байв.
50|14621619|14697956|Гидеоны үхэл
51|14724460|14959469|Ингээд Иоашийн хөвгүүн Иеруббаал буцаж, өөрийн гэрт амьдрав.
52|14985488|15151525|Гидеон олон эхнэртэй байсан тул тэр далан хүүтэй байлаа.
53|15179043|15969051|Шехемд байсан татвар эм нь түүнд бас нэгэн хөвгүүнийг төрүүлж өгсөнд тэр түүнд Абимелех гэдэг нэр өгөв.  Иоашийн хөвгүүн Гидеон өндөр насыг наслан өөд болсон бөгөөд эцэг Иоашийнх нь булшинд буюу абиезричуудын Офрад түүнийг оршуулжээ.
54|15990571|16449255|Гидеоныг нас эцэслэсний дараахан Израилийн хөвгүүд нүүр буруулан дахин Баалуудыг шүтэн завхайрч, Баалберитийг өөрсдийн бурхан болгов.
55|16471702|16867853|Ийнхүү эргэн тойрон дахь дайснуудынх нь савраас өөрсдийг нь чөлөөлөн аварсан өөрсдийн Бурхан ЭЗЭНийг Израилийн хөвгүүд умартав.
56|16892460|17317937|Иеруббаалын буюу Гидеоны Израильд үйлдсэн хамаг сайн үйлсийнх нь хариуд түүний гэр бүлийнхэнд энэрэл хайрыг ч тэд үзүүлсэнгүй.
