verse|start|end|sentence
1|88332|151483|хоёрдугаар бүлэг
2|172431|270729|Дуулгаваргүй израильчууд
3|300806|442234|ЭЗЭНий тэнгэрэлч Гилгалаас Бохимд ирж
4|477470|750846|Би та нарыг Египетээс гарган, өвөг дээдэст чинь тангарагласан тэр газарт дагуулж ирээд хэлэхдээ
5|780305|930024|Би та нартай байгуулсан гэрээгээ үүрд үл цуцална.
6|960277|1155684|Харин та нар энэ нутгийн оршин суугчидтай гэрээ байгуулж болохгүй.
7|1187039|1409303|Та нар тэдний тахилын ширээг эвдэн нураа гэсэн боловч та нар Намайг дагасангүй.
8|1440702|2003904|Та нар юу хийчих нь энэ вэ Тиймээс Би Би тэднийг та нарын өмнөөс хөөхгүй, харин тэд сундуу мэт хажуугаас чинь хатгаж, тэдний бурхад та нарт урхи болно гэж айлдлаа гэв.
9|2036582|2345590|ЭЗЭНий тэнгэрэлч эдгээр үгсийг Израилийн бүх хөвгүүдэд хэлэхэд ард олон дуугаа өндөрсгөн уйлалдав.
10|2377960|2587302|Тиймээс тэд тэр газарт Бохим гэдэг нэр өгөөд тэнд ЭЗЭНд тахил өргөжээ.
11|2619892|2707872|Иошуа өөд болсон нь
12|2739977|3178331|Иошуа ард олныг тараахад Израилийн хөвгүүд тус тусын өвлөн авах газраа эзэмшихээр явцгаав.  Иошуаг амьд сэрүүн байхад ард олон ЭЗЭНд үйлчлэв.
13|3201439|3614921|Мөн Израильд үйлдсэн ЭЗЭНий бүх аугаа үйлсийг харсан ба Иошуагаас урт насалсан ахмадуудыг амьд сэрүүн үед ч гэсэн ард олон ЭЗЭНд үйлчлэв.
14|3642704|3863468|ЭЗЭНий зарц, Нуны хүү Иошуа зуун арван насандаа өөд болов.
15|3893544|4254106|Хүмүүс түүнийг Гааш уулын хойно байдаг Ефраимын уулархаг нутаг дахь түүний өвлөн авсан хот Тимнат хересд оршуулав.
16|4282462|4720860|Тэр үеийн хүмүүс бүгд эцэг өвгөдтэйгөө нэгдэхэд, ЭЗЭНийг ч мэдэхгүй, Израилийн төлөө үйлдсэн Түүний үйлсийг ч мэдэхгүй өөр залуу үеийнхэн төрөн гарчээ.
17|4748114|4834859|Израильчууд итгэл эвдэв
18|4862862|5110396|Израилийн хөвгүүд Баалд үйлчлэн ЭЗЭНий мэлмийн өмнө ёрын мууг үйлдэв.
19|5139634|5654546|Египетийн нутгаас өөрсдийг нь гарган авчирсан эцэг өвгөдийнхөө Бурхан ЭЗЭНийг тэд орхиж, тэдний эргэн тойронд байгаа ард түмний бурхдыг даган тэдэнд мөргөж ЭЗЭНийг хилэгнүүлэв.
20|5682593|5897052|Ийнхүү тэд ЭЗЭНийг орхиж, Баал болон Ашторэтэд үйлчилжээ.
21|5923732|6169237|ЭЗЭНий уур хилэн Израилийн эсрэг шатаж, Тэр тэднийг тонох тонуулчдын гарт өгөв. 
22|6205090|6471763|Тэднийг дайснуудынхаа өмнө зогсож чадахаа больтол нь тойронд байгаа дайснуудынх нь гарт тэднийг тушаав.
23|6501574|6893491|ЭЗЭНий айлдаж, тэдэнд тангарагласны дагуу тэд хаашаа ч явсан ЭЗЭНий мутар тэдэнд гамшгийг авчирсан бөгөөд тэд маш ихээр дарлагдав.
24|6922950|7110772|Тэгээд ЭЗЭН шүүгчдийг босгосноор тэднийг тонуулчдын гараас аврав.
25|7138908|7412504|Гэсэн ч тэд шүүгчдээ бас л сонсолгүй, өөр бурхдын араас даган завхайрлыг үйлдэж тэдэнд мөргөв.
26|7445006|7787442|ЭЗЭНий тушаалыг дагаж явсан эцэг өвгөдийнхөө замаас тэд даруй гажиж эргэв. Тэд эцэг өвгөдийнхөө адил үйлдсэнгүй.
27|7817518|8210670|ЭЗЭН тэдэнд шүүгчдийг босгохдоо тэр шүүгчтэй Өөрөө хамт байж, шүүгчийн амьд байх өдрүүдэд дайснуудынх нь гараас тэднийг аврав.
28|8237924|8487794|Учир нь тэднийг дарангуйлан зовоогчдоос болж ёолоход нь ЭЗЭН тэднийг өрөвджээ.
29|8519282|8956710|Гэвч шүүгчийг нас эцэслэсний хойно тэд эргэн буцаж, өөр бурхдыг даган тэдэнд мөргөснөөрөө эцэг өвгөдөөсөө улам илүү бузрыг үйлддэг байв.
30|8985066|9153043|Тэд өөрсдийн бузар үйлс, зөрүүд явдлаа орхисонгүй.
31|9181708|10074600|Тиймээс ЭЗЭНий хилэн Израилийн эсрэг шатаж, Тэр айлдахдаа Энэ үндэстэн тэдний өвөг эцгүүдэд Миний тушаасан Миний гэрээг зөрчиж, Миний дуу хоолойд дуулгаваргүй хандлаа.  Тиймд Иошуа өөд болохдоо үлдээсэн улс үндэстний нэгийг нь ч Би цаашид тэдний өмнөөс хөөж зайлуулахгүй.
32|10102119|10468325|Эцэг өвгөдийнхөө адил ЭЗЭНий замаар замнах нь уу, үгүй юү хэмээн Израилийн ард түмнийг шалган сорихын тулд Би ингэх болно гэв.
33|10500651|10841499|Иймд ЭЗЭН тэдгээр үндэстнийг дав дээр хөөлгүй үлдээсэн ба Тэр тэднийг Иошуагийн гарт тушаагаагүй билээ.
