verse|start|end|sentence
1|97372|290574|долоодугаар бүлэг Гидеон мидианчуудыг ялав
2|319063|682623|Дараа нь Иеруббаал (буюу Гидеон) болон түүний хамт байсан бүх ард олон эртлэн босож Хародын булгийн дэргэд хуарагнан буув.
4|6248132|7516227|Ингэсний дараа гар чинь хүчирхэгжиж чи хуаран уруу бууж очиж чадах болно гэв. Тэгээд Гидеон, зарц Пурагийн хамт хуаран дахь харуулын захад бууж ирэв.  Мидианчууд, амалекчууд болон дорнын бүх хөвгүүд хөндийд царцаа мэт олноороо ханаран байв. Тэдний тэмээнүүд нь далайн эргийн элс мэт тоо томшгүй олон байв.  Гидеон тэнд очиход, харагтун, нэгэн хүн найздаа зүүдээ ярьж байв. Тэр
5|7557461|8290800|Үзэгтүн, би нэгэн зүүд зүүдэллээ. Харагтун, зүүдэнд арвайн гурилаар хийсэн нэгэн бин мидианчуудын цэргийн хуаранд өнхөрч ирэв. Тэр өнхөрч ирээд майханд хүрч мөргөсөнд майхан нурж унасан ба бин түүнийг хөмрүүлэн нураав гэв.
7|9939699|10069264|Намайг харж, дуурайн үйлдэгтүн. Харагтун.
8|10089198|10871708|Би цэргийн хуарангийн захад хүрээд юуг үйлдэнэ та нар ч мөн адил үйлдэгтүн.  Би болон надтай хамт байгчид бүгд эвэр бүрээ үлээхэд та нар ч бас хуаранг бүхэлд нь тойрон эвэр бүрээг үлээж дуугарган, ЭЗЭНий төлөө, Гидеоны төлөө хэмээн хашхирагтун гэв.
9|10892126|12215126|Ингээд Гидеон болон түүнтэй хамт байсан зуун хүн шөнө дундын харуул эхлэх цагт хуарангийн захад хүрэв. Тэнд харуул дөнгөж солигдоод байв. Тэд эвэр бүрээгээ үлээж хүнгэнүүлэн, гартаа байсан ваарыг цохиж хагалав.  Гурван бүлэг бүрээ үлээн хүнгэнүүлж, ваараа цохиж хагалан, зүүн гартаа бамбараа барьж, баруун гартаа бүрээгээ барин чанга үлээж Илд ээ, ЭЗЭНий төлөө болон Гидеоны төлөө гэж чангаар хашхирав.
10|12235941|12610439|Тэд цэргийн хуаранг хүрээлэн, хүн бүр өөрийн байранд зогсоцгоов. Тэгтэл хуаран даяараа гүйлдэн, бархирч орилолдон зугтав.
11|12632930|13440092|Гурван зуун хүнийг эвэр бүрээ үлээн дуугаргах үед ЭЗЭН бүхэл цэргүүдийн дунд нэгнийх нь илдийг нөгөөгийнх нь эсрэг зөрөлдүүлсэнд цэргүүд Зерерагийн зүг орших Бетшитта болон Таббатын ойролцоох Абелмехолагийн хил хязгаар хүртэл зугтацгаав.
