verse|start|end|sentence
1|89390|162729|есдүгээр бүлэг
2|203345|326692|Абимелехийн хаанчлах оролдлого
3|366250|1215263|Иеруббаалын хөвгүүн Абимелех Шехемд байдаг нагац нар дээрээ очиж тэдэнд болон эхийнхээ эцгийн бүлийн бүхий л овогт хандан Шехемийн бүх иргэдийн өмнө хэлэгтүн. Иеруббаалын бүх хөвгүүд болох далан хүн та нарыг захирах эсвэл ганц хүн та нарыг захирахын аль нь та нарт дээр вэ гэж асуу.
4|1245472|1407539|Би та нарын яс махны тасархай гэдгийг санагтун гэв.
5|1439997|1777185|Түүний эдгээр үгсийг Шехемийн бүх иргэдэд Абимелехийн нагац нар нь хэлсэнд Абимелех тэдний зүрхэнд нийцэж
6|1806600|1935504|Тэр бидний ах дүү шүү дээ гэж тэд хэлцгээжээ.
7|1964831|2339196|Тэд Баалберитийн сүмээс далан шекел мөнгө авч, Абимелехт өгсөнд тэр мөнгөөр үл бүтэх, бодлогогүй этгээдүүдийг хөлслөв.
8|2368831|2852873|Тэд Абимелехийг дагалдан явлаа.  Тэгээд Абимелех, Офра дахь эцгийнхээ гэрт очиж, өөрийн ах дүү болох Иеруббаалын хөвгүүд, далан хүнийг нэг чулуун дээр алав.
9|2880171|3092027|Харин Иеруббаалын отгон хөвгүүн Иотам нуугдсан тул амьд гарчээ
10|3123558|3541538|Шехемийн болон Бет-миллогийн хамаг иргэд нэгдээд тэд явж Шехемд байдаг баганын царс модны дэргэд Абимелехийг хаанаар өргөмжлөв.
11|3573334|3676749|Сургаалт зүйрлэл Мод
12|3708986|4049261|Иотамд энэ тухай мэдэгдэхэд тэр явж Геризим уулын оргил дээр гарч зогсоод дуугаа өндөрсгөн тэдэнд хандаж
13|4083086|4318051|Шехемийн иргэд ээ, намайг сонсогтун. Тийнхүү Бурхан та нарыг сонсох болно.
14|4353022|4544416| Нэгэн удаа модод өөрсдийн хааныг өргөмжлөн тослохоор явцгаав.
15|4574096|5680521|Тэд чидун модонд хандан Бидний хаан болооч гэсэнд  чидун мод тэдэнд Бурхад ба хүмүүсийг хүндлэхийн тулд хэрэглэдэг өөрийн тосыг би орхин, моддын дээгүүр найган ганхах хэрэг үү хэмээв.  Тэгэхээр нь модод инжрийн модонд Ирж, бидний хаан болооч гэсэнд  инжрийн мод тэдэнд Би амтлаг сайн үр жимсээ хаяж, моддын дээгүүр найган ганхах хэрэг үү гэж хэлэв.
16|5706275|5798179|Тэгэхэд модод усан үзмийн модонд
17|5818686|5890613|Ирж, бидний хаан болооч гэв.
18|5920645|5999452|Харин усан үзмийн мод тэдэнд
19|6030189|6333465|Бурхад ба хүмүүсийг баярлуулах шинэ усан үзмийн дарсаа би орхин, моддын дээгүүр найган ганхах хэрэг үү гэв.
20|6364820|7132778|Эцэст нь бүх модод махирст Ирж, бидний хаан болооч гэсэнд  махирс хариуд нь Хэрэв та нар үнэхээр намайг хаанаа болгон тосолж байгаа бол ирж, миний сүүдэрт хоргодогтун. Эс тэгвээс махирсаас гал гарч Ливаны хушин ойг шатааг гэжээ.
21|7162104|7390498|Гэтэл одоо та нар Абимелехийг үнэн ба чин сэтгэлээр хаанд өргөмжлөв үү
22|7422823|7638252|Иеруббаал болон түүний гэрийнхэнд сайныг хийн, ачит үйлсийнх нь ёсоор хандав уу
23|7668372|8039077|Учир нь миний эцэг та нарын төлөө тулалдаж, өөрийн амийг үл хайрлан та нарыг Мидианы савраас чөлөөлөн аварсан билээ.
24|8069065|8656080|Харин та нар өнөөдөр миний эцгийн гэрийн эсрэг босож түүний хөвгүүд болох далан хүнийг нэг чулуун дээр алаад та нарын ах дүүгийн хүн учир шивэгчний хөвгүүн Абимелехийг Шехемийн иргэдийн хаан болгов.
25|8680291|9747334|Хэрэв та нар энэ өдөр Иеруббаал болон түүний гэрт үнэн ба чин сэтгэлээр хандсан аваас та нар Абимелехийг баярлуул, тэр ч бас та нарыг баярлуулаг. Харин тийм бус аваас Абимелехээс гал гарч Шехемийн болон Бет-миллогийн хүмүүсийг галдан шатааг. Бас Шехем болон Бетмиллогийн хүмүүсээс гал гарч Абимелехийг галдан шатааг гэв.
26|9779704|10069705|Тэгээд Иотам оргон зайлж Беерт ирээд өөрийн ах Абимелехээс айж тэнд суув.
27|10103177|10187320|Абимелехийн уналт
28|10222380|10740643|Абимелех гурван жил Израилийг захирчээ.  Дараа нь Бурхан, Абимелех болон Шехемийн иргэдийн хооронд муу сүнсийг илгээсэнд Шехемийн иргэд Абимелехээс урвав.
29|10774291|11409199|Энэ нь Иеруббаалын далан хүүд үйлдсэн хэрцгийлэл болон ах дүүгээ алсан Абимелех дээр хийгээд энэ гэмт явдалд Абимелехийг зоригжуулсан Шехемийнхний дээр тэдний цусыг эргэн буулгахын тулд болой.
30|11437996|11749166|Түүнд дайсагнасан Шехемийн иргэд уулсын оройд сууж, замын дагуу хажуугаар нь өнгөрсөн бүх хүнийг дээрэмдэж байв.
31|11779198|11895710|Удалгүй энэ хэрэг Абимелехт дуулдав.
32|11917319|12224916|Ебедийн хөвгүүн Гаал ах дүүсийнхээ хамт Шехемд нүүн ирж, Шехемийн иргэд түүнд найдвар тавих боллоо.
33|12254419|12438184|Тэд талбайд гарч усан үзмээ хураан шахаад баяр наадам хийв.
34|12462086|12779518|Тэд өөрсдийн бурхны өргөөнд ороод идэж уун Абимелехийг хараацгаав.  Тэр үед Ебедийн хөвгүүн Гаал
35|12810520|12881477|Абимелех гэгч хэн бэ
36|12913935|13062331|Шехемийнхэн бид хэн болоод түүнд зарагдах ёстой вэ
37|13091746|13312290|Абимелех бол Иеруббаалын хөвгүүн, Зебул бол Абимелехийн түшмэл биш үү
38|13348320|13611773|Шехемийн эцэг Хаморын эрчүүдэд бид үйлчилж болох атал юунд Абимелехт зарагдана вэ
39|13643746|14008938|Энэ ард түмэн миний эрхэн дор байсан ч болоосой Тэгвэл би Абимелехийг хөөн зайлуулахсан хэмээн агсраад, Абимелехт
40|14044041|14172152|Цэргийн хүчээ нэмэн, хүрч ирэгтүн гэж хэлүүлэв.
41|14204036|14443279|Ебедийн хөвгүүн Гаалын үгийг хотын захирагч Зебул сонсож, уур хилэн нь бадарлаа.
42|14476442|14639171|Тэр Арума уруу Абимелехэд нууцаар элч нарыг илгээн
43|14670306|15208458|Үзэгтүн, Ебедийн хөвгүүн Гаал ах дүүсийнхээ хамт Шехемд ирээд байна. Одоо тэд хотыг таны эсрэг босгож байна.  Тэгэхээр өөрийнхөө хүмүүсийн хамт шөнөөр босож, талд отон суугтун.
44|15228612|16398188|Өглөө эрт нар мандмагц та эртлэн босож, хот уруу дайран орогтун. Гаал болон түүний хамтрагчид таны эсрэг гарч ирэх цагт та өөрийн хийж чадах бүх зүйлээ үйлдэгтүн гэж хэлүүлэв.  Ийнхүү Абимелех ба түүнтэй хамт байгч бүх ард олон шөнөөр босож, дөрвөн ангид хуваагдан, Шехемийн эсрэг отон суув.  Ебедийн хөвгүүн Гаал гарч ирэн хотын хаалганы үүдэнд зогсов.
45|16420105|16941544|Абимелех өөрийнхөө хүмүүсийн хамт нуувчаасаа босоцгоолоо.  Гаал тэр хүмүүсийг хараад Зебулд Хараач, уулсын оройгоос хүмүүс буун ирж байна гэсэнд Зебул түүнд
46|16961389|18260663|Чи уулсын сүүдрийг хүн гэж харж л дээ гэв.  Гаал дахин Үзэгтүн, хүмүүс энэ газрын өндөрлөгөөс бууж ирж байна. Бас нэг анги царс модны хавиас ирж байна гэв.  Тэгэхэд Зебул түүнд Чиний Абимелех гэгч хэн юм бэ Юуны учир бид түүнд зарагдах ёстой вэ хэмээн өгүүлсэн бардамнал одоо хаачсан бэ Чиний басамжилсан хүмүүс чинь эд биш үү Одоо гарч очоод тэдэнтэй тулалдагтун гэв.
47|18282713|18632558|Тэгэхэд Гаал, Шехемийн иргэдийн түрүүнд гарч яван Абимелехтэй тулалдлаа.  Абимелех давшиж, Гаал ухрав.
48|18653947|18809487|Хотын хаалга үүд хүртэл олон хүн эрсдэн унав.
49|18832331|19647652|Дараа нь Абимелех, Арумад үлдэж, харин Зебул, Гаалыг ах дүүсийнх нь хамт Шехемд суулгалгүй тэднийг хөөн зайлуулав.  Дараагийн өдөр нь ард олон талд гарч ирснийг Абимелехт мэдэгдэв.  Тэр өөрийн хүмүүсийг авч гурван ангид хуваагаад талд отон суув.
50|19669967|19827227|Тэгээд ардуудыг хотоос гарч ирэхийг тэр үзээд тэднийг цохив.
51|19850247|20886906|Дараа нь Абимелех ба түүнтэй хамт байсан нэг анги нь урагшаа довтолж хотын хаалган дээр зогсов. Нөгөө хоёр анги нь талд байсан бүгд уруу довтолж, тэднийг устгажээ.  Абимелех тэр хотын эсрэг өдөржингөө тулалдсаар түүнийг эзлэн авч, тэнд байсан хүмүүсийг устгав. Дараа нь хотыг газартай нь тэгшлэн дээр нь давс цацав.
52|20915968|21190050|Шехемийн цамхгийн бүх иргэд үүнийг сонсоод Ел-беритийн сүмийн доод хонгилд орцгоожээ.Шехемийн цамхгийн бүх иргэд үүнийг сонсоод Ел-беритийн сүмийн доод хонгилд орцгоожээ.
53|21212276|21650542|Шехемийн цамхгийн бүх иргэд бүгдээрээ цугларсныг Абимелехт дуулгасанд  Абимелех хамт байсан бүх ард олонтойгоо Залмон ууланд гарав.
54|21671842|22279584|Абимелех гартаа сүх барьж, модны мөчир цавчин аваад түүнийгээ өргөж мөрөн дээрээ тавив. Тэгээд хамт байсан хүмүүстээ Миний юу хийхийг харсны дагуу та нар ч даруй дуурайн хийгтүн гэж тушаав.
55|22301370|22822499|Бүх ард олон ч мөн нэг нэг мөчир цавчин Абимелехийг даган явж тэдгээрийг доод хонгилын дээр тавьж, дотор нь байгсдын дээр гал асаан доод хонгилыг шатаав.
56|22844241|23073825|Шехемийн цамхгийн бүх хүн, мянга орчим эрэгтэй, эмэгтэй хүн үхэцгээв.
57|23094464|23342306|Тэгээд Абимелех Тебез уруу явж Тебезийн харалдаа бүслэн хуарагнаад түүнийг эзлэв.
58|23366870|23518133|Гэвч хотын төвд нэгэн бөх бат цамхаг байлаа.
59|23544196|23907359|Хотын ахлагч нар, бүх иргэд эр эмгүй бүгд тийш зугтан орж өөрсдийгөө түгжин цамхгийн дээвэр өөд авиран гарав.
60|23947402|24232597|Абимелех цамхагт очин тэдний эсрэг тулалдаж, гал тавихаар цамхгийн үүдэнд ойрттол
61|24253412|24502621|нэгэн эмэгтэй Абимелехийн толгой дээр тээрмийн бул чулууг авч шидэн гавлыг нь хагалжээ.
62|24533800|24688458|Абимелех зэвсэг үүрэгч залуугаа яаран дуудаж
63|24710112|25031997|Чи илдээ сугалан намайг алагтун. Энэ нь Эмэгтэй хүн түүнийг алсан хэмээн хэлүүлэхгүйн тулд билээ гэв.
64|25055503|25444862|Тэгээд залуу түүнийг нэвт хатгасанд тэр үхэв.  Израиль хүмүүс Абимелехийн үхсэнийг хараад бүгд гэр гэртээ харьцгаав.
65|25465721|25834794|Ингэж өөрийнхөө далан ах дүүг алж, эцэгтээ үйлдсэн Абимелехийн бузар мууг Бурхан өөрт нь буцаан буулгав.
66|25858608|26136879|Бурхан бас Шехемийн эрчүүдийн бүх л бузар мууг эргүүлэн өөрсдийнх нь толгой дээр буулгав.
67|26163427|26369286|Иеруббаалын хөвгүүн Иотамын хараал ийнхүү тэдэн дээр ирэв.
