verse|start|end|sentence
1|90581|251943|арван дөрөвдүгээр бүлэг Самсоны гэрлэлт
2|289119|511692|Самсон Тимнад бууж очоод, тэнд филист охидоос нэгэн эмэгтэйг харжээ.
3|534888|621104|Самсон Тимнад бууж очоод, тэнд филист охидоос нэгэн эмэгтэйг харжээ.
4|649328|936154|Би Тимнад филист охидоос нэгэн бүсгүйг харав. Одоо түүнийг надад эхнэр болгон авч өгөөч гэв.
5|958337|1028015|Тэгэхэд эцэг эх нь түүнд
6|1056547|1562683|Манай бүх хүмүүсийн дунд, эсвэл чиний хамаатнуудын дотор эмэгтэй хүн байхгүй болчихоод хозлуулаагүй филистчүүдээс чи эхнэр авахаар явах гэв үү гэв. Харин Самсон эцэгтээ
7|1589672|2104760|Түүнийг надад авч өгөгтүн. Тэр л надад тохирч байна гэлээ.  Харин энэ нь ЭЗЭНээс болохыг түүний эцэг эх хоёр мэдсэнгүй. Учир нь ЭЗЭН филистчүүдээс шалтаг хайж байв.
8|2137262|2621039|Тэр үед филистчүүд Израилийг захирч байлаа. Ингээд Самсон эцэг эхийнхээ хамт Тимна уруу явав. Тэд Тимнагийн усан үзмийн тариалангийн талбайд хүрч ирэв.
9|2648601|3353055|Гэнэт нэгэн залуу арслан архиран Самсоныг чиглэн ирэв.  ЭЗЭНий Сүнс түүний дээр хүчтэйгээр бууж ирсэнд тэрээр гартаа барьсан юу ч үгүй атлаа ишгийг тасчих мэт арсланг хүү татав. Харин тэр үйлдсэн хэргээ эцэг эхдээ ярьсангүй.
10|3382249|3491793|Тэгээд Самсон явж, тэр бүсгүйтэй ярив.
11|3520106|3627533|Тэр Самсоны нүдэнд аятайхан байжээ.
12|3656727|4152941|Хэсэг хугацааны дараа Самсон тэр бүсгүйг авахаар буцаж ирэхдээ нөгөө арслангийн сэгийг үзэхээр замаасаа гажин очвол, харагтун, арслангийн биед зөгийн сүрэг ба зөгийн бал байв.
13|4181429|4378865|Тэрээр балыг гараараа утган авч, явуут дундаа идсээр цаашаа явав.
14|4405898|4550634|Тэр эцэг эх дээрээ ирж балаасаа өгсөнд тэд ч идэв.
15|4578770|4757199|Гэвч түүнийг арслангийн сэгнээс цуглуулж авснаа тэдэнд хэлсэнгүй.
16|4780704|5967656|Тэгээд эцэг нь нөгөө эмэгтэй уруу очсон бөгөөд Самсон тэнд дайллага хийв. Учир нь залуу эрчүүд ийм заншилтай байжээ.  Хүмүүс Самсоныг хараад, түүний хамт байх гучин нөхдийг авчрав.  Самсон тэдэнд Би та нараар нэгэн оньсого таалгая. Хэрэв та нар түүнийг надад дайллагын долоо хоногийн дотор зөв тааж, олох юм бол би та нарт гучин гоёлын цамц, гучин гоёлын хувцас өгнө.
17|5997600|6345240|Харин хэрэв та нар түүнийг тайлж чадахгүй бол гучин гоёлын цамц, гучин гоёлын хувцас надад өгөгтүн гэхэд тэд
18|6367731|6558904|Оньсогоо таалгагтун, бид сонсъё гэцгээв.  Самсон тэдэнд
19|6589377|6803262|Идэгчээс идэш гарав. Идтэнээс амттан гарав гэв.
20|6835808|7120827|Гурван хоног болсон ч тэд оньсогыг тайлж эс чадав.  Дөрөв дэх өдөр болсонд тэд Самсоны эхнэрт
21|7149668|7919169|Тэр оньсогоны тайллыг бидэнд хэлэхээр нөхрөө ятгагтун. Эс тэгвээс бид чамайг болон эцгийн чинь гэрийг галдан шатаана. Та нар биднийг эзэмшлээс маань хөөн зайлуулахын тулд урьсан бус уу Үгүй гэж үү гэлцэн занав.  Тэгээд Самсоны эхнэр түүнд уйлан
22|7944570|8086925|Чи намайг зөвхөн үзэн яддаг, намайг хайрладаггүй.
23|8114576|8693609|Чи миний ард түмний хөвгүүдэд оньсого таалгасан хэрнээ надад үүнийг хэлж өгсөнгүй гэв. Самсон түүнд Үзэгтүн. Би эцэг эхдээ ч үүнийг яриагүй атал чамд ярих болж байна уу гээд халгаасангүй.
24|8722009|9557925|Эхнэр нь найр үргэлжлэх долоо хоногийн туршид Самсоны өмнө уйлав. Эхнэр нь түүнийг шахамдуулсаар байсан тул долоо дахь хоногт нь Самсон эхнэртээ хэлэв. Тэгээд тэр эмэгтэй өөрийн ард түмний хөвгүүдэд оньсогыг ярив.  Долоо дахь өдөр нар жаргахаас өмнө хотын эрчүүд Самсонд
25|9579843|9842502|Зөгийн балаас амттай нь юу вэ Арслангаас идтэй нь юу вэ гэхэд Самсон тэдэнд
26|9873108|10128667|Хэрэв та нар миний гунжаар газар хагалаагүй бол миний тааврыг таахгүй байхсан гэв.
27|10149967|10664438|Тэгээд ЭЗЭНий Сүнс Самсоны дээр буув. Тэр Ашкелон уруу очиж тэдний гучин оршин суугчийг алаад, хувцсыг нь авч, гоёлын хувцсыг нь оньсого таасан хүмүүст өгөв.
28|10694911|11138778|Уур хилэн нь бадарсаар тэрээр эцгийнхээ гэрт өгсөж ирэв.  Харин түүний эхнэрийг Самсонд тусгайлан шадарлаж байсан хуримын дагуулд өгөв.
