verse|start|end|sentence
1|93844|169520|арван есдүгээр бүлэг
2|211327|288855|Леви хүний татвар эм
3|319813|1515584|Израиль хаангүй байх тэр өдрүүдэд нэгэн леви хүн Ефраимын уулын мухарт цагаачлан сууж байв. Тэр хүн Иудагийн Бетлехемээс өөртөө татвар эм авчээ.  Гэтэл түүний татвар эм түүнд уурлаж түүнийг орхин, Иудагийн Бетлехемд буй эцгийнхээ гэр уруу гүйж, тэнд дөрвөн сар байв.  Дараа нь түүний нөхөр босож, түүнийг буцаан авчрахын тулд зүрх сэтгэлд нь ярихаар түүний араас явав.
5|10207165|10820552|Харин задгай талбайд шөнийг өнгөрөөж болохгүй гэв. Ингээд тэр түүнийг гэртээ дагуулан ирж, илжигнүүдийг нь тэжээжээ. Тэд хөлөө угааж, идэж ууцгаалаа. Гибеагийн хэрэг
6|10841367|11705110|Тэднийг зүрхээ хөгжөөн сууж байтал байшинг нь уг хотын эрчүүд болох үл бүтэх этгээдүүд бүслэн хаалгыг нь балбаж гарлаа. Тэд гэрийн эзэн өвгөнд Танай гэрт ирсэн тэр эрийг гаргаад ир. Бид түүнтэй хурьцмаар байна гэж бархиралдав.  Гэрийн эзэн болох өнөөх хүн тэдэн уруу гарч, тэдэнд
8|13125086|13481370|Тэд түүнийг хүчирхийлэн, бүх л шөнөжингөө өглөө болтол түүнтэй хэрцгийгээр харьцаж, үүр цайх үед тэр эмэгтэйг явуулав.
9|13504743|14609271|Үүр цайх үеэр өнөөх эмэгтэй эзнийхээ байрлаж байсан нөгөө хүний гэрийн үүдэнд ирж унаад, гэгээ ортол тэндээ байв.  Түүний эзэн нь өглөө босож, байшингийн хаалгыг нээн замдаа гарахаар гадагш гарчээ. Түүний татвар эм өнөөх эмэгтэй гараа босгон дээр тавиад гэрийн үүдэнд хэвтэж байв.  Тэр түүнд Бос, явцгаая гэв. Гэвч хариу байсангүй.
10|14631850|15340361|Тэгээд эмэгтэйг илжгэн дээрээ аваад, тэр хүн босож, гэр өөдөө явав.  Тэр гэртээ ороод хутга авч, татвар эмээ хөндөж мөч мөчөөр нь арван хоёр хэсэг болгон хувааж, Израилийн нутаг дэвсгэр даяар илгээв.  Үүнийг үзсэн бүгд
11|15360867|15842131|Израилийн хөвгүүд Египет нутгаас гарсан өдрөөс энэ өдрийг хүртэл үүнтэй адил хэрэг гарсан ч үгүй, үзэгдсэн ч үгүй билээ. Үүнийг тунгааж, зөвлөн ярьсугай гэлцэв.
