verse|start|end|sentence
1|92169|158671|зургаадугаар бүлэг
2|188924|270333|Мидианы дарангуйлал
3|299703|480690|Израилийн хөвгүүд ЭЗЭНий мэлмийд ёрын мууг үйлдэв.
4|500887|666130|ЭЗЭН тэднийг долоон жилийн турш Мидианы гарт өгөв.
5|687166|1190082|Мидианы гар Израилийн дээр хүчтэй болов. Мидианаас болж, Израилийн хөвгүүд өөрсдөдөө нуувч болгон уул, агуй болон бэхлэлт дотор хоргодох газруудыг бэлтгэжээ.
6|1219761|1789225|Израиль тариа тарих үед мидианчууд нь амалекчууд ба дорнын хөвгүүдийн хамт тэдний эсрэг довтлон ирдэг байлаа.  Тэгээд тэдний эсрэг хуарагнан сууж, Газ хүртэлх газрын үр жимсийг цөлмөдөг байв.
7|1812421|2071156|Тэд израильчуудад хонь, үхэр, илжиг, хүнс залгуулах юуг ч үлдээдэггүй байв.
8|2098410|2271502|Учир нь тэд өөрсдийн мал сүрэг болон майхантайгаа ирдэг байсан юм.
9|2293067|2641810|Тэд болон тэдний тэмээнүүд нь царцаа мэт тоолшгүй олноороо ирдэг байлаа. Тэд газар нутгийг цөлмөхийн тулд орж ирсэн билээ.
10|2664918|3128057|Ингэж Мидианаас болоод Израиль ихэд хоосров. Израилийн хөвгүүд тусламж гуйн ЭЗЭНд хашхирав.  Мидианаас болж Израилийн хөвгүүд ЭЗЭНд гуйн хашхирлаа.
11|3152620|3369636|Израилийн хөвгүүдэд ЭЗЭН нэгэн эш үзүүлэгчийг илгээв. Тэр эш үзүүлэгч тэдэнд
12|3395832|3528044|Израилийн Бурхан ЭЗЭН ингэж айлдаж байна.
13|3551196|3834230|Би та нарыг Египетээс удирдан гаргаж, та нарыг боолчлолын гэрээс гарган авчирсан.
14|3855751|4936201|Би та нарыг египетчүүдийн гараас болон та нарыг дарангуйлагч бүгдийн гараас авран чөлөөлж, тэднийг та нарын өмнөөс хөөн зайлуулж, тэдний газар нутгийг нь та нарт өгсөн. Би ЭЗЭН, та нарын Бурхан. Та нар амьдран сууж байгаа нутгийнхаа аморичуудын бурхдаас бүү эмээ гэж Би та нарт хэлсэн. Харин та нар Миний дуу хоолойг эс сонсов гэлээ.
15|4961999|5045481|Гидеоны дуудлага
16|5067839|5327765|Абиезри хүн Иоашийн эзэмшил Офра дахь царс модон доор ЭЗЭНий тэнгэрэлч ирж суув.
17|5355989|5736307|Тэр үед Иоашийн хөвгүүн Гидеон мидианчуудаас нуун авч үлдэхийн тулд буудайгаа усан үзмийн шахуурга дотор цайруулж байв.
18|5757872|5845278|ЭЗЭНий тэнгэрэлч түүнд үзэгдэн
19|5868739|6022384|Эрэлхэг хүчит дайчин минь, ЭЗЭН чамтай хамт байна
20|6045624|6125401|гэсэнд  Гидеон хариулан
21|6148466|6420033|Эзэнтэн минь ээ, хэрэв ЭЗЭН бидэнтэй хамт байдаг юм бол яагаад энэ бүгд бидэнд тохиолдоно вэ
22|6445435|6973092|Мөн бидний өвөг дээдэс ЭЗЭН, биднийг удирдан Египетээс авчирсан гэж бидэнд хуучилсан тэр бүх гайхамшгууд нь хаана байна вэ Харин одоо биднийг ЭЗЭН орхиж Мидианы гарт өгчээ
23|6996112|7082327|гэхэд  ЭЗЭН түүнд хандан
24|7109669|7508333|Чи өөрийн хүчээр явж, Израилийг Мидианы гараас аврагтун. Би чамайг илгээж байгаа бус уу гэв.  Гидеон Түүнд
25|7533029|8071887|Эзэн минь ээ, би Израилийг аварч яахан чадах вэ Үзэгтүн, манай бүл Манассе дотроос хамгийн дорой нь төдийгүй би эцгийнхээ гэрт хамгийн отгон нь шүү дээ гэсэнд  ЭЗЭН түүнд
26|8095260|8407753|Би чамтай хамт байх болно. Ганц хүнийг цохих мэт чи Мидианыг цохино гэв.  Гидеон Түүнд
27|8435403|8722362|Хэрэв би Таны мэлмийд тааллыг олсон бол надтай ярилцаж буй нь Та мөн гэсэн тэмдгийг надад харуулаач.
28|8749351|9020831|Би өргөлөө авч Тан дээр буцаж ирээд Таны өмнө тавих хүртэл эндээс битгий яваач гэхэд ЭЗЭН
29|9046188|9803033|Чамайг буцаж иртэл Би байх болно гэж айлдав.  Гидеон явж, нэгэн ишиг төхөөрч, нэг ефа гурилаар исгээгүй талх хийж, ишигний махыг сагсан дотор, шөлийг нь тогоонд хийж, царс модны доор байгаа тэнгэрэлчид тэдгээрийг авч ирээд түүнд өргөв.
30|9826406|9920868|Бурханы тэнгэрэлч, Гидеонд
31|9943315|10194552|Мах болон исгээгүй талхыг авч энэ хадан дээр тавиад шөлийг дээрээс нь асга гэв.
32|10219204|10741922|Тэр тийн үйлдэхэд  ЭЗЭНий тэнгэрэлч гартаа байсан таягийн үзүүрийг мах ба исгээгүй талханд хүргэмэгц хаднаас гал дүрэлзэн мах ба исгээгүй талхыг шатааж барав.
33|10766353|10912059|Тэгээд ЭЗЭНий тэнгэрэлч зайлан одож үзэгдэхгүй болов.
34|10938167|11090444|Тэр Нэгэн нь ЭЗЭНий тэнгэрэлч байсныг Гидеон хараад
35|11114611|11422826|Аяа, Эзэн БУРХАН минь Би ЭЗЭНий тэнгэрэлчийг харав. Түүнтэй нүүр нүүрээрээ тулав гэсэнд  ЭЗЭН
36|11452902|11678032|Амар тайван байгтун. Бүү ай. Чи үхэхгүй хэмээн түүнд айлдав.
37|11700391|12019807|Гидеон тэнд ЭЗЭНд зориулан тахилын ширээ босгож, түүнийгээ ЭЗЭН бол амар тайван гэж нэрлэв.
38|12044018|13061934|Тэр нь энэ өдрийг хүртэл абиезричуудын Офрад байгаа билээ. Тэр шөнөдөө ЭЗЭН, Гидеонд Чи эцгийнхээ бухыг, долоон настай өөр бухын хамт авч, эцгийнхээ Баалын тахилын ширээг нураан хаяж, дэргэд нь буй Ашерагийн баганыг тайрч унага.  Энэ хадны оройд чи өөрийн Бурхан ЭЗЭНд зориулан тахилын ширээг зөв аргаар босгогтун.
39|13090643|13396918|Тайрч унагасан Ашерагийн баганын модыг ашиглан хоёр дахь бухаар шатаалт тахилыг өргөгтүн гэж айлдав.
40|13419497|13700723|Тэгээд Гидеон зарц нарынхаа дундаас арван эрийг авч, ЭЗЭНий өөрт нь айлдсан ёсоор үйлдэв.
41|13729476|14066312|Тэрээр эцгийнхээ гэрийнхнээс болон хотын хүмүүсээс ихэд эмээж байсан тул үүнийг өдөр хийлгүй, шөнөөр үйлдэв.
42|14095197|14212592|Баалын тахилыг Гидеон сүйтгэв
43|14236714|14826816|Хотын хүмүүс өглөө нь эртлэн босоход, харагтун, Баалын тахилын ширээг нураан хаяж, дэргэд нь байсан Ашерагийн баганыг тайрч унагаад, шинээр босгосон тахилын ширээн дээр хоёр дахь бухаар тахил өргөсөн байв.
44|14851645|15090755|Тэд өөр хоорондоо Хэн үүнийг үйлдэв гэж ярилцав. Тэгээд тэд асууж, шалгаан
45|15115848|15355708|Иоашийн хөвгүүн Гидеон ийм зүйл үйлдсэн гэлцэв. Тэгээд хотын хүмүүс Иоашд
46|15380845|15678476|Хүүгээ гаргаад ир. Тэр Баалын тахилын ширээг нураан, дэргэд нь байсан Ашерагийн баганыг тайрч хаясан тул үхэх ёстой
47|15702863|16004727|гэсэнд  Иоаш өөр уруу нь давшлан зогсож буй бүгдэд Баалын төлөөнөөс заргалдан тэмцэх гээ юү
48|16026425|16305622|Түүнийг аврах хүмүүс нь та нар юм уу Баалын төлөөнөөс заргалдан тэмцэгч нь өглөө гэхэд алагдаг.
49|16330759|16791560|Түүний тахилын ширээг нураасан болохоор Баал бурхан л юм бол өөрийнхөө төлөө өөрөө заргалдан тэмцэг гэв.  Тэр өдөр Гидеонд Иеруббаал гэдэг нэрийг өгөв.
50|16816300|17171525|Ийнхүү тэр Баалын тахилын ширээг нураасан тул Баал өөрийнхөө төлөө өөрөө заргалдан тэмцэг гэсэн нэр авчээ.
51|17197500|17940497|Дараа нь бүх мидианчууд, амалекчууд болон дорнын хөвгүүд нэгдэж Иордан голыг гатлаад Иезреелийн хөндийд хуарагнан буув.  Харин ЭЗЭНий Сүнс Гидеоныг бүрхсэнээр тэр эвэр бүрээ үлээхэд түүнийг дагахаар абиезричууд дуудагдан цуглав.
52|17962194|18524646|Гидеон Манассе даяар элч нарыг илгээсэнд тэд ч гэсэн түүнийг дагахаар цугларцгаав. Тэр бас Ашер, Зебулун болон Нафтали уруу элч нарыг илгээсэнд тэд өнөө хэдтэй нэгдэхээр ирцгээв.
53|18552384|18644421|Ноосоор тэмдэг үзүүлэв
54|18669294|18741529|Ингээд Гидеон, Бурханд
55|18764197|19129653|Хэрэв Та айлдсан ёсоороо миний гараар Израилийг аврах гэж байгаа бол,  харагтун, би хяргасан ноосыг үтрэмийн шалан дээр тавина.
56|19159068|19615591|Хэрэв зөвхөн ноосон дээр л шүүдэр бууж, хамаг газар хуурай байвал, Та амласан ёсоороо миний гараар Израилийг аврах болно гэдгийг чинь би мэдье гэв.
57|19643639|20059722|Тэр ёсоор болов. Гидеон өглөө нь эртлэн босоод, нөгөө ноосоо мушгин шүүдрийг нь шавхарсанд аяга дүүрэн ус гаргав.  Тэгэхэд Гидеон, Бурханд
58|20084815|20276739|Би дахин нэг ярихад Таны хилэн миний эсрэг бүү шатаг
59|20302493|21057264|Энэ ноосоор дахин нэг удаа шалгаж үзэхийг зөвшөөрөөч. Одоо энэ ноосыг эс норгож, харин бусад бүх газарт шүүдэр буулгаж өгөөч гэв.  Тэр шөнө Бурхан тийн үйлдэв. Зөвхөн ноос хуурай байж, харин бүх газар шүүдэр буусан байв.
