verse|start|end|sentence
1|90890|155584|арван нэгдүгээр бүлэг
2|183544|218383|Иефта
3|240962|598437|Гилеад хүн Иефта нь эрэлхэг хүчит дайчин боловч янхны хөвгүүн байв. Гилеад, Иефтагийн эцэг байжээ.
4|620619|740350|Гилеадын эхнэр ч түүнд хөвгүүдийг төрүүлэв.
5|760680|925350|Тэр эхнэрийн хөвгүүд өсөж өндийгөөд Иефтаг хөөж, түүнд
6|945945|1172354|Чи өөр эмийн хөвгүүн тул бидний эцгийн гэр чамд юу ч өвлүүлэхгүй гэв.
7|1196212|1459401|Ийнхүү Иефта өөрийн ах дүүсээс дайжин зугтаж Тобын нутагт амьдрах болжээ.
8|1483744|1624158|Үл бүтэх хүмүүс Иефта уруу цуглаж түүний хамт явав.
9|1644356|1815200|Хэсэг хугацааны дараа Аммоны хөвгүүд Израилийн эсрэг дайтлаа.
10|1836191|2146788|Аммоны хөвгүүд Израилийн эсрэг тулалдахад Гилеадын ахмадууд Иефтаг Тобын нутгаас авчрахаар явжээ.
11|2167603|2217348|Тэд Иефтад
12|2240500|2590213|Ирж, биднийг Аммоны хөвгүүдийн эсрэг тулалдахад бидний жанжин бологтун гэж ятган хэлсэнд  Иефта Гилеадын ахмадуудад
13|2616497|2816358|Намайг үзэн ядаж, эцгийн минь гэрээс хөөж гаргасан улс та нар биш бил үү
14|2837261|3025745|Одоо зовлонд орохоороо та нар яагаад над уруу ирэх болов гэв.
15|3047839|3134451|Гилеадын ахмадууд Иефтад
16|3158883|3548374|Чи бидэнтэй явж Аммоны хөвгүүдтэй тулалдвал Гилеадын бүх оршин суугчдын тэргүүн болно шүү дээ. Иймээс л бид чам уруу ирлээ гэв.
17|3569762|3651083|Тэр Гилеадын ахмадуудаас
18|3677234|4228396|Хэрэв та нар намайг Аммоны хөвгүүдтэй тулалдуулахын тулд буцаан авч, ЭЗЭН тэднийг миний гарт өгвөл би үнэхээр та нарын тэргүүн болох уу гэж асуусанд  Гилеадын ахмадууд Иефтад
19|4251945|4474827|Бид чиний хэлснийг эс үйлдвэл ЭЗЭН бидний хооронд гэрч болог гэв.
20|4497185|5019241|Тэгээд Иефта Гилеадын ахмадуудын хамт явж, ард олон түүнийг өөрсдийн тэргүүн бөгөөд жанжин болгов. Иефта Мизпад өөрийн хамаг үгийг ЭЗЭНий өмнө хэлэв.
21|5043143|5667643|Иефта Аммоны хөвгүүдийн хаанд элч нарыг илгээж Миний газар нутгийн эсрэг дайтахаар миний эсрэг ирэх юу чи бид хоёрын дунд болсон юм бэ гэж хэлүүлсэнд  Аммоны хөвгүүдийн хаан Иефтагийн элч нарт хариулж
22|5698734|6265507|Израиль Египетээс гарч ирэхдээ Арнонаас Иаббок хүртэлх мөн Иорданыг хүртэлх миний нутгийг авсан билээ. Тиймээс одоо эдгээр газар нутгийг энх тайвнаар буцааж өг гэжээ.
23|6300214|6583512|Иефта Аммоны хөвгүүдийн хаанд дахин элч нарыг илгээж,  түүнд Иефта ийнхүү хэлүүлжээ.
24|6616014|6803395|Моабын газрыг ч, Аммоны хөвгүүдийн нутгийг ч Израиль аваагүй.
25|6830957|7454884|Харин Израиль Египетээс гарч, Улаан тэнгис хүртэл цөлийг туулан явж Кадешт ирэхдээ  Едомын хаанд элч нар илгээн Биднийг өөрийнхөө газраар нэвтрүүлээч гэж гуйж байна гэсэн боловч Едомын хаан сонсоогүй.
26|7485093|7826382|Тэд түүнчлэн Моабын хаанд элч нарыг илгээсэн боловч тэр ч бас зөвшөөрөөгүй. Ингээд Израиль Кадешт үлдсэн юм.
27|7849932|8229192|Дараа нь тэд цөлийг туулан Едом болон Моабын газрыг тойрч Моабын нутгийн зүүн талаас нь ирж, Арноны цаана буудаллав.
28|8257592|8460364|Гэвч Арнон нь Моабын хил тул тэд Моабын газар нутагт орсонгүй.
29|8488456|9741469|Израиль бээр Хешбоны хаан, аморичуудын хаан Сихонд элч нарыг илгээн «Биднийг газар нутгаараа дамжин өнгөрүүлнэ үү Өөрсдийн газарт очих гэсэн юм хэмээн хэлүүлсэн боловч,  Сихон Израильд үл итгэн өөрийн газар нутгаар өнгөрүүлэлгүй бүр бүх ард түмнээ цуглуулж Иахазад хуарагнан Израилийн эсрэг тулалдсан юм.  Тэгэхэд Израилийн Бурхан ЭЗЭН, Сихон болон түүний бүх ард түмнийг Израилийн гарт тушаан өгсөнд Израиль тэднийг цохив.
30|9771369|10086684|Ингэж л Израиль тэндхийн уугуул оршин суугчид болох аморичуудын бүх нутгийг эзэмшилдээ авсан билээ.
31|10114467|10495535|Ийнхүү тэд Арнонаас Иаббокийг хүртэлх мөн цөлөөс Иорданыг хүртэлх аморичуудын бүх нутаг дэвсгэрийг эзэмшсэн юм.
32|10523053|10874222|Израилийн Бурхан ЭЗЭН Өөрийн ард түмэн болох Израильд аморичуудыг хөөн зайлуулж өгсөн атал одоо чи биднийг зайлуулна гэж үү
33|10903901|11126782|Чиний бурхан Хемош чамд хэнийг зайлуулж өгнө түүнийг нь л чи эзэмшдэг бус уу
34|11153551|11442450|Тиймээс бидний Бурхан ЭЗЭН бидний өмнөөс хэнийг хөөн зайлуулна тэдний нутгийг бид эзэмших болно.
35|11470321|11642532|Чи Зиппорын хөвгүүн Моабын хаан Балакаас илүү юү
36|11670976|11888874|Балак Израильтай тэмцсэн юмуу тэдэнтэй дайн өдөөсөн удаа байна уу
37|11910880|12592005| Израилийг Хешбон ба түүний харьяа суурин, Ароер ба түүний харьяа гацаа болон Арнон голын эргийн дагуух бүх хотуудад гурван зуун жилийн турш оршин суух хугацаанд яагаад үүнийгээ та нар израильчуудаас буцааж аваагүй юм бэ
38|12613305|12692729|Би чиний эсрэг нүгэл үйлдээгүй.
39|12720248|13230926|Миний эсрэг дайн өдөөснөөрөө чи надад буруу зүйл хийж байна. Шүүгч болох ЭЗЭН өнөөдөр Израилийн хөвгүүд болон Аммоны хөвгүүдийн хоорондохыг шүүх болтугай гэж хэлүүлжээ.
40|13251432|13490983|Харин өөрт нь илгээсэн Иефтагийн үгийг Аммоны хөвгүүдийн хаан сонссонгүй.
41|13523794|13594574|Иефтагийн андгай
42|13623592|14166860|ЭЗЭНий Сүнс Иефта дээр байсанд тэрээр Гилеад болон Манассегаар өнгөрч гараад, Гилеадын Мизпагаар дайран Гилеадын Мизпагаас цааш Аммоны хөвгүүд уруу хөдлөв.
43|14188734|14278301|Иефта, ЭЗЭНд андгайлан
44|14310229|14797137|Хэрэв Та Аммоны хөвгүүдийг үнэхээр миний гарт өгвөл  Аммоны хөвгүүдээс намайг амар мэнд буцаж ирэх үед гэрийн минь хаалгаар угтан гарч ирэх хэн ч бай тэр ЭЗЭНийх байг.
45|14825802|14986194|Түүнийг би шатаалт тахил болгон өргөнө гэж хэлэв.
46|15009964|15195713|Ингээд Иефта Аммоны хөвгүүдтэй тулалдахаар гол гатлав.
47|15223452|15342698|ЭЗЭН тэднийг Иефтагийн гарт тушаалаа.
48|15364792|15796884|Иефта тэднийг Ароераас Миннит хүртэл цохиж хорин хот бас Абелкерамимын чанадад хүртэл довтлон маш том ялагдал хүлээлгэв.
49|15830180|16032290|Ийнхүү Аммоны хөвгүүд Израилийн хөвгүүдийн өмнө бөхийв.
50|16061043|16130986|Иефтагийн охин
51|16159518|16486167|Иефта Мизпа дахь гэртээ ирэхэд, харагтун, охин нь хэнгэрэг дуугарган бүжиглэсээр түүнийг угтан гарч ирэх нь тэр.
52|16521668|16821768|Иефтад түүнээс өөр хөвгүүн ч, охин ч байхгүй, тэр түүний цорын ганц охин нь байсан ажээ.
53|16852815|16995434|Иефта охиноо хармагц хувцсаа урж тастан
54|17025863|17197147|Аяа, охин минь Надад чи асар их гаслан авчирлаа.
55|17226165|17324552|Шаналлын минь учиг чи болов.
56|17354320|17569440|Учир нь би ЭЗЭНд том ам өгсөн агаад буцах газар надад үгүй гэлээ.
57|17593077|17633473|Охин эцэгтээ
58|17662579|18115486|Эцэг минь, та ЭЗЭНд том ам өгсөн. Таны дайсан Аммоны хөвгүүдээс таны өшөөг ЭЗЭН нэгэнт авч өгсөн тул амласныхаа дагуу надад үйлдэгтүн гэжээ.
59|18143092|18205494|Тэр эцэгтээ хандан
60|18239583|18737869|Надад нэгэн зүйлийг зөвшөөрөөч. Би найз охидынхоо хамт уулаар хэрэн хэсэж охин онгоныхоо учир уйлан гашуудах хоёр сарын хугацааг надад өгнө үү гэсэнд  Иефта
61|18767901|19177987|Явагтун гээд охиноо хоёр сар явуулсанд охин нь найз охидынхоо хамт уулаар өгсөн явж, охин онгоныхоо учир уйлан гашуудав.
62|19211988|19561304|Хоёр сар болсны эцэст охин эцэгтээ буцаж ирэв. Эцэг нь өгсөн өчгийнхөө дагуу түүгээр ам өчгөө биелүүлэв.
63|19589131|19741629|Тэр охин эр хүнтэй энгэр зөрүүлж үзээгүй байв.
64|19769500|19927599|Үүнээс уламжлан Израильд нэгэн заншил бий болжээ.
65|19954544|20280884|Израилийн охид гилеад хүн Иефтагийн охиныг дурсан жил бүр дөрвөн өдөр явж гашууддаг болсон юм.
