verse|start|end|sentence
1|90404|283342|гуравдугаар бүлэг Израилийн нутагт үлдсэн үндэстнүүд
2|320254|1445289|Канаанд болсон дайн тулаан бүхнийг мэдэхгүй Израильд байгаа тэд бүгдийг шалган сорих гэж ЭЗЭНий үлдээсэн үндэстнүүд энэ билээ.  Энэ нь тэднийг огт мэдэхгүй Израилийн хөвгүүдийн тэр үеийнхэнд тулалдахыг зааж мэдүүлэхийн тулд билээ.  Эдгээр нь Филистийн таван ноён, бүх канаанчууд, сидончууд, Баал-хермоны уулаас Лебохамат хүртэлх Ливаны ууланд нутаглаж байсан хивичүүд юм.
3|1484714|1934358|Эцэг өвгөдөд нь Мосегоор дамжуулан тушаасан ЭЗЭНий тушаалуудыг израильчууд сонсон дагах эсэхийг мэдэхийн тулд тэр хүмүүсээр Израилийг шалган сорьсон юм.
4|1959010|2612484|Израилийн хөвгүүд канаанчууд, хитчүүд, аморичууд, перизчүүд, хивичүүд, иебусчуудын дунд амьдран сууж,  тэдний охидыг өөрсдөдөө эхнэр болгон авч, өөрсдийн охидыг тэдний хөвгүүдэд өгч, тэдний бурхдад үйлчлэв.
5|2639870|2680839|Отниел
6|2706328|3075313|Израилийн хөвгүүд ЭЗЭНий мэлмийн өмнө ёрын мууг үйлдэж, өөрсдийн Бурхан ЭЗЭНийг умартан, Баал ба Ашеротод үйлчлэв.
7|3100141|3456028|Тиймээс ЭЗЭНий уур хилэн Израилийн эсрэг шатаж, Тэр тэднийг Месопотамийн хаан Кушан-ришатаимын гарт тушаав.
8|3484517|3683320|Израилийн хөвгүүд найман жил Кушан-ришатаимд зарцлагджээ.
9|3706252|4227117|Израилийн хөвгүүд ЭЗЭНд тусламж гуйн хашхирсанд ЭЗЭН Израилийн хөвгүүдэд тэднийг аврах нэгэн чөлөөлөгчийг босгон гаргасан нь Калебын дүү Кеназын хөвгүүн Отниел байлаа.
10|4255164|4406516|ЭЗЭНий Сүнс түүн дээр ирж, тэрээр Израилийг шүүв.
11|4434343|4673982|Түүнийг дайнд мордоход Арамын хаан Кушанришатаимыг ЭЗЭН түүний гарт өглөө.
12|4710497|5283665|Отниелийн гар хүчирхэгжин Кушан-ришатаимын дээр буув.  Ийнхүү энэ газар нутаг дөчин жил амар жимэр байв. Тэгээд Кеназын хөвгүүн Отниел өөд болов.
13|5311624|5349506|Ехүд
14|5374908|5786361|Израилийн хөвгүүд дахин ЭЗЭНий мэлмийд ёрын мууг үйлдсээр л байсан тул ЭЗЭН Израилийн эсрэг Моабын хаан Еглоныг хүчирхэг болгов.
15|5818906|6004170|Учир нь израильчууд ЭЗЭНий мэлмийд ёрын мууг үйлджээ.
16|6029748|6681546|Тэрээр Аммон болон Амалекийн хөвгүүдийг өөртөө нэгтгэн цуглуулж Израилийг довтлон цохиод Далдуу модны хотыг эзэмшилдээ авав.  Ингээд Израилийн хөвгүүд Моабын хаан Еглонд арван найман жилийн турш зарцлагджээ.
17|6705669|7176393|Харин Израилийн хөвгүүд ЭЗЭНд хашхиран гуйсанд ЭЗЭН тэднийг аврах нэгэн чөлөөлөгчийг босгосон нь бениамин хүн, Герагийн хөвгүүн болох солгой гарт Ехүд байв.
18|7201971|7457442|Израилийн хөвгүүд Моабын хаан Еглонд барих алба гувчуураа түүний гараар дамжуулан илгээв.
19|7483240|7780077|Ехүд өөртөө нэг тохой урт, хоёр талдаа иртэй илд хийж баруун ташаандаа бэхлэн хувцсаараа халхлав.
20|7806537|7983334|Тэгээд тэр Моабын хаан Еглонд алба гувчуураа гардуулав.
21|8008824|8091159|Еглон маш тарган хүн байлаа.
22|8117046|8327226|Тэр алба гувчуураа гардуулсны дараа алба гувчуурыг зөөж авчирсан хүмүүсийг явуулав.
23|8353907|8535025|Ийнхүү тэрээр Гилгалд байсан шүтээний газраас буцаж эргээд
24|8564220|8949874|Хаантан, танд дуулгах нууц үг надад байна гэсэнд хаан Чимээгүй гэв. Хааны дэргэд зогсож байсан бүгд түүнийг орхин гарлаа.
25|8980038|9231982|Ингээд сэрүүн дээд лавриндаа ганцаар сууж байхад нь Ехүд дэргэд нь ирэв. Ехүд
26|9260382|9400973|Танд дуулгах Бурханы үг надад байна гэв.
27|9433607|9897274|Хааныг суудлаасаа өндиймөгц  Ехүд зүүн гараа сунгаж, баруун ташаанаасаа сэлмээ сугалан хааны хэвлийд дүрэхэд  бариул нь ч хүртэл иртэйгээ хамт оржээ.
28|9924308|10190231|Тэрээр сэлмээ хэвлийгээс нь сугалж аваагүй тул харвин нь сэлмийг хучаад бохир нь гарч иржээ.
29|10215897|10462239|Тэгээд Ехүд уудам хонгил уруу гарч, хааны байгаа дээд лаврингийн хаалгыг хааж түгжив.
30|10487773|10629334|Ехүдийг гарсны дараа хааны зарц нар ирэв.
31|10650635|10819670|Харагтун, дээд лаврингийн хаалга түгжээтэйг үзээд тэд
32|10845557|11021560|Хаантан лав сэрүүн лавриндаа шилбээ далдалж суугаа байх гэцгээв.
33|11047579|11571266|Зарц нар нь аягүйцтэлээ хүлээгээд, хаан лаврингийнхаа хаалгыг онгойлголгүй удсан учраас тэд түлхүүр авч нээв. Хараач, тэдний эзэн үхчихсэн, шалан дээр хэвтэж байв.
34|11594286|11898135|Зарц нарыг тээнэгэлзэн байх зуур Ехүд зугтан, шүтээний газрыг өнгөрөн, Сеира уруу зугтаж амжсан байлаа.
35|11922302|12311176|Ехүд тэнд хүрээд, Ефраимын ууланд бүрээ үлээв. Израилийн хөвгүүд түүнтэй хамт уулаас бууж ирэхэд тэрбээр тэднийг тэргүүлэв.  Тэр тэдэнд
36|12335519|12547817|Өстөн дайсан моабчуудыг ЭЗЭН та нарын гарт өгсөн. Миний хойноос гэв.
37|12572424|12903571|Ингээд тэд түүнийг даган доошоо бууж, Моаб уруу хүрдэг Иорданы гармыг эзлэн авч, хэнийг ч гатлуулсангүй.
38|12928091|13175668|Тэр үед тэд арван мянга орчим эр зоригтой бөгөөд хүдэр чийрэг моабчуудыг алав.
39|13204025|13329357|Тэднээс нэг нь ч мултран зугтаж чадсангүй.
40|13354229|13826805|Ингэж тэр өдөр Моаб израильчуудын нударга дор сөгдөв. Ийнхүү энэ газар нутаг наян жилийн турш амар жимэр байв. Шамгар
41|13853353|14246857|Ехүдийн дараа Израилийг дахин аварсан нэгэн бол үхрийн чичүүрээр зургаан зуун филист эрийг хядсан, Анатын хөвгүүн Шамгар байв.
