verse|start|end|sentence
1|89522|158627|арван хоердугаар бүлэг
2|188439|272008|Овгуудын зөрөлдөөн
3|300188|541371|Дараа нь Ефраимын эрчүүд дуудагдан цугларч хойд зүг уруу гатлан очоод Иефтад
4|569286|1026427|Чи яагаад өөртэйгөө цуг явахаар биднийг дуудалгүйгээр Аммоны хөвгүүдтэй дайтахаар гатлав Бид чамайг орон гэртэй чинь хамт галдан шатаана гэжээ.  Иефта тэдэнд
5|1055224|1260201|Би болон миний ард түмэн Аммоны хөвгүүдтэй маш ширүүн маргалдсан.
6|1288469|1783051|Би та нарыг дуудахад та нар намайг тэдний гараас аварсангүй.  Намайг аврахгүй болохыг чинь хараад би амь өрсөж, Аммоны хөвгүүдийн эсрэг хөдөлсөнд ЭЗЭН тэднийг миний гарт өгөв.
7|1811804|2032877|Юунд та нар энэ өдөр миний эсрэг дайтахаар над уруу ирдэг билээ гэж өчив.
8|2059470|2333816|Тэгээд Иефта Гилеадын бүх эрсийг цуглуулж, Ефраимтай дайтав. Гилеадчууд тэдэнд
9|2366097|2749017|Та нар бол Ефраимын оргодлууд, тэгээд ч гилеадчууд бид Ефраим болон Манассегийн дунд байдаг бус уу гэж хэлээд тэднийг бут цохив.
10|2780901|3403858|Гилеадчууд Ефраимын харалдаа байрлах Иорданы гармыг эзлэв. Ефраимын оргодлууд Гол гатлуулж өгөөч гэж гуйхад нь Гилеадын эрчүүд Чи ефраим хүн үү гэхэд тэр хүн Үгүй гэж хэлэхэд нь  тэд түүнийг сорин
11|3433846|4090319|Чи шибболет гэж хэл дээ гэхэд нь тэд зөв аялгаар хэлж эс чадан сибболет гэхэд нь тэд барьж аваад Иорданы гарам дээр алдаг байв. Ийнхүү тэр үед дөчин хоёр мянган ефраим хүн алагджээ.
12|4119777|4533965|Иефта Израилийг зургаан жил шүүв. Тэгээд гилеад хүн Иефта өөд болсонд Гилеадын хотуудын нэгэнд нь хөдөөлүүлэв.
13|4565364|4664721|Ибзан, Елон, Абдон нар
14|4694312|5185807| Түүний дараа Бетлехемийн Ибзан Израилийг шүүв.  Тэр гучин хүүтэй байв. Тэр гучин охиноо гадагш явуулж, мөн өөрийн хөвгүүдэд гучин охидыг гаднаас авав.
15|5218088|5320709|Тэр долоон жил Израилийг шүүжээ.
16|5349462|5490538|Ибзаныг өөд болоход Бетлехемд хөдөөлүүлэв.
17|5516689|5781465|Түүний дараа зебулун хүн Елон Израилийг шүүв. Тэрээр Израилийг арван жил шүүжээ.
18|5812424|6059251|Тэгээд зебулун хүн Елон өөд болсонд Зебулун нутгийн Аиалонд хөдөөлүүлэв.
19|6089504|6515510|Түүний дараа пиратон хүн Хиллелийн хөвгүүн Абдон Израилийг шүүв.  Тэрбээр далан илжиг унасан дөчин хүү, гучин ачтай байв.
20|6542058|7051413|Тэр найман жил Израилийг шүүжээ.  Тэгээд пиратон хүн Хиллелийн хөвгүүн Абдон өөд болоход Ефраим нутаг дахь амалекчуудын уулан дахь Пиратонд хөдөөлүүлэв.
