verse|start|end|sentence
1|97372|304686|дөрөвдүгээр бүлэг Рут Боаз нар гэрлэв
2|342965|752213|Боаз үүдэн хаалган дээр очиж суухад, харагтун, Боазын өгүүлсэн мөнөөх өв золигч болох ойрын хамаатан өнгөрч явав. Тэр түүнд
3|780261|1166886|Хүүе, анд минь ирээд энд суу гэв. Тэр ирж суулаа.  Тэгээд тэр хотын ахмадуудаас арван хүнийг авчран
4|1189288|1344697|Энэ суудал дээр суугтун гэсэнд тэд ч бас сууцгаав.
5|1369172|1484361|Тэгэхэд тэр хамгийн ойрын хамаатанд хандан
6|1512189|1871251|Моабын нутгаас буцаж ирсэн Наоми нь бидний ах дүү болох Елимелехийн хэсэг талбайг хэн нэгэнд маань худалдах ёстой.
7|1904502|2850800|Тиймээс Энэ суудал дээр сууж буй хүмүүсийн өмнө болон миний ард түмний ахмадуудын өмнө түүний өвийг золин худалдаж авагтун. Хэрэв чи түүний өвийг золин авъя гэвэл авагтун. Харин үгүй бол надад хэлээрэй Би мэдмээр байна. Учир нь чамаас өөр өвийг нь золин авах хүн байхгүй. Би чиний дараагийнх юм
8|2871086|2906719|гэхэд тэр
9|2930400|3794937|Би тэр газрын өвийг нь золин худалдаж авна гэв.  Тэгтэл Боаз Чи Наомигийн гараас тариалангийн талбайг золин худалдаж авах тэр өдөртөө мөн талийгаачийн нэрийг түүний газрын өвд дуудагдан үлдээлгэхийн тулд талийгаачийн бэлэвсэн эхнэр моаб эмэгтэй Рутыг бас авах ёстой гэв.
10|3821132|3929001|Хамгийн ойрын хамаатан өв золигч
11|3952330|4387905|Тийм бол би өөртөө өвийг нь золин авч үнэндээ чадахгүй. Чадлаа гэхэд би өөрийнхөө өвийг сүйрүүлэхэд хүрнэ. Харин чи түүнийг зольж ав.
12|4424464|4729063|Чи миний золин авах эрхийг авч болно. Учир нь би түүнийг золин авч үнэхээр чадахгүй гэв.
13|4780484|5242872|Израильд өв золин авах болон газар солилцох талаар ямар нэгэн хэргийг батлахдаа урьдын цагт нэг нь шаахайгаа тайлж, нөгөөдөө өгдөг заншилтай байв.
15|7367875|7574571|Үүдэн хаалганаа байсан бүх ард олон болон тэнд суудал эзэлсэн ахмадууд
16|7611483|8031006|Бид гэрч мөн. Чиний гэрт орж ирж буй тэр эмэгтэйг ЭЗЭН, Израилийн гэрийг босгогч Рахел Леа хоёрын адил болгох болтугай.
17|8081721|8898586|Чи Ефратад эд баялаг олж, Бетлехемд алдарших болтугай Мөн ЭЗЭНий энэ залуу эмэгтэйгээр чамд өгөх үр удмаар дамжуулан гэр чинь Иудад Тамарын төрүүлж өгсөн Перезийн гэр адил болох болтугай гэцгээв. Давид хааны гарваль
18|8930205|9325738|Ингээд Боаз Рутыг авч, тэр түүний эхнэр болов. Боаз түүн дээр орсонд ЭЗЭН түүнийг хөл хүндтэй болгож өгөв.
19|9345672|10509515|Тэгээд тэр хүү төрүүлэв.  Тэгтэл эмэгтэйчүүд Наомид Чамайг өнөөдөр өв золигчгүйгээр орхиогүй ЭЗЭН магтагдах болтугай Түүний нэр Израильд алдарших болтугай Тэр танд амь амьдралыг сэргээгч, өндөр насыг тань тэтгэгч байх болтугай Учир нь таныг хайрладаг, таны хувьд долоон хөвгүүнээс дээр бэр чинь Боазд хүү төрүүлэв гэцгээв.
20|10534519|11058604|Тэгээд Наоми хүүхдийг авч, өвөр дээрээ хэвтүүлээд түүний өрлөг эх болов.  Хөрш эмэгтэйчүүд нь Наомид хүү төрөв гээд түүнд Обед гэдэг нэр өгөв.
21|11079419|11244529|Тэр бол Давидын эцэг болох Иессийн эцэг юм.
22|11271254|12372431|Перезийн уг угсааг тоочвол Перезд хүү төрсөн нь Хезрон.  Хезронд хүү төрсөн нь Рам, Рамд хүү төрсөн нь Амминадаб,  Амминадабт хүү төрсөн нь Нахшон, Нахшонд хүү төрсөн нь Салмон,  Салмонд хүү төрсөн нь Боаз, Боазд хүү төрсөн нь Обед, Обедод хүү төрсөн нь Иесси бөгөөд Иессид Давид төржээ.
