verse|start|end|sentence
1|93756|134416|РУТ
2|168814|233024|нэгдүгээр бүлэг
3|276948|625426|Елимелехийнхэн Моабыг зорив Шүүгчдийн захирч байсан өдрүүдэд тэр нутаг оронд өлсгөлөн болов.
4|662337|1018313|Нэгэн эр Иудагийн Бетлехемээс эхнэр бас хоёр хөвгүүнийхээ хамт Моабын нутагт цагаачлан суухаар явав.
5|1058752|1413404|Тэр хүний нэр нь Елимелех, эхнэрийнх нь нэр Наоми, хоёр хөвгүүнийх нь нэрийг Махлон ба Хилион гэдэг байв.
6|1444142|2261668|Тэд Иуда дахь Бетлехемийн ефрат хүмүүс ажээ. Тэд Моабын нутаг дэвсгэрт орж ирээд, тэндээ байхаар үлдэв.  Тэгтэл Наомигийн нөхөр Елимелех өөд болсонд, тэрээр хоёр хөвгүүнтэйгээ хоцров.  Тэд өөрсдөдөө моаб эмэгтэйчүүдийг эхнэр болгон авцгаажээ.
7|2286761|2980763|Нэгнийх нь нэр Орпа, нөгөөгийнх нь нэр Рут байв. Тэд тэндээ арваад жил амьдарчээ.  Тэгтэл бас Махлон, Хилион нар хоёул үхэв. Ингээд тэр эмэгтэй хоёр хөвгүүн ч үгүй, нөхөр ч үгүй хоцорчээ.
8|3013794|3544052|Наоми ба бэрүүд ЭЗЭН Өөрийн ард түмэнд хоол хүнс өгөхөөр ирснийг Моабын нутагт сонсоод тэрээр бэрүүдийнхээ хамт Моабын нутгаас буцахаар босон явав.
9|3564867|3852046|Ингээд тэр бэрүүдтэйгээ байсан газраа орхин Иудагийн нутаг уруу буцахаар замд гарчээ.
11|5391930|6653102|Та нарт нөхөр болчихоор хөвгүүд миний хэвлийд одоо бий юу Буцагтун, охид минь, явцгаагтун. Нөхөрт гарахад би дэндүү хөгшдөнө. Найдвар тасраагүй гээд энэ шөнө нөхөрт гарлаа гэж бодоход төрөх хөвгүүдийг  том болж өстөл нь та нар хүлээх үү Тэр болтол та нар бусдын эхнэр болохоос татгалзан тусдаа байх уу Үгүй ээ, охид минь. Яагаад гэвэл энэ нь та нараас илүү надад гашуун байна. Учир нь ЭЗЭНий мутар миний эсрэг байсан юм гэв.
12|6677269|7468599|Тэд дахин дуугаа улам өндөрсгөн уйлалдав. Орпа хадам эхийгээ үнсэж, харин Рут түүнээс зүүгдэв.  Тэгтэл тэр Хараач, авьсан чинь өөрийн ард түмэн болон өөрийн бурхад уруугаа буцаж явлаа. Чи ч бас авьсаныхаа араас буц гэв.
13|7491090|8637249|Харин Рут Таныг орхиж, таныг дагахаас буцаж эргэхийг надад бүү ятгаач. Учир нь таны явах газар уруу би явна. Таны суух газарт би ч сууна. Таны ард түмэн миний ард түмэн, таны Бурхан миний Бурхан.  Таны үхэх газарт би үхэж тэндээ би оршуулагдана. Тиймээс хэрэв би үхэхээс бусдаар танаас салбал намайг ЭЗЭН шийтгэг, бүр ч илүүг үйлдэг гэв.
14|8673632|9374116|Тэр түүнийг өөртэй нь хамт явахаар эрс шийдсэнийг хараад түүнийг дахин ятгасангүй. Тэгээд тэр хоёр явсаар Бетлехемд хүрч ирлээ. Тэднийг Бетлехемд иртэл бүх хотынхон тэднээс болоод шуугилдацгааж, эмэгтэйчүүд нь
