verse|start|end|sentence
1|95961|166653|гуравдугаар бүлэг
2|198758|336174|Рут Боаз нар үтрэмд
3|364442|748421|Хадам эх Наоми нь түүнд Охин минь, би чамд амар жимэр байх газрыг хайж, чамайг сайн сайхан байлгах ёстой биш үү
5|2892783|3723671|Шөнө дундын үед тэр хүн цочин өндийж урагш тонгойтол, хөлд нь нэгэн эмэгтэй хэвтэж байх нь тэр. Тэрээр Чи хэн бэ гэхэд тэр Би таны шивэгчин Рут байна. Та миний ойрын хамаатан өв золигч учир шивэгчнээ хормойгоороо хучаач гэв.  Тэгтэл тэр Охин минь,
6|3744266|4615682|чамайг ЭЗЭН ивээх болтугай Ийнхүү үйлдсэн үнэнч үйл чинь өмнөхөөсөө ч илүү байна. Чи баян ядуу ямар ч залуу эрийн араас гүйсэнгүй.  Охин минь, одоо бүү ай Чиний хэлсэн бүгдийг би чиний төлөө хийнэ. Хотын бүх хүн чамайг зохистой сайн эмэгтэй гэдгийг мэднэ.
7|4640819|5795666|Би ойрын хамаатан өв золигч чинь гэдэг нь үнэн. Гэлээ ч надаас илүү ойрын хамаатан өв золигч бас бий.  Энэ шөнө эндээ үлд. Өглөө болоход тэр хүн чиний төлөө өвийг зольж авбал сайн. Тэр чиний төлөө өвийг зольж аваг. ЭЗЭН амьд Хэрэв тэр чиний төлөө өвийг золин авахыг хүсэхгүй бол би чиний төлөө өвийг зольж авъя. Өглөө болтол хажуул гэв.
8|5820847|6474497|Тиймээс тэр өглөө болтол түүний хөлд хэвтлээ. Боаз  Үтрэмд эмэгтэй хүн ирснийг мэдэгдэж болохгүй гэв. Тэгээд хүмүүсийг бие биенээ танихаас өмнө үүрийн харанхуйгаар Рут босов.
9|6495930|7167484|Тэгээд мөнөөх нь Алчуураа дэлгээд надад барь гэж хэлэв. Түүнийг алчуураа дэлгэн барихад зургаан хэмжүүр арвай хэмжиж, түүнд үүрүүлэв. Ингээд тэр хот уруу явлаа.  Түүнийг хадам эх дээрээ ирэхэд ээж нь
10|7190240|8279951|Охин минь, яав гэхэд мөнөөх хүний өөрт нь хийсэн бүгдийг Рут түүнд хэлэв.  Тэгээд Рут Тэр хүн Чи хадам эхдээ гар хоосон бүү оч гээд энэ зургаан хэмжүүр арвайг надад өглөө гэв.  Тэгэхэд хадам эх нь Охин минь, энэ хэрэг хэрхэн эргэхийг харж хүлээ Учир нь тэр хүн өнөөдөр үүнийг бүрэн шийдэхээс нааш амрахгүй гэв.
