verse|start|end|sentence
1|91595|276066|хоёрдугаар бүлэг Рут Боазтай уулзав
3|2429910|3515607|Тэгээд Боаз тариа хадагчдыг хариуцсан зарцдаа Тэр хэний бүсгүй вэ гэв.  Тариа хадагчдыг хариуцсан зарц Тэр бол Моабын нутгаас Наомитай хамт буцаж ирсэн моаб эмэгтэй юм.  Тэр эмэгтэй Тариа хадагчдын араас, юүжилсэн тариан дунд хаягдсан түрүүг түүж цуглуулахыг надад зөвшөөрөөч гэсэн. Тэгээд тэр ирж, өглөөнөөс одоо хүртэл энд байна.
4|3542641|3765081|Тэр гэрт түр зуур л сууж байгаа гэв.  Тэгээд Боаз Рутад
6|5375878|6530460|Нөхрийгөө өөд болсны дараа хадам эхдээ чиний хийсэн бүгдийг мөн хэрхэн эцэг эхээ болон төрөл садангийнхаа нутгийг орхин, таньж мэдэхгүй ард түмэн уруу явсан тухай чинь надад бүрэн мэдэгдсэн.  ЭЗЭН чиний энэ ачит үйлийг сайнаар хариулах болтугай. Израилийн Бурхан ЭЗЭНээс ирэх шан хөлс чамд дүүрэн байг Түүний далбаан дор хоргодох газар хайн иржээ чи гэж хариулав.
7|6552995|6587569|Тэгэхэд тэр
8|6618439|6778434|Таны шивэгчингүүдийн нэгтэй нь ч эн зэрэгцэхгүй билээ би.
10|8954064|9498699|Ингээд үдэш болтол тариан талбайд тэр түрүү түүгээд түүсэн тариагаа цохиход нэг ефа арвай болов. Тэр үүнийгээ авч, хот уруу явж очиход хадам эх нь түүний цуглуулсныг харав.
11|9528995|10379067|Цадталаа идээд үлдээж хадгалсан өнөөх зүйлээ тэр бас гаргаж хадам эхдээ өгөв.  Хадам эх нь түүнд Чи өнөөдөр хаанаас түүв Чи хаана ажилласан бэ Чамайг харж үзсэн тэр хүн ерөөгдөх болтугай гэв. Ингээд тэр хэнийх дээр ажилласан тухайгаа хадам эхдээ сонордуулан
12|10407070|11098647|Өнөөдөр хамт ажилласан тэр хүний нэрийг Боаз гэдэг хэмээн ярьтал,  Наоми бэрдээ ЭЗЭН түүнийг ивээх болтугай Тэрээр амьд хийгээд үхэгсдэд энэрэл үзүүлэхээ зогсоодоггүй ЭЗЭН билээ гэж хэлэв. Тэгээд Наоми түүнд дахин
14|12546758|13121425|Тийнхүү тэрээр арвай бас буудай хураалт дуустал хаягдал түрүү түүхээр Боазын шивэгчингүүдэд ойр байж тэднийг түшсэн бөгөөд хадам эхтэйгээ тэрээр хамт амьдран суув.
