verse|start|end|sentence
1|91639|162905|арван гуравдугаар бүлэг
2|193907|307597|Саулын ёс бус өргөл
3|340231|562319|Саул идэр насандаа хаан болж Израилийг хоёр жил захирчээ.
4|594600|1196962|Саул өөртөө Израилиас гурван мянган эрийг сонгон авснаас хоёр мянга нь түүнтэй хамт Михмаш болон Бетелийн ууланд байсан ба нөгөө нэг мянга нь Ионатантай хамт Бениамины Гибеад байв.
5|1231007|1420372|Харин үлдсэн хүмүүсийг тэр өөр өөрсдийнх нь майхан уруу буцааж явуулав.
6|1448729|1746227|Ионатан Гебад байсан филистчүүдийн харуулын ангийг цохисон бөгөөд филистчүүд ч үүнийг сонсов.
7|1775818|1922363|Тэгэхэд Саул орон даяар эвэр бүрээ үлээж
8|1953497|2068951|Еврейчүүд сонсогтун! гэж зарлав.
9|2098542|3150812|Саул филистчүүдийн харуулын ангийг цохиж, филистчүүд Израилийг жигшин зэвүүцэх болсон нь бүх Израильд дуулдаж, ард олон Гилгалд байгаа Саул дээр дуудагдан цугларав.  Филистчүүд Израильтай байлдахаар цугласан нь гучин мянган тэрэгт цэрэг, зургаан мянган морин цэрэг ба далайн эргийн элс мэт тоо томшгүй олон явган цэрэг байв.
10|3179036|4307511|Тэд ирж, БетАвены зүүн зүгт Михмашт хуарагнав.  Израильчууд аюулд орсноо (цэргүүд хүчтэй шахагдсаны улмаас хараад агуй, бут сөөг, хавцал, газар доорх нүх, худагт нуугдав.  Мөн еврейчүүдийн зарим нь Иорданыг гаталж, Гад болон Гилеадын нутагт очжээ. Харин Саул Гилгалд байсаар, түүнтэй цуг байсан ард олон айн дагжиж байлаа.
11|4337852|4614888|Самуелын тогтоосон хугацаа болох долоо хоног Саул хүлээсэн боловч Самуел Гилгалд ирсэнгүй.
12|4642936|4792743|Ард олон түүнийг орхин тарцгааж байв.  Тэгэхэд Саул
13|4825377|5347213|энд авчрагтун гэв. Тэгээд тэр шатаалт тахил тахив. 10 Үзэгтүн, түүнийг шатаалт тахил тахиж дуусмагц Самуел ирэв.
14|5367675|5533888|Саул түүнийг угтан мэндчилэхээр гарчээ.  Харин Самуел
15|5565375|6595860|Та юу хийв гэсэнд Саул Ард олон намайг орхин тарцгаахыг би харж бас та ч тогтоосон хугацаандаа ирсэнгүй, филистчүүд ч Михмашт цугларсан тул  би Филистчүүд Гилгалд миний эсрэг одоохон ирэх нь, бас ЭЗЭНий тааллыг би гуйгаагүй байна гээд би өөрийгөө хүчилж, аргагүй шатаалт тахил тахив гэж хариулав.
16|6624922|6691293|Самуел, Саулд
17|6721721|7025967|Та мунхаг хэрэг үйлдэв. Та Бурхан ЭЗЭНийхээ танд тушаасан зарлиг тушаалыг сахисангүй.
18|7049958|7962299|Ингээгүйсэн бол ЭЗЭН таны хаанчлалыг Израильд мөнхөд тогтоох байсан.  Гэвч одоо таны хаанчлал үргэлжлэхгүй. ЭЗЭН Өөртөө зүрх сэтгэлийнхээ дагуух хүнийг хайн олж, тэр хүнийг Өөрийн ард түмний удирдагчаар томилсон. Учир нь танд ЭЗЭНий тушаасныг та сахин биелүүлсэнгүй гэв.
19|7995859|8312938|Тэгээд Самуел босон Гилгалаас Бениамины Гибеад өгсөж очив. Тулааны бэлтгэл
20|8347248|8573569|Саул өөртэйгөө хамт байгаа хүмүүсийг тоолбол зургаан зуугаад эрчүүд байв.
21|8594119|8991504|Саул, түүний хүү Ионатан ба тэдэнтэй хамт байсан хүмүүс Бениамины Гебад байхад филистчүүд Михмашт хуарагнан буусан байв.
22|9023036|9253899|Довтлогч цэргүүд филистчүүдийн хуарангаас гурван анги болон хуваагдаж гарав.
23|9276126|9835931|Нэг анги нь Офрагийн замаар, Шуалын газар уруу эргэн  нөгөө анги нь Бет-хороны зам уруу эргэн бас нэг анги нь цөлийн зүгт буй Зебоимын хөндийн хязгаар зам уруу эргэн явжээ.
24|9870021|10609533|Израилийн бүх нутаг даяар төмрийн дархан олддоггүй байв. Учир нь филистчүүд Еврейчүүд өөрсдөө илд, жад хийх вий гэдэг байжээ.  Тиймээс бүх Израиль анжис, зээтүү, сүх, хадуураа ирлүүлэхийн тулд филистчүүд уруу очдог байлаа.
25|10643226|10928244|Анжис, зээтүү, сэрээ, сүх ирлэж засахад шекелийн гуравны хоёртой тэнцэх үнийг төлдөг байв.
26|10962907|11278619|Тулалдааны өдөр Саул болон Ионатантай хамт байсан ард олны хэнийх нь ч гарт илд ч, жад ч байсангүй.
27|11310591|11486594|Харин Саул болон түүний хөвгүүн Ионатанд л байв.
28|11519890|11672211|Ионатан гайхагдаж филистчүүд ялагдав
29|11706609|11867618|Филистчүүдийн харуулын анги Михмашийн гармаар гарлаа.
