verse|start|end|sentence
1|90890|157172|хорьдугаар бүлэг
2|188086|310728|Давид Ионатан хоёрын нөхөрлөл
3|348786|508737|Давид, Рамагийн Наиотоос зугтан Ионатан уруу ирж
4|542165|701190|Би ямар хэрэг хийсэн юм бэ Надад ямар хилэнц байна вэ
5|728620|972581|Би таны эцэгт ямар нүгэл үйлдсэн болоод тэр миний амийг эрнэ вэ гэж хэлэв.
6|993969|1052843|Ионатан түүнд
8|3303090|3815267|Гэвч намайг явуулж өгөөч. Гурав дахь өдрийн үдэш хүртэл талд нуугдъя.  Хэрэв таны эцэг намайг сураглавал Давид, Бетлехем хот уруугаа явахаар надаас хичээнгүйлэн гуйсан юм.
9|3835156|4291723|Учир нь тэнд түүний бүх ураг төрлийнхний төлөө жилийн тахил өргөх ёслол болох ажээ гэж хэлэгтүн.  Хэрэв таны эцэг зүйтэй гэвэл таны боол аврагдана.
11|5815908|6215498|гэхэд  Давид, Ионатанд Хэрэв таны эцэг танд хатуу хариу өгвөл хэн надад мэдүүлэх вэ гэв.  Ионатан, Давидад
12|6240017|6350796|Явъя, хээр талд гаръя гэв.
13|6372317|6559037|Тэгээд тэд хоёулаа хээр гарав.  Тэгэхэд Ионатан Давидад
14|6579058|6921891|Израилийн Бурхан ЭЗЭН гэрч болог. Би маргааш эсвэл нөгөөдөр өдий үед эцгийнхээ санааг тандаж мэдье.
15|6945397|7189843|Хэрэв Давидын талаар сайхан сэтгэлтэй байвал би хүн илгээж чамд дуулгахгүй гэж үү
16|7211805|7485357|Хэрэв миний эцэг чамд хорон мууг үйлдэхээр шийдсэн байвал үүнийг чихэнд чинь дуулгахгүй
17|7507539|8835170|чамайг эсэн мэнд зугтаалгахгүй бол ЭЗЭН, Ионатан намайг тийнхүү бас түүнээс ч илүүгээр шийтгэх болтугай. ЭЗЭН миний эцэгтэй хамт байсны адил чамтай ч хамт байх болтугай.  Миний амьд ахуйд чи надад ЭЗЭНий хайр энэрлийг үзүүлэхгүй гэж үү Намайг үхсэн ч бас  ЭЗЭН, Давидын дайснаас нэгийг ч үлдээлгүй газрын хөрснөөс устгасан үед ч чи өөрийн хайр энэрлийг миний гэрээс үүрд бүү салгаг гэж хэлэв.
18|8856558|9234143|Ионатан, Давидын гэртэй ийнхүү гэрээ байгуулаад ЭЗЭН, Давидын дайснуудын гараас үүнийг нэхэг гэв.
19|9257692|9451335|Ионатан, Давидад хайртай байсан тул түүгээр дахин тангараглуулав.
20|9471709|10103442|Учир нь Ионатан өөрийн амийг хайрлах адил Давидыг хайрладаг байжээ.  Ионатан, Давидад Маргааш шинэ сарын баяр. Чиний суудал хоосон байх тул чамайг байхгүй гэдгийг мэдэх болно.
21|10124037|10459638|Гурван өдөр болоход чи гарч яваад, урьд нь нуугдаж байсан нөгөө газартаа очиж, Езелийн чулууны дэргэд байгтун.
22|10481511|11305564|Би бай харваж буй мэт тэр зүг уруу гурван сум тавина.  За тэгээд, би нэгэн хөвгүүнийг явуулж, Явж, сумнуудыг олж ир гэж хэлнэ. Хэрэв би хөвгүүнд тусгайлан Хар, сум чиний наад талд байна. Түүнийг авч ир гэж хэлбэл чи гарч ирээрэй. ЭЗЭН амьд
24|12721306|12996181|Ионатан босож, Саулын хажууд Абнер суусан ба Давидын суудал хоосон байв.
25|13020789|13809959|Гэсэн ч Саул тэр өдөр юу ч хэлсэнгүй. Учир нь тэр Түүнд санаандгүй зүйл тохиолдож, тэр биеэ бузарласан биз гэж санажээ.  Дараагийн өдөр, шинэ сарын баярын хоёр дахь өдөр ч Давидын суудал хоосон байв. Ингээд Саул өөрийн хөвгүүн Ионатанаас
26|13837609|14070722|Яагаад Иессийн хөвгүүн өчигдөр ч, өнөөдөр ч зоогонд ирсэнгүй вэ гэж асуув.
27|14093169|14173475|Тэгэхэд Ионатан, Саулд
28|14193320|15380712|Давид надаас Бетлехем уруу явъя гэж ихэд гуйсан юм.  Тэр Манай төрөл төрөгсөд тэр хотод тахил өргөх ёстой бөгөөд миний ах намайг ирэхийг тушаасан учраас намайг явуулж өгнө үү Хэрэв таны нүднээ би тааллыг олсон бол намайг явуулж, ах нартай минь уулзуулахыг гуйя гэсэн билээ. Тийм учраас хааны зоогийн ширээнд Давид ирээгүй юм гэж хариулав.  Саул, Ионатанд ихэд хилэгнэн
29|15405982|15475792|Бузар тэрслүү эмийн хүү
30|15496475|16089796|Чи Иессийн хөвгүүнтэй шадарлаж, өөрийгөө шившиглэн эхийгээ ичгүүр болгож байгааг чинь би мэдэхгүй гэж бодож байна уу Иессийн хөвгүүн энэ газар дээр амьд байгаа цагт чи ч, чиний хаанчлал ч тогтохгүй.
31|16114228|16404494|Тийм учраас одоо хүн илгээж түүнийг надад авчир. Тэр заавал үхэх ёстой гэж хэлэв.
32|16429543|16565371|Харин Ионатан, эцэг Саулдаа хариулан
33|16585789|16990539|Яагаад тэр хүнийг алах ёстой юм бэ Тэр хүн юу үйлдсэн юм бэ гэж хэлэв.  Тэгэхэд Саул, Ионатаныг алахаар түүн уруу жад шидэв.
34|17011398|17533410|Ийнхүү эцэг нь Давидыг алахаар шийдсэнийг Ионатан мэджээ.  Ионатан ихэд уурлан зоогийн ширээнээс босож, шинэ сарын баярын хоёр дахь өдөр зоог барьсангүй.
35|17553960|17821868|Учир нь Давидыг түүний эцэг доромжилсонд Давидын төлөө сэтгэл нь зовж байв.
36|17844712|18157072|Өглөө болоход Ионатан бяцхан хөвгүүнийг дагуулан Давидтай болзсон цагтаа хээр тал уруу гарч явав.
37|18180621|18230322|Тэр, хөвгүүнд
38|18251049|18364386|Миний харвах гэж байгаа сумыг олж ир гэв.
39|18388465|19239771|Хөвгүүнийг гүйж одоход Ионатан тэр хөвгүүний араас сумаа тавив.  Ионатаны сум харвасан газарт тэр хөвгүүн хүрч очиход Ионатан хөвгүүний араас дуудан Сум чиний цаана чинь байна гэж хашхиран хэлэв.  Ионатан, хөвгүүний араас дуудаж Хурдал, түргэл, зогсож болохгүй гэв.
40|19262483|20555054|Ионатаны хөвгүүн сумыг түүн авч, эзэн дээрээ ирэв.  Гэвч хөвгүүн юу ч мэдээгүй ба зөвхөн Ионатан Давид хоёр л учрыг мэдэж байлаа.  Ионатан өөрийнхөө зэвсгийг хөвгүүнд өгч Үүнийг хот уруу авч яв гэж хэлэв.  Хөвгүүнийг явахад Давид өмнө зүгээс гарч ирэн нүүрээрээ газар унаж, гурван удаа мөргөв. Тэд бие биенээ үнсэж, хамтдаа уйлсан ба Давид илүү ихээр уйлав.
41|20574899|21072523|Ионатан, Давидад Амар тайван явагтун. Чи бид хоёр ЭЗЭН чи бид хоёрын дунд болон миний үр удам ба чиний үр удмын хооронд мөнхөд байг
42|21093162|21301623|гэж ЭЗЭНий нэрээр бие биендээ тангарагласан билээ гэв.
43|21322923|21503115|Тэгээд Давид босож явав. Ионатан хот уруу буцжээ.
