verse|start|end|sentence
1|75366|143236|аравдугаар бүлэг
2|174900|395400|Дараа нь Самуел савтай тос авч, Саулын толгой дээр цутган түүнийг үнсээд
3|419435|569772|ЭЗЭН Өөрийн өвийн захирагч болгон чамайг тосоллоо.
4|592218|973948|Чи өнөөдөр надаас салж явахдаа Бениамины хилийн Зелзад буй Рахелын булшны дэргэд хоёр хүнийг олж уулзана. Тэд чамд
5|995777|1518892|Чиний хайхаар явсан эм илжигнүүдийг олсон билээ. Харагтун, эцэг чинь эм илжигнүүдийнхээ асуудлыг орхиод Би хүүгээ яах вэ гэсээр та нарын араас санаа зовж байна гэж хэлэх болно.
6|1543764|2806259|Чи тэндээс цааш дамжин явж, Таборын царс мод уруу очоод тэнд Бетел дэх Бурхан өөд явж буй гурван хүнийг олж харна. Нэг нь гурван ишиг, нөгөө нь гурван дугуй талх, гурав дахь нь нэг тулам усан үзмийн дарс аваад явж байгаа. 4 Тэд чиний амар мэндийг асууж, чамд хоёр талх өгнө, үүнийг нь чи тэдний гараас авах ёстой.  Дараа нь Филистийн харуулын анги байрладаг, Бурханы довцогт чи хүрч очно.
7|2829985|3290345|Чамайг тэнд хотод ирмэгц, түрүүндээ босоо ятга, хэнгэрэг, бишгүүр, ятга хөгжимтэй мөргөлийн өндөрлөгөөс бууж байгаа хэсэг эш үзүүлэгч чамтай уулзана.
8|3312130|4029284|Тэд эш үзүүлцгээх болно.  Тэгэхэд ЭЗЭНий Сүнс чиний дээр бууж, чи тэдэнтэй хамт эш үзүүлж, өөр хүн болж өөрчлөгдөнө.  Бурхан чамтай хамт байх тул эдгээр тэмдгүүд чамд ирэхэд гарт чинь юу олдоно түүнийгээ үйлд.
9|4058699|4197746|Чи надаас түрүүлж Гилгал уруу уруудагтун.
10|4231791|4517207|Харагтун, би шатаалт тахилууд тахиж, эвийн тахилуудыг нядлахаар чам уруу уруудаж очно.
11|4538242|4833712|Намайг чам уруу очиж, хийх бүгдийг зааж өгтөл чи тэнд долоо хоног хүлээгтүн гэж хэлжээ.
12|4857482|4938979|Саул эш үзүүлэв
13|4960456|5342318|Самуелыг Саулаас салж явахаар эргэх тэр үед Бурхан, Саулын зүрхийг өөрчилж, тэр бүх тэмдгүүд тэр өдөртөө биелэгджээ.
14|5363574|5806029|Тэд нөгөө довцогт хүрчээ. Харагтун, хэсэг эш үзүүлэгчид түүнтэй тааралдаж, Бурханы Сүнс түүний дээр буусанд тэр ч тэдний дунд эш үзүүлэв.
15|5829402|6140219|Саулыг урьд өмнө таньдаг байсан бүх хүн, харагтун, түүнийг эш үзүүлэгчидтэй хамт эш үзүүлж байхыг хараад
16|6162886|6908661|Кишийн хөвгүүн юу болов Саул бас эш үзүүлэгчдийн дунд байна уу гэж өөр хоорондоо ярилцав.  Тэнд байсан нэг хүн хариулан Тэдний эцэг нь хэн билээ гэв. Тиймээс Саул ч бас эш үзүүлэгчдийн дунд байна уу гэдэг ёгт үг гарчээ.
17|6931373|7106979|Саул эш үзүүлж дуусаад, мөргөлийн өндөрлөг дээр ирэв.
18|7131146|7258551|Саулын авга ах, зарц тэр хоёроос
19|7281659|8443297|Та нар хаашаа явав гэхэд Саул Эм илжигнүүдээ хайхаар явлаа. Тэд хаана ч байхгүйг хараад Самуел дээр очоод ирлээ гэж хариулав.  Саулын авга ах нь Самуелын та нарт юу хэлснийг надад ярьж өгнө үү гэхэд  Саул, авга ахдаа Эм илжигнүүд олдов гэдгийг тэр бидэнд мэдүүлэв гэлээ. Гэвч Самуелын дурдаж ярьсан хаанчлалын талаар Саул түүнд хэлсэнгүй.
20|8476681|8585520|Саулыг хаанаар тунхаглав
21|8619080|8843020|Самуел ард олныг ЭЗЭН дээр Мизпад дуудан цуглуулж,  Израилийн хөвгүүдэд
22|8867583|9401943|Израилийн Бурхан ЭЗЭН ийнхүү айлдаж байна. Би Израилийг Египетээс гаргаж, та нарыг египетчүүдийн гараас болон дарангуйлж байсан бүх хаанчлалын гараас аварсан билээ.
23|9421876|9915444|Гэтэл бүхий л гай гамшиг, зовлон шаналангаас чинь аварсан өөрсдийнхөө Бурханыг та нар өнөөдөр үл хэрэгсэн түлхэж, Бидний дээр хааныг тавигтун гэцгээсэн.
24|9936656|10192127|Тиймээс одоо Бурханы өмнө овог ба мянга түмээрээ зогсогтун гэж хэлэв.
25|10213295|10883571|Ингээд Самуел Израилийн бүх овгийг дуудуулж ойртуулахад Бениамины овог шавгаар тунав. Тэр Бениамины овгийг ургаар нь ойртуулсан бөгөөд Матрийн ураг тунасан билээ. Тэгээд Кишийн хөвгүүн Саул тунав.
26|10904562|11443950|Харин тэд Саулыг эрж хайсан боловч олсонгүй.  Тиймээс тэд ЭЗЭНээс Тэр хүн энд ирсэн үү гэж лавлаж асуув. ЭЗЭН Харагтун, тэр хөсгөн дотор нуугдаж байна гэв.
27|11470365|11974032|Хүмүүс гүйн очиж, түүнийг тэндээс дагуулан ирэв. Саул ард олны дунд зогсоход, бүх хүмүүсээс толгой илүү өндөр байв.  Самуел ард түмэнд
28|12000668|12140465|За, ЭЗЭН хэнийг сонгосныг та нар харцгаа.
29|12162206|12351748|Ард түмний дунд энэ хүнтэй эн зэрэгцэх хүн байна уу гэв.
30|12374504|12914949|Тиймээс ард олон бүгд баярлан уухайлж Хаан мандтугай гэв.  Тэгээд Самуел ард олонд хаанчлалын эрхийг хэлж, тэдгээрийг номд бичин ЭЗЭНий өмнө тавив.
31|12939557|13221753|Самуел бүх ард олныг гэр гэр уруу нь явуулав.  Саул ч бас Гибеа дахь гэр уруугаа явлаа.
32|13244508|13469418|Бурхан, сэтгэл зүрхийг нь хөдөлгөсөн зоригт дайчин эрс түүнтэй явжээ.
33|13505184|14006027|Харин үл бүтэх зарим хүмүүс Энэ хүн биднийг яаж аврах юм бэ гээд түүнийг үл тоомсорлож, түүнд бэлэг авчирсангүй. Харин Саул дуулаагүй мэт байв.
