verse|start|end|sentence
1|93095|335821|арван зургаадугаар бүлэг Давидыг хаанд өргөмжлөн тослов
2|370440|425432|ЭЗЭН, Самуелд
3|458816|867314|Израилийн хаан байхыг нь болиулж Миний үл хэрэгссэн Саулын хойноос хэдий болтол гашуудах юм бэ Эвэртээ тос дүүргэн явагтун.
4|899375|1397043|Би чамайг Бетлехемийн хүн Иесси уруу илгээе. Учир нь түүний хөвгүүдийн дундаас Өөртөө Би хааныг харан сонгосон билээ гэв.  Харин Самуел
5|1429236|1630862|Би яаж явах вэ Саул үүнийг сонсвол намайг алах болно гэв.
6|1655293|1700407|ЭЗЭН айлдахдаа
7|1723957|2813712|Чи охин бяруу авч, ЭЗЭНд тахил тахихаар ирлээ гэж хэлэгтүн.  Нядлах тахилын ёслолд Иессиг уригтун. Чиний юу хийхийг Би чамд зааж өгнө. Миний нэрлэх хүнд чи тос цутгагтун гэв.  Ийнхүү ЭЗЭНий айлдсаныг Самуел үйлдэж, Бетлехем уруу ирэв. Хотын ахмадууд түүнийг угтахаар цочирдон дагжсаар гарч ирээд
8|2834351|3334092|Та амар тайван ирэв үү гэв.  Самуел Амар тайван. Би ЭЗЭНд тахил өргөхөөр ирлээ. Биеэ ариусган надтай хамт нядлах тахил өргөхөөр ирэгтүн
9|3358170|3386306|хэмээв.
10|3408444|3676131|Тэр мөн Иесси болон түүний хөвгүүдийг ариусган тэднийг нядлах тахил өргөхөд урив.
11|3696461|3821353|Тэднийг орж ирэхэд Самуел Елиабыг хараад
12|3842653|4025536|Үнэхээр ЭЗЭНий тосолсон хүн Өөрийнх нь өмнө байна гэж бодов.
13|4047365|4600600|Гэвч ЭЗЭН, Самуелд айлдан Түүний гаднах байдлыг болон нурууных нь өндрийг бүү хар. Би түүнийг нь үл хэрэгсэв. Учир нь Бурхан мөхөс нэгэнтэй адил хүний гаднах төрхийг хардаггүй.
14|4620798|4735634|ЭЗЭН зүрхийг нь хардаг гэв.
15|4757860|5175223|Тэгэхэд Иесси Абинадабыг дуудан Самуелын урдуур явуулав. Самуел ЭЗЭН энэ хүнийг ч мөн сонгоогүй байна гэж хэлэв.
16|5198640|5790859|Дараа нь Иесси Шаммаг урдуур нь явуулсан боловч Самуел ЭЗЭН энэ хүнийг ч мөн сонгоогүй байна гэж хэлэв.  Ийнхүү Иесси долоон хөвгүүнээ Самуелын урдуур явуулсан боловч Самуел, Иессид
17|5813658|6134883|ЭЗЭН эднийг сонгоогүй гэж хэлэв.  Самуел, Иессид Хөвгүүд чинь бүгдээрээ энд байна уу гэхэд Иесси
18|6157153|6454872|Отгон хөвгүүн минь үлдсэн. Тэр хонио хариулж байгаа л даа гэв. Тэгэхэд Самуел Иессид
19|6480186|6769394|Хүн илгээж, тэр хөвгүүнийг авчрагтун. Тэр хөвгүүнийг энд иртэл, бид суухгүй гэж хэлэв.
20|6789239|6907118|Иесси хүн явуулж түүнийг авчруулав.
21|6934592|7192974|Тэр бусдыгаа бодвол улаа бутарсан, сайхан нүдтэй, сайхан төрхтэй хөвгүүн байв.
22|7217053|7447299|ЭЗЭН айлдахдаа Босож, түүнийг тослогтун. Энэ тэр хүн мөн гэв.
23|7471863|7720542|Тэгэхэд Самуел тос дүүргэсэн эврээ авч, ах нарынх нь дунд түүнийг тослов.
24|7742284|8070917|Тэр өдрөөс эхлэн ЭЗЭНий Сүнс Давидын дээр буув. Самуел босож Рама уруу явлаа.
25|8094290|8204011|Давид, Саулд хөгжимдөж өгсөн нь
26|8233646|8504067|ЭЗЭНий Сүнс Саулаас салсан бөгөөд ЭЗЭНээс ирсэн муу сүнс түүнийг айлган сүрдүүлэв.
27|8524441|8588871|Саулын зарц нар түүнд
28|8609334|9503329|Харагтун, Бурханаас ирсэн муу сүнс таныг айлган сүрдүүлж байна.  Эзэнтэн минь, өөрийнхөө өмнө байгаа зарц нартаа тушаагтун. Босоо ятга чадварлаг тоглодог хүнийг зарц нараараа эрж хайлгуулагтун. Бурханаас таны дээр муу сүнс ирвэл тэрээр ятгаа тоглоход та дээрдэх болно
29|9525203|9557704|гэж хэлэв.
30|9579931|9649653| Саул зарц нартаа
31|9670203|9930173|Сайн чадварлаг тоглодог хүнийг олж, над уруу авчрагтун хэмээв.  Тэгтэл залуу эрчүүдийн нэг нь
32|9954604|10631098|Харагтун, би Бетлехемийн Иессийн хөвгүүнийг харсан. Тэрээр чадварлаг хөгжимчин, эрэлхэг хүчит дайчин, үгэнд цэцэн сайхан эр билээ. ЭЗЭН түүнтэй хамт байдаг гэж хариулав.  Саул, Иессид элч нарыг илгээж
33|10651693|11332553|Чи өөрийн хөвгүүн хоньчин Давидыг над уруу илгээгтүн гэж хэлүүлэв.  Иесси нэг илжиг авч, түүнд талх, нэг тулам усан үзмийн дарс, нэг ишгийг ачаад, өөрийн хүү Давидаар Саул уруу илгээв.
34|11354868|11813993|Давид Саул дээр ирж, түүнд үйлчлэв. Саул түүнийг ихэд хайрлан тэр Саулын зэвсэг үүрэгч болов.  Саул, Иессид хүн илгээж
35|11836969|11941839|Давид миний албанд зогсог.
36|11963624|12110212|Учир нь тэр миний нүдэнд тааллыг олов гэж хэлүүлэв.
37|12132174|12668254|Бурханаас сүнс Саулд ирэх болгонд Давид ятга авч, өөрийн гараар тоглоход, Саулд хүч тэнхээ эргэн ирж, муу сүнс түүнээс салан явж, бие нь сайжирдаг байв.
