verse|start|end|sentence
1|95211|162905|хорин есдүгээр бүлэг
2|187777|311610|Филистчүүд Давидыг үл тоов
3|336350|652327|Филистчүүд бүх цэргээ Афект цуглуулах үед, израильчууд Иезреел дэх булгийн дэргэд хуарагнав.
4|680595|1026339|Филистчүүдийн ноёд зуут, мянгатаараа өнгөрөн явахад Давид ба түүний хүмүүс ч Ахиштай хамт тэдний араас явав.
5|1048918|1137206|Тэгэхэд филистчүүдийн жанжингууд
6|1157977|1294511|Энэ еврейчүүд энд юу хийж байгаа юм бэ гэж асуув.
7|1317575|1438630|Ахиш филистчүүдийн жанжингуудад
8|1464340|2134792|Энэ хүн Израилийн хаан Саулын зарц Давид бус уу Тэр надтай хамт нэг хоёр жил байсан бөгөөд тэр над уруу оргож ирснээс хойш эдүгээ хүртэл би түүнээс ямар нэгэн гэм бурууг олоогүй гэж хэлэв.
9|2155608|2784253|Гэвч филистийн жанжингууд Ахишт уурлаж түүнд хандан Энэ хүнийг бидэнтэй хамт тулалдаанд явуулалгүй, таны зааж өгсөн газарт нь буцаагтун. Эс тэгвэл тулалдааны үед тэр бидэнд садаа болж болзошгүй.
10|2805906|3328315|Энд байгаа хүмүүсийн толгойноос өөр юугаар энэ хүн эзнийхээ өршөөлийг олох вэ Энэ хүн Саул мянгыг, Давид түмийг алав гэж дуулагддаг Давид биш үү гэв.
11|3353055|3450560|Тэгээд Ахиш, Давидыг дуудан
12|3472963|3838860|ЭЗЭН амьд Чи шударга хүн юм. Хуаранд надтай хамт жагсан орж гардаг чинь миний нүдэнд тааламжтай байдаг.
13|3858838|4150030|Учир нь чамайг над уруу ирснээс хойш өдий хүртэл би чамаас ямар ч муу муухай юм олсонгүй.
14|4179180|4704499|Гэвч эдгээр ноёдод чи таалагдахгүй байна.  Тийм учраас филистчүүдийн ноёдын дургүйг хүргэхгүйн тулд эргэж, амар тайван буцагтун гэлээ.  Давид, Ахишт
15|4727784|5312727|Гэвч би юу үйлдсэн юм бэ Таны өмнө ирсэн өдрөөс хойш өдий хүртэл таны зарц би ямар алдаа гаргаснаас болж эзэн хааныхаа дайснуудтай тулалдахаар явж болохгүй билээ гэж асуув.
16|5333895|5419052|Харин Ахиш, Давидад хариулан
17|5439735|5677742|Чи миний нүднээ Бурханы тэнгэрэлч адил зөвт нэгэн гэдгийг би мэдэж байна.
18|5702306|6278031|Харин филистийн жанжингууд Тэр бидэнтэй хамт тулалдаанд явж болохгүй гэж хэлсэн билээ.  Чи өөртэйгөө хамт ирсэн, эзнийхээ зарц нарын хамт маргааш өглөө эрт босонгуутаа, үүр цайхад буцагтун
19|6306255|6342241|гэж хэлэв.
20|6363144|6761015|Ийнхүү Давид болон түүний хүмүүс өглөө нь филистчүүдийн газарт буцахаар эртлэн босов. Филистчүүд Иезреел уруу явлаа.
