verse|start|end|sentence
1|88332|280520|арван нэгдүгээр бүлэг Саул аммончуудыг ялав
2|303143|496125|Аммон хүн Нахаш хүрч ирж, Иабеш-гилеадыг бүслэн хуарагнав.
3|522629|615327|Иабешийн бүх эрс Нахашт
4|640817|926982|Бидэнтэй гэрээ байгуулаач, бид танд үйлчилье гэцгээв.  Харин аммон хүн Нахаш тэдэнд
5|954368|1099457|Би та нартай дараах нөхцөлд гэрээ байгуулна.
6|1125784|1403085|Та нарын бүгдийн чинь баруун нүдийг би ухаж аваад, бүх Израильд шившиг авчирна гэж хариулав.
7|1423724|1503898|Иабешийн ахмадууд түүнд
8|1530225|1763470|Израилийн нутаг даяар элч нарыг явуулахын тулд бидэнд долоо хоногийн хугацаа өгөгтүн
9|1784241|1969902|Хэрэв биднийг аврах хүн олдохгүй бол бид чам уруу гарч очъё гэв.
10|1993540|2443448|Тэгээд элч нар Саулын Гибеа уруу ирж, тэндхийн бүх хүний сонорт энэ үгсийг дуулгасанд ард олон бүгд дуугаа өндөрсгөн уйлалдав.
11|2467703|2668050|Тэгэхэд Саул үхрээ туун талбайгаас буцаж ирж байв.Саул
12|2695788|2926520|Хүмүүс юунд уйлалдаад байна вэ гэсэнд тэд Иабешийн хүмүүсийн үгсийг түүнд хэлж өгөв.
13|2949804|3240600|Энэ үгсийг сонсоод Бурханы Сүнс Саулын дээр бууж, түүний уур хилэн ихэд дүрэлзэв.
14|3264502|3841859|Тэр хос буулгатай үхрүүдийг авч цавчин хуваагаад, элч нарын гараар Израилийн нутаг дэвсгэр даяар илгээж Саул болон Самуелын араас үл дагагчийн үхэр үүнтэй адил болно гэж хэлүүлэв.
15|3869113|4065358|Ард олныг ЭЗЭНээс эмээхүй нөмөрсөнд тэд нэгэн хүн мэт ирцгээв.
16|4092171|4414145|Саул тэднийг Безект тоолов. Израилийн хөвгүүд гурван зуун мянга, Иудагийн эрчүүд гучин мянга байв.
17|4437562|4504726|Тэд ирсэн элч нарт
18|4529070|4887514|Иабеш-гилеадын хүмүүст Маргааш нар хурцаар шарж эхлэхэд та нарт аврал тусламж очих болно гэж хэлэгтүн гэв.
19|4910446|5178398|Тийнхүү элч нар буцаж ирэн Иабешийн хүмүүст мэдэгдэхэд тэд баярлав.  Тэгээд Иабешийн эрс
20|5199478|5417464|Маргааш бид та нар уруу гарч очно. Та бидэнд тааллаараа л үйлдэгтүн гэв.
21|5443218|5627556|Дараа нь өдөр Саул хүмүүсээ гурван анги болгон хуваав.
22|5650400|5965759|Өглөөний харуулын үеэр тэд хуарангийн голд цөмрөн орж, өдрийн халуу шатах хүртэл аммончуудыг хядав.
23|5989044|6191948|Амьд үлдсэн хүмүүс нь бутран тарж, нэг дор хоёр хүн хамт үлдсэнгүй.
24|6216247|6300126|Тэгэхэд ард олон Самуелд
25|6324821|6475467|Саул бидний хаан болох юм уу гэж хэлсэн хүн хэн бэ
26|6497473|6954305|Тэр хүмүүсийг нааш нь өг! Бид тэднийг алах болно гэлцэв.  Гэвч Саул Өнөөдөр хүн алж болохгүй. Учир нь өнөөдөр ЭЗЭН, Израильд авралыг өгсөн гэв.
27|6978163|7055470|Тэгээд Самуел ард олонд
28|7081401|7340004|Явцгаая, Гилгал өөд өгсөцгөөе. Тэнд очин хаанчлалыг шинэчилцгээе гэлээ.
29|7359981|8023377|Тийнхүү бүх ард түмэн Гилгал уруу явж, тэнд ЭЗЭНий өмнө тэд Саулыг хаан болгов. Тэд бас ЭЗЭНий өмнө эвийн тахилуудыг нядалж, тэнд Саул болон Израилийн бүх хүн асар ихээр баярлацгаав.
