verse|start|end|sentence
1|89478|683770|арван наймдугаар бүлэг Ионатан Давидтай гэрээ хийв Давид Саултай ярилцаж дуусахад Ионатаны зүрх түүнийхтэй нэгдэн Давидыг Ионатан амь шигээ хайрлалаа.
2|724342|931215|Саул тэр өдөр Давидыг эцгийнх нь гэрт буцаалгүй үлдээсэн билээ.
3|954676|1191405|Давидыг Ионатан амь шигээ хайрласан тул Давидтай гэрээ байгуулав.
4|1219320|1900048|Ионатан өмсөж байсан гадуур дээлээ тайлж, өөрийн хуяг дуулга илд, нум сум, бүсний хамт Давидад өгөв. Ийнхүү Давид Саулын илгээсэн газар бүрд явж ялалт байгуулсанд Саул түүнийг дайчдынхаа ахлагч болгов.
5|1927302|2176070|Энэ нь бүх ард түмний болон Саулын зарц нарын нүднээ тааламжтай байлаа.
6|2202662|2516257|Давид өнөөх филист хүнийг устгаад, бүгдээрээ буцаж ирэхэд эмэгтэйчүүд Израилийн бүх хотуудаас гарч ирэн
7|2539983|3124793|хэнгэрэг болон хөгжмийн зэмсэг барин, дуу дуулан бүжиглэж, хөл хөөрцөг болон Саул хааныг угтав.  Эмэгтэйчүүд тоглон Саул мянгыг, Давид түмийг алав гэж дуулалдав.
8|3146005|3351379|Тэгэхэд энэ үг Саулын дургүйг хүргэсэн тул тэр ихэд уурлан
9|3374708|3536996|Тэд Давидад түмийг хамааруулж, надад мянгыг өгөв.
10|3560237|3709780|Одоо түүнд хаанчлал л дутуу байх шив! гэжээ.
11|3733329|3945627|Саул тэр өдрөөс хойш Давидыг нүд үзүүрлэх болов.
12|3975747|4112898|Саул Давидыг алахыг завдав
13|4141298|4460979|Дараа өдөр нь Бурханаас ирсэн муу сүнс Саул уруу хүчтэй дайрч, гэр дотор нь түүнийг огшоов.
14|4485014|4644347|Давид урьдын адил ятгаа гартаа авч тоглож байв.
15|4669440|4759139|Саулын гарт жад байлаа.
16|4783747|4954370|Саул Давидыг хананд хадъя гэж бодоод жадыг шидэв.
17|4979507|5121685|Гэтэл Давид түүнээс хоёр удаа бултан зайлав.
18|5146117|5420331|ЭЗЭН өөрөөс нь салж, Давидтай хамт байгааг харсан Саул Давидаас айж байлаа.
19|5446482|5856039|Тиймээс Саул Давидаас дөлж, түүнийг өөрөөсөө холдуулж, мянгатын даргаар томилов. Давид хүмүүсийн тэргүүнд удирдан гарч ордог байв.
20|5880911|6129944|ЭЗЭН, Давидтай хамт байсан учир тэр бүх юманд агуу амжилтыг олж байв.
21|6158432|6407465|Давид агуу их амжилт олж буйг үзээд Саул түүнээс маш их жийрхэж байлаа.
22|6431279|6607062|Харин бүх Израиль болон Иуда Давидыг хайрлав.
23|6628803|6853051|Учир нь тэр тэдний тэргүүнд удирдан гарч явдаг бас ирдэг байв.
24|6876557|6979177|Давид Михалтай гэрлэв
25|7004314|7637326|Тэгээд Саул, Давидад Хар, энэ миний том охин Мераб байна. Түүнийг чамд эхнэр болгон өгье. Зөвхөн миний төлөө гэсэн зоригт эр байж, ЭЗЭНий тулалдаанд тулалдагтун гэж хэлэв. Учир нь Саул
26|7660919|7911451|Миний гар бус, харин филистчүүдийн гар Давидын эсрэг байг гэж санасан ажээ.
27|7935001|8013102|Гэвч Давид, Саулд
28|8040753|8427642|Би хэн болж, миний ахан дүүс, миний эцгийн гэр бүл ч Израильд юу болсон болоод би хааны хүргэн болох билээ гэж хэлэв.
29|8461422|9176151|Харин Саулын охин Мерабыг Давидад өгөх цаг болоход түүнд бус мехолат хүн Адриелд эхнэр болгон өгсөн ажээ.  Саулын охин Михал Давидад хайртай болсныг Саулд мэдэгдэхэд Саул түүнийг ойшоов.
30|9211034|9242301|Саул
31|9270525|9584076|Давидад Михал урхи болог. Филистчүүдийн гарыг түүний эсрэг болгохын тулд Михалыг түүнд өгье гэж бодов.
32|9605465|9734193|Тийм учраас Саул хоёр дахь удаагаа Давидад
33|9760388|9993280|Өнөөдөр чи миний хүргэн болж болно гэв.  Тэгээд Саул зарц нартаа тушаан
34|10018726|10529183|Давидад нууцаар ингэж хэл. Харагтун. Хаан таныг таалж, түүний зарц нар нь ч бүгд таныг хайрлаж байна. Тиймээс хааны хүргэн бологтун гэж ятга хэмээв.
35|10555599|10780862|Ийнхүү Саулын зарц нар эдгээр үгсийг Давидад дуулгав. Давид харин
36|10804367|11083961|Хааны хүргэн болно гэдэг та нарын хувьд хямдхан хэрэг үү Би бол нэргүй дорой хүн гэв.
37|11111127|11340491|Саулын зарц нар Давидын хэлсэн эдгээр үгсийг Саулд мэдүүлсэнд Саул
38|11366466|11462913|Та нар Давидад ийнхүү хэлэгтүн.
39|11488623|11905456|Хаан дайснаасаа өшөөгөө авахын тулд зуун филист хүний тээрхийн арьснаас өөр илүү юу ч инж болгон авахыг хүсэхгүй байна гэж хэл гэв.
40|11930240|12111844|Саул Давидыг филистчүүдийн гараар хорлуулахыг санаархаж байв.
41|12136364|12377106|Саулын зарц нар эдгээр үгсийг Давидад хэлэхэд, хааны хүргэн болох нь түүнд таалагдав.
42|12402639|12716323|Тогтоосон өдрүүд дуусахаас өмнө  Давид босож, хүмүүстэйгээ явж, филистчүүдээс хоёр зуун хүнийг цохиж алав.
43|12740401|13052012|Давид тэдний тээрхийн арьсыг авчирч, хааны хүргэн болохын тулд тэдгээрийг тоо ёсоор нь хаанд өгөв.
44|13077414|13291960|Ийнхүү Саул охин Михалаа Давидад эхнэр болгон өгчээ.
45|13317847|13911080|ЭЗЭН, Давидтай хамт байгааг мэдээд мөн өөрийнх нь охин Михал Давидад хайртайг Саул харан  Давидаас улам их айж, ийнхүү Саул Давидын үргэлжийн өстөн дайсан болжээ.
46|13935732|14481205|Филистчүүдийн жанжингууд дайран ирэх бүрд тэдэнтэй дайтахаар гарсан Саулын бүх зарц нараас илүү амжилтыг Давид олдог байснаас түүний нэр улам илүү алдаршив.
