verse|start|end|sentence
1|86965|153864|долоодугаар бүлэг
2|186278|987310|КириатИеаримын хүмүүс ирээд, ЭЗЭНий авдрыг өргөн авч, толгод дээр байдаг Абинадабын гэрт авчран ЭЗЭНий авдрыг хамгаалуулахаар түүний хүү Елеазарыг ариусгасан билээ. Авдар Кириат-Иеаримд үлдсэн өдрөөс хойш удаан хугацаа өнгөрч, хорин жил болов.
3|1011124|1292041|Израилийн бүх гэр ЭЗЭНий араас санагалзан уйлалдлаа. Шүүгч Самуел
4|1315282|2460339|Тэр үед Самуел Израилийн бүх гэртэй ярин Хэрэв та нар бүх зүрхээрээ ЭЗЭНд эргэн хандаж байгаа бол та нар харийн бурхад болон Ашторэтыг дундаасаа зайлуул Зүрхээ ЭЗЭНд зориулж, зөвхөн Түүнд л үйлчил ЭЗЭН та нарыг филистчүүдийн гараас аврах болно гэв.  Тийнхүү Израилийн хөвгүүд Баалууд болон Ашторэтыг зайлуулан зөвхөн ЭЗЭНд үйлчлэв.
5|2483315|3078091|Тэгэхэд Самуел Бүх Израилийг Мизпад цуглуулагтун Би та нарын төлөө ЭЗЭНд залбирна гэв.  Тэд Мизпад цугларч, ус татаж, ЭЗЭНий өмнө асган тэр өдөр мацаг барьж
6|3101597|3255197|Бид ЭЗЭНий эсрэг нүгэл үйлдсэн билээ гэв.
8|5691678|6008889|Израилийн эрчүүд Мизпагаас гарч филистчүүдийг мөшгөн хөөсөөр Бет-карын бэл хүртэл тэднийг цохив.
9|6029616|6505587|Тэгээд Самуел нэг чулуу авч, Мизпа Шен хоёрын хооронд тавиад, түүнийг Ебенезер гэж нэрлэн дуудаж ЭЗЭН бидэнд энэ газар хүртэл туслав гэжээ.
10|6526182|7369551|Ийнхүү филистчүүд доройтож, Израилийн нутаг дэвсгэрт дахин халдаж ирсэнгүй. Самуелын бүх өдрүүдэд ЭЗЭНий мутар филистчүүдийн эсрэг байв.  Филистчүүдийн Израилиас булааж авсан Екроноос Гат хүртэлх хотуудыг Израиль эргүүлэн авав.
11|7389660|7795865|Израиль филистчүүдийн гараас тэр нутаг дэвсгэрээ чөлөөллөө. Тийнхүү Израиль болон аморичуудын хооронд энх тайван оршив.
12|7818621|8653257|Самуел амьдралынхаа бүх өдрүүдийн турш Израилийг захирчээ.  Тэрээр жилийн жилд Бетел, Гилгал, Мизпагаар тойрон явж, эдгээр бүх газруудад Израилийг шүүв. Рамад гэр нь байсан тул тэрээр Рама уруу буцдаг байсан ба тэрээр тэнд Израилийг шүүдэг байв.
13|8679100|8835038|Тэр мөн тэнд ЭЗЭНд тахилын ширээ босгов.
