verse|start|end|sentence
1|91110|146323|тавдугаар бүлэг
2|169520|288237|Филистчүүд ба Бурханы авдар
3|314741|817040|Филистчүүд Бурханы авдрыг булаан аваад, түүнийг Ебенезерээс Ашдод уруу авчрав.  Филистчүүд Бурханы авдрыг булаагаад, Дагоны дуганд авчран Дагоны дэргэд тавив.
5|2723395|2817769|Ашдодын хүмүүс үүнийг үзээд
6|2846169|3266442|Израилийн Бурханы авдар бидний дунд байж болохгүй. Тэр Бурханы мутар бид болон бидний бурхан Дагон дээр хүнд дарсан билээ гэцгээв.
7|3292506|3472919|Тэгээд тэд хүмүүсийг явуулж, Филистийн бүх ноёдыг цуглуулан
8|3502863|3663783|Израилийн Бурханы авдрыг бид яах вэ? гэв. Тэд хариулан
9|3684731|3829247|Израилийн Бурханы авдрыг Гатад аваачъя гэв.
10|3850767|3964634|Тэгээд Израилийн Бурханы авдрыг аваачлаа.
11|3985096|5226335|Түүнийг Гатад аваачсаны дараа Бурханы мутар энэ хотын эсрэг асар их үймээн самуун авчрав. Бурхан, булдруут өвчин тархаан хотын хүмүүсийг их, бага гэлгүй бүгдийг цохив.  Тиймээс тэд Бурханы авдрыг Екрон уруу илгээв. Бурханы авдар Екронд хүрч ирсэнд екрончууд бархиран хашхиралдаж Тэд биднийг болон манай ард олныг үхүүлэхийн тулд Израилийн Бурханы авдрыг бидэн уруу авчирлаа гэцгээв.
12|5249090|6412051|Тиймээс тэд хүмүүсийг илгээж, Филистийн хамаг ноёдыг цуглуулан Биднийг болон манай ард олныг үхүүлэхгүйн тулд Израилийн Бурханы авдрыг байсан газарт нь буцаа гэж шаардав. Учир нь хот даяар үхлийн үймээн самуун болж, Бурханы мутар тэнд маш хүндээр дарж байв.  Үхээгүй хүмүүс нь булдруу өвчинд нэрвэгдэж, хотын гаслах дуун тэнгэрт хадаж байв.
