verse|start|end|sentence
1|90404|163522|хорин наймдугаар бүлэг
2|189012|455597|Тэр үед филистчүүд Израилийн эсрэг тулалдахаар цэргүүдээ цуглуулав. Ахиш, Давидад
3|482718|808573|Чи болон чиний хүмүүс надтай хамт тулалдаанд явна гэдгийг сайтар мэдэгтүн! гэж хэлэв.  Давид, Ахишт
4|836224|1138000|Их сайн байна. Таны боол юу хийж чадахыг та мэдэх болно гэв. Тэгэхэд Ахиш, Давидад
5|1164151|1377595|Сайн байна. Би чамайг бүх насаар чинь өөрийн бие хамгаалагчаар томиллоо
6|1402115|1510513|Сүнс дуудагч дээр Саул очив
7|1536973|1935152|Самуел харин өөд болсонд бүх Израиль даяар түүний төлөө гашуудаж, түүнийг өөрийнх нь хот болох Рамад хөдөөлүүлэв.
8|1960068|2160944|Саул сүнс дуудагчид ба мэргэч төлгөч нарыг өөрийн нутгаас хөөв.
9|2189124|2537205|Филистчүүд цуглан ирж, Шунемд хуарагнасанд Саул бүх Израилийг цуглуулан Гилбоад хуарагнан буужээ.
10|2562606|2794352|Филистчүүдийн хуаранг Саул үзээд ихэд айж зүрх нь үлэмж цочирдов.
11|2816534|3122500|Саул ЭЗЭНээс асуусанд ЭЗЭН түүнд зүүдээр ч, Уримээр ч, эш үзүүлэгчээр ч хариу өгсөнгүй.
12|3151562|3243158|Тэгэхэд Саул зарц нартаа
13|3263752|3524824|Надад сүнс дуудагч эмийг эрж ологтун. Би түүнд очиж тэр эмээс асууя гэв.
14|3547800|3624314|Зарц нар нь Саулд
15|3645394|4029593|Ендорт нэгэн тийм эм бий гэлээ.  Саул хувцсаа сольж зүсээ хувиргаад, хоёр хүнийг дагуулан тэр эм дээр шөнөөр очив.
16|4053363|4347598|Тэр Надад мэргэлж, миний нэрлэх хүнийг дуудаж өгөгтүн гэв.  Гэтэл тэр эм түүнд
17|4368590|4657004|Саул энэ нутгаас сүнс дуудагчид ба мэргэч төлгөч нарыг устгасныг мөн хэрхсэнийг чи мэднэ.
18|4680200|5267700|Тийн атал чи миний аминд юунд урхи тавьж, намайг үхүүлэх гэв гэж загнав.  Саул тэр эмд ЭЗЭНээр тангараглан ЭЗЭН амьд Үүнээс болж чамд ямар ч шийтгэл ногдохгүй гэж хэлэв.
19|5288516|5331557|Тэгэхэд тэр эм
20|5358370|5848983|Би хэнийг дуудаж өгөх вэ гэсэнд Саул Надад Самуелыг дуудаж өгөөч гэв.Тэр эм Самуелыг үзэнгүүтээ чанга дуугаар хашхирав.Тэгээд тэр эм, Саулд
21|5870195|6363497|Та юунд намайг мэхлэв Та Саул байна гэв.  Хаан, тэр эмд Бүү айгтун. Харин чи юу харж байна вэ гэв. Тэр эм, Саулд
22|6387708|6543161|Бурханлаг нэгэн нь газраас гарч ирэхийг би харж байна гэв.
23|6564726|6637182|Саул тэр эмээс
24|6657115|7229092|Түүний дүр төрх нь ямар вэ гэсэнд тэр эм Настай хүн гарч ирж байна. Тэр дээлтэй юм гэв. Тэр нь Самуел байсныг Саул мэдээд нүүр газарт доор бөхийн мөргөв.
25|7253215|7322981|Самуел, Саулд
26|7344502|8095128|Юунд та намайг дуудаж, надад төвөг болов гэхэд Саул хариулан Би маш их зовж байна. Филистчүүд намайг дайрахаар ирж байхад Бурхан надаас салсан бөгөөд эш үзүүлэгчдээр ч, зүүдээр ч надад хариу өгөхгүй байна.
28|10725120|11323027|Өнөөх эм Саул уруу ирж, Саулыг ихэд айсан байхыг хараад, түүнд Харагтун, таны хэлсэн үгийг сонсоод шивэгчин тань өөрийн амиар дэнчин тавьж таны дуугарсан бүгдэд дуулгавартай хандав.
29|11345033|11820916|Тиймээс одоо та шивэгчнийхээ үгийг ч гэсэн сонсогтун. Таны өмнө зүсэм талх тавихыг зөвшөөрөөч. Үүнийг идэж хүч ороод буцах замдаа гарна уу гэв.
30|11845260|12031053|Харин Саул үүнээс татгалзан Би идэхгүй гэв.
31|12051339|12318541|Гэвч түүний зарц нар өнөөх эмэгтэйн хамт түүнийг ятгасанд Саул тэдний үгийг сонсов.
32|12342178|12481490|Тэрээр газраас босож дэвсгэр дээр суулаа.
33|12502350|12676500|Тэр эмэгтэйн гэрт тарган тугал байсанд түүнийг яаран нядлав.
34|12698947|12840641|Тэр эмэгтэй гурил зууран исгээгүй талх барив.
35|12862382|13050027|Тэр үүнийг Саул болон түүний зарц нарын өмнө тавьсанд тэд идэв.
36|13084205|13183827|Тэр орой тэд босож явлаа.
