verse|start|end|sentence
1|89258|306891|гуравдугаар бүлэг Самуелын дуудлага ба үйлчлэл
2|341775|525672|Балчир хөвгүүн Самуел, Елигийн дор ЭЗЭНд үйлчилж байв.
3|547148|1868384|Тэр өдрүүдэд ЭЗЭНий үг ховор, үзэгдлүүд ч цөөн байв.  Нүд нь муудаж эхэлсэн бөгөөд сайн харж чадахгүй болсон Ели өөрийнхөө газарт хэвтэж байх тэр цагт  Бурханы дэнлүү хараахан унтраагүй байсан агаад Бурханы авдар орших ЭЗЭНий сүмд Самуел хэвтэж байв.  ЭЗЭН, Самуелыг дуудахад Би энд байна гэж тэр хэлэв.  Тэгээд тэр Ели уруу гүйж очин Та намайг дуудсан тул би энд байна гэв. Харин Ели
4|1889949|2696494|Би дуудаагүй, буцаад хэвт гэсэнд Самуел яваад хэвтэв. ЭЗЭН дахин Самуел гэж дуудав. Тиймээс Самуел босож, Ели уруу очин Та намайг дуудсан тул би энд байна гэв. Гэвч Ели Би дуудаагүй. Хүү минь, буцаад хэвт гэв.
5|2717442|3562133|Самуел ЭЗЭНийг хараахан мэддэггүй, ЭЗЭНий үг ч түүнд илэрхийлэгдээгүй байжээ.  ЭЗЭН гурав дахь удаа Самуелыг дахин дуудахад Самуел босож, Ели уруу очин Та намайг дуудсан учир би энд байна гэв. Тэгэхэд Ели балчир хөвгүүнийг ЭЗЭН дуудаж байжээ гэдгийг ажиж мэдэв.
6|3582463|4215651|Тиймээс Ели Самуелд Яв, хэвтэж амар. Хэрэв Тэр чамайг дуудвал чи ЭЗЭН минь, айлдаж хайрла. Боол тань сонсож байна гэж хариул гэв. Ингээд Самуел явж, байрандаа хэвтэв.
7|4237172|4596498|Тэгэхэд нь ЭЗЭН ирж, дэргэд нь зогсоод, урьдын адил Самуел аа, Самуел аа гэж дуудав. Самуел
9|6997479|7503659|Тэгэхэд нь Ели, Самуелыг дуудаж Миний хүү, Самуел аа гэв. Самуел Би энд байна гэлээ.  Ели Чамд айлдсан үг нь юу вэ Надаас юу ч бүү нуу.
10|7529722|7881419|Хэрэв чи Түүний чамд хэлсэн бүх үгнээс аль нэгийг нь нуувал, Бурхан чамд ийн үйлдэж, тийн нэмэг гэв.
11|7912201|8128556|Тэгэхэд Самуел юу ч нуулгүй үг бүрийг түүнд мэдүүлэв. Тэгээд Ели
12|8149944|8384071|Тэр ЭЗЭН мөн. Мэлмийдээ юу тааламжтай гэснээ Тэр үйлдэг гэв.
13|8420806|9347700|Самуелыг өсөж торниход ЭЗЭН түүнтэй хамт байж, түүний үгнээс нэг нь ч хөсөр хаягдсангүй.  Самуелыг ЭЗЭНий эш үзүүлэгч мөн болохыг Данаас Беершеба хүртэлх Израиль даяар мэдэв.  ЭЗЭН, Шилод үзэгдэж байсан бөгөөд Шилод Өөрийнхөө үгээр Өөрийгөө Самуелд илчилсэн юм.
