verse|start|end|sentence
1|87714|154350|хорин нэгдүгээр бүлэг
2|175562|265746|Давид ба тавиг талх
3|294676|439059|Давид Нобт, тахилч Ахимелех уруу очив.
4|459963|644301|Ахимелех цочирдон дагжсаар Давидыг угтан очиж, түүнд
5|669173|1518098|Яагаад та хэнтэй ч биш, ганцаараа явж байна вэ гэж асуув.  Давид, тахилч Ахимелехт Хаан нэг хэргийг тушааж, Чамайг илгээж, чамд тушаах зүйлийг нэг ч хүнд мэдүүлж болохгүй гэсэн тул залуустайгаа өөр нэгэн газарт уулзахаар болзсон гээд  одоо чиний гарт юу байна вэ
6|1541559|2172807|Таван талх ч хамаагүй, юу байгаагаа надад өгөөч гэв.  Тахилч, Давидад Миний гарт жирийн талх алга. Гэсэн ч тавиг талх бий бөгөөд зөвхөн эмэгтэйчүүдтэй хавьтаагүй эрчүүд идэж болох юм гэж хариулав.
7|2193622|2262815|Давид тахилч нарт
8|2291083|3350585|Намайг гарснаас хойш өдий хүртэл манайхан хоёр гурав хоног эмэгтэйчүүдийг цээрлэж ирсэн бөгөөд хэдийгээр энэ жирийн аялал боловч хүмүүсийн бие нь бузартаагүй. Өнөөдөр бүр ч илүү болох бус уу гэж хариу хэлэв.  Тиймд тахилч түүнд ариусгаснаас өгөв. Учир нь халуун талх тавихаар, ЭЗЭНий өмнөөс салгаж авсан тавиг талхнаас өөр талх түүнд байсангүй.
9|3374002|3854781|Тэр өдөр Саулын зарц нарын нэг нь тэнд ЭЗЭНий өмнө саатан үлдсэн байв. Түүний нэрийг Доег гэдэг байсан бөгөөд тэр Саулын хоньчдын ахлагч, едом хүн байв.
10|3875199|3949375|Давид Ахимелехт
11|3969705|4427463|Энд чиний гарт жад, илд байхгүй юм уу Би өөрийн илдээ ч, зэр зэвсгээ ч гартаа барьж ирсэнгүй. Учир нь хааны тушаал яаралтай байв гэлээ.
12|4447926|5347874|Тэгэхэд тахилч Үзэгтүн, Елагийн хөндийд чиний алсан филист хүн Голиатын илд нь ефодын ард даавуунд ороолттой байгаа. Хэрэв хүсвэл түүнийг өөртөө авагтун. Энд түүнээс өөр юм байхгүй гэж хэлэв. Давид Тийм илдийг хаанаас ч олохгүй. Надад өгөгтүн гэв.
13|5379582|5484187|Давид Гат уруу зугтав
14|5518365|6357941|Дараа нь Давид босож, тэр өдөр Саулаас зугтан Гатын хаан Ахиш уруу очив.  Гэтэл зарц нар нь Ахишт Энэ хүн тэр нутгийн хаан Давид гэдэг нь биш үү Тэд түүний тухай Саул мянгыг, Давид түмийг алав гэж дуулж бүжиглэдэг бус уу гэцгээв.
15|6378138|7134057|Давид энэ үгийг зүрхэндээ хүлээн авч, Гатын хаан Ахишаас ихэд айж эмээв.  Ийнхүү Давид тэдний өмнө эрүүл саруул ухаантайгаа нуун галзуу солиотой юм шиг байж, хаалганы самбар дээр юм сараачин, сахал уруугаа шүлсээ гоожуулав.
16|7160164|7927327|Тэгэхэд Ахиш зарц нартаа Та нарын харж байгаа энэ хүн галзуу солиотой юм шиг байна. Юунд та нар түүнийг над уруу авчрав Би галзуу солиотой хүнээр дутлаа гээд та нар миний өмнө энэ нэг юмыг үзүүлэхээр авчрав уу Үүнийг миний гэрт оруулах гээ юү гэж хэлэв.
