verse|start|end|sentence
1|87935|323208|гучдугаар бүлэг Зиклагийг сүйрүүлсэнд Давид өсөрхөв
3|2053251|2465807|Давидын хоёр эхнэр болох иезреел эмэгтэй Ахиноам мөн Набалын эхнэр байсан кармел эмэгтэй Абигаил нарыг ч олзлон явсан байв.
4|2486402|2996903|Түүнээс гадна ард олон бүгд өөр өөрсдийн хөвгүүд охидынхоо төлөө сэтгэл гашуудсанаас болж, Давид уруу чулуу шидэж, алахаар ярилцаж байсан учраас Давид ихэд шаналав.
5|3018689|3401962|Гэвч Давид өөрийн Бурхан ЭЗЭНээр өөрийгөө зоригжуулав.  Дараа нь Давид, Ахимелехийн хөвгүүн тахилч Абиатарт хандан
6|3423703|3648701|Ефод авч ирэгтүн гэж гуйсанд Абиатар, Давидад ефодыг авчирч өгөв.
7|3670134|3757055|Давид, ЭЗЭНээс лавлан
8|3781442|4133493|Эдгээр дээрэмчдийн бүлгийг би мөрдөх үү Би тэднийг хөөж гүйцэх үү гэж асуухад ЭЗЭН түүнд Мөрдөгтүн
9|4156248|4396770|чи тэднийг хөөж гүйцэх нь ч баттай, бүхнийг аврах нь ч лавтай гэж хариулав.
10|4418467|4703132|Тэгээд Давид зургаан зуун хүний хамт явж, Бесорын хөндийд хүрч ирэхэд зарим нь тэнд үлдэв.
12|6207912|6560139|Би египет залуу бөгөөд амалек хүний зарц юм. Би гурав хоногийн өмнө өвчин тусахад эзэн маань намайг орхиж явсан юм.
13|6581263|7242278|Бид керетчүүдийн Негев, Иудад харьяалагдах газар болон Калебын Негев уруу довтлон тонож, Зиклагийг галдан шатаасан юм гэж хэлэв.  Тэгэхэд Давид түүнд Тэдгээр дээрэмчдийн бүлэг уруу чи газарчилж чадах уу гэж асуухад
14|7263578|7747532|Намайг алахгүй, эсвэл миний эзний гарт өгөхгүй гэдгээ Бурханаар надад тангараглагтун. Тэгвэл би таныг тэдгээр дээрэмчдийн бүлэг уруу аваачиж өгье гэж хариулав.
15|7769934|8838477|Тэр Давидыг аваачихад, харагтун, амалекчууд газраар нэг тархаж, филистчүүдийн болон Иудагийн газраас олзлон авсан асар их зүйлсээс болж идэж уун бүжиглэлдэж байлаа.  Давид үүрийн гэгээнээс дараа өдрийн орой нь хүртэл тэднийг хядав. Тэмээ унаж зугтсан дөрвөн зуун залуугаас өөр тэдний нэг ч хүн зугтаж чадсангүй.
16|8858367|10126065|Ийнхүү амалекчуудад булаалгасан бүх зүйлээ Давид эргүүлэн авч, алдсан хоёр эхнэрээ ч бас авран чөлөөлжээ.  Тэдний зүйлсээс жижиг ч, том ч, хөвгүүд ч, охид ч, олзлуулсан юмс ч, тэдэнд булаалгасан зүйлсийн нэг нь ч алдагдсангүй. Давид тэр бүхнийг буцааж авав.  Ийнхүү Давид бүх хонь, үхрийг олзолж авлаа. Эдгээрийг тэд сүргийнхээ эхэнд тууж Энэ Давидын олз гэж өгүүлэлдэв.
17|10145954|10596436|Давидыг дагаж чадахгүй болтлоо туйлдаад Бесор горхины дэргэд үлдсэн хоёр зуун хүн дээр эргэн хүрч ирэхэд тэд Давидыг болон түүний хүмүүсийг угтахаар гарч ирэв.
18|10616986|11324174|Давид тэдгээр хүмүүст ойртон очиж, тэдэнтэй мэндчилэв.  Тэр үед Давидтай хамт явсан хүмүүсийн дотроос атгаг санаатай, үл бүтэх хүмүүс ам амандаа Тэд бидэнтэй хамт яваагүй учир зөвхөн өөрсдийнхөө эхнэр хүүхдийг л авч яваг.
