verse|start|end|sentence
1|90890|164448|арван дөрөвдүгээр бүлэг
2|194833|370395|Тэр өдөр Саулын хөвгүүн Ионатан зэвсэг үүрэгч залуудаа
3|400604|810293|Явцгаая, нөгөө талд байгаа филистчүүдийн харуулын анги уруу гатлан очъё гэж хэлэв. Харин Ионатан үүнийг эцэгтээ мэдэгдсэнгүй.
4|840898|1254424|Саул Гибеагийн зах газар Мигрон дахь анар модны дор сууж байв.Ард олноос түүнтэй хамт зургаан зуу орчим хүн байлаа.
5|1288028|1668170|Шило дахь ЭЗЭНий тахилч байсан Елигийн гуч, Финехасын ач, Ихабодын ах Ахитубын хөвгүүн Ахиа ефод зүүж байв.
6|1698511|2459942|Ионатаны явсныг хүмүүс мэдээгүй байлаа.  Филистчүүдийн цэргийн харуулын анги уруу Ионатаны гатлан очих гэсэн гармын нэг талд нь эгц хадан хавцал мөн нөгөө талд нь ч эгц хадан хавцал байсан ба нэг талыг нь Бозез, нөгөө талыг Сене гэдэг байжээ.
7|2490988|2795851|Нэг тал нь Михмашийн харалдаа хойд зүгт, нөгөө талын хавцал нь Гебагийн харалдаа өмнөд зүгт байв.
8|2825663|3163160| Ионатан өөрийн зэвсэг үүрэгч залуудаа Явцгаая. Эдгээр хозлуулаагүй хүмүүсийн цэргийн харуулын анги уруу гатлан очъё.
9|3183226|3547580|ЭЗЭН бидний төлөө ажиллаж магадгүй. Олон хүнээр ч, цөөн хүнээр ч аврахад ЭЗЭНд саад болох зүйл үгүй гэж хэлэв.
10|3578185|3641116|Зэвсэг үүрэгч нь түүнд
11|3668767|4016142|Зүрхэн дэх бүхнээ үйлдэгтүн. Үзтүгэй, таны зүрхний хүслээр тантай би хамт байна гэв.  Тэгэхэд Ионатан
12|4057288|4636056|Харагтун, бид тэр хүмүүс уруу гатлан очиж, тэдэнд өөрсдийгөө илчилнэ.  Хэрэв тэд бидэнд Бид та нар уруу хүрч очтол бүү хөдлөгтүн”гэж хэлбэл, бид байсан газартаа байж, тэдэн дээр өгсөж очихгүй.
13|4665427|5095402|Харин тэд “Бидэн дээр ирэгтүн гэвэл, бид өгсөн очъё. ЭЗЭН тэднийг бидний гарт өгсөн билээ. Энэ нь бидэнд тэмдэг болог гэж хэлэв.
14|5119657|5567051|Тэр хоёр филистчүүдийн цэргийн харуулын ангийн өмнө өөрсдийгөө илчлэхэд филистчүүд Харагтун. Еврейчүүд нуугдаж байсан нүхнүүдээсээ гарч ирж байна гэв.
15|5594085|6062559|Тэгээд харуулын эрчүүд Ионатан ба түүний зэвсэг үүрэгч нарын хариуд Бидэн дээр ирэгтүн. Бид та нарт нэг юм заажю өгье гэв. Ионатан зэвсэг үүрэгчдээ
16|6089151|6293819|Намайг дагаад явагтун. Учир нь ЭЗЭН тэднийг Израилийн гарт өгөв гэв.
17|6320191|6859225|Тэгээд Ионатан хөл гараараа авирч, түүний зэвсэг үүрэгчид араас нь дагав. Филистчүүд Ионатаны өмнө унаж, зэвсэг үүрэгчид нь ч мөн түүний араас заримыг нь алав.
18|6885156|7845742|Эхний дайралтаараа Ионатан зэвсэг үүрэгчтэйгээ хамт акр шангийн хагас хэрийн талбайд хорин хүнийг алав.  Хуаранд ч, хээр талд ч, бүх хүмүүсийн дунд айдас нөмрөв. Харуулын анги ба довтлогч цэргүүд айн цочирдов. Тэгэхэд газар доргиж Бурханы аюумшиг бий болов.
19|7871938|8315363|Харагтун, нааш цааш оволзон шаагилдсан хөл үймээнийг Бениамины Гибеад байгаа Саулын харуулууд харав.  Саул хамт байсан хүмүүстээ
20|8345748|8852942|Тоогоо авагтун. Бидний дундаас хэн гарч явсныг хар гэж хэлэв. Тэгээд жагстал, харагтун, Ионатан болон түүний зэвсэг үүрэгч алга байжээ.  Саул Ахиад
21|8876227|8993313|Бурханы авдрыг энд авчрагтун гэв.
22|9021933|9187132|Тэр үед Бурханы авдар Израилийн хөвгүүдтэй байв.
23|9215532|9574065|Саулыг тахилчтай ярилцаж байх зуур филистчүүдийн цэргийн хуаран дахь үймээн үргэлжлэн улам ихсэв. Саул тахилчид
24|9603701|9940801|Гараа татагтун гэж хэлэв.Саул ба түүнтэй хамт байсан бүх хүмүүс нэгдэн цуглаж, тулалдааны талбар дээр очив.
25|9967349|10744391|Тэгтэл филист хүн бүр нэг нь нөгөөгийнхөө эсрэг илд зөрүүлж, тэнд маш их үймээн самуун болж байв.  Өмнө нь филистчүүдийн талд орж, тэдэнтэй хамт нэг хуаранд байсан зүг зүгийн еврей хүмүүс хүртэл Саул болон Ионатаны израильчуудтай хамтрахаар эргэцгээв.
26|10775305|11499736|Ефраимын ууланд нуугдаж байсан израиль хүмүүс ч филистчүүдийн зугтсаныг сонсоод бүгд тулалдаанд орж, филистчүүдийг гэзэг даран хөөв.  Ингээд тэр өдөр ЭЗЭН Израилийг аварч, тулалдаан БетАвенаас ч цааш үргэлжлэв.
27|11531532|11655056|Саулын бодлогогүй тангараг
28|11685132|12725804|Тэр өдөр Израилийн эрчүүд ихэд туйлдав. Учир нь Саул ард олноор андгайлуулан Оройноос өмнө, намайг дайснаасаа өшөө авах хүртэл хоол идсэн аливаа хүн хараагдах болтугай гэв. Тиймээс ард олноос хэн ч хоол амссангүй.  Нутгийн хүмүүс бүгдээрээ зөгийн бал цуглуулахаар ирцгээсэн ба тэнд газар сайгүй зөгийн бал байв.
29|12753764|13213683|Ард олон зөгийн үүр уруу очиход, харагтун, зөгийн бал дусагнаж байсан боловч нэг ч хүн гараа амандаа хийсэнгүй. Учир нь хүмүүс тангаргаас айж байв.
30|13241466|13438504|Эцэг нь ард олныг тангараглуулсныг харин Ионатан сонсоогүй байжээ.
31|13461921|14258500|Тиймээс гартаа барьсан таягийн үзүүрийг зөгийн балын сархинагт дүрж, гараа амандаа хийхэд нүд нь гэрэлтэв.  Тэгэхэд хүмүүсийн нэг нь Таны эцэг ард олныг хатуу тангараглуулан Өнөөдөр хоол идсэн хүн хараагдах болтугай гэсэн билээ. Ийнхүү ард олон туйлдав гэлээ.
32|14284872|14475560|Тэгэхэд Ионатан Миний эцэг энэ улсын үйлийг нь үзжээ.
33|14503784|14736147|Би энэ зөгийн балаас жаахан амсахад миний нүд яаж гэрэлтэж байгааг хар даа.
34|14760755|15152054|нөөдөр хүмүүс дайснаас олж авсан олзноосоо дураараа идсэн байсан ч болоосой. Тэгвэл бүр ч олон филист алагдах байсан биш үү гэж хэлэв.
35|15179484|15514512|Тэд тэр өдөртөө филистчүүдийг Михмашаас Аиалон хүртэл цохив. Ард олон ихэд туйлдсан байв.
36|15540002|15897079|Хүмүүс олзны юмс уруу дайрч, хонь, үхэр, тугалыг барьж, газар дээр нядлан тэдгээрийг цустай нь идэв.  Тэгэхэд Саулд
37|15922746|16200046|Харагтун, хүмүүс цустай нь идсэнээрээ ЭЗЭНий эсрэг нүгэл үйлдэж байна гэж дуулгав. Саул
38|16223772|16653835|Та нар итгэл эвдлээ. Одоохон над уруу бул чулуу өнхрүүлж авчрагтун гэв.  Саул Ард олон дундуур таран явж, тэдэнд ийн хэлэгтүн
39|16680251|17098893|Та нар өөр өөрсдийн үхэр, хонийг над уруу авчирч, энд түүнийг нядалж идэгтүн. Цустай нь идэж ЭЗЭНий эсрэг нүгэл бүү үйлдэгтүн гэж хэл гэв.
40|17127954|17352953|Ийнхүү бүх хүмүүс тэр шөнө өөр өөрсдийн үхрийг авчирч, тэнд нядлав.
41|17382544|17544038|Саул ЭЗЭНд зориулан тахилын ширээ босгов.
42|17568337|17793203|Энэ нь түүний ЭЗЭНд зориулан босгосон анхны тахилын ширээ байлаа.
43|17824029|18960177|Ионатан үхлийн аюул дор Саул Шөнөдөө филистчүүдийг хөөн явцгааж, үүр цайтал тэднийг цөлмөж тэднээс нэг ч хүнийг бүү үлдээгтүн гэхэд тэд Та тааллаараа л бологтун гэв. Тиймээс тахилч Энд Бурханд ойртоцгооё гэв.  Саул, Бурханаас асуун Би филистчүүдийн араас явах уу Та тэднийг Израилийн гарт өгөх үү гэж лавлав.
44|18987122|19159774|Гэвч Бурхан тэр өдөр Саулд хариулсангүй.Саул
45|19186631|19315226|Ард олны бүх удирдагчид аа, энд ойртон ирэгтүн.
46|19335380|19869034|Өнөөдөр яагаад ингэсний бурууг мэдтүгэй, хартугай Израилийг авардаг Бурхан амьд Буруутан нь миний хөвгүүн Ионатан байлаа ч, тэр нь заавал үхэх ёстой гэв.
47|19898405|20109203|Гэтэл ард олны дотроос түүнд хариулах нэг ч хүн байсангүй.
48|20138485|20210941|Саул бүх Израильд
49|20232418|20836456|Та нар нэг талд зогсогтун. Би өөрийн хөвгүүн Ионатантай хамт нөгөө талд гаръя гэхэд ард олон Саулд Та тааллаараа л бол гэв.  Саул Израилийн Бурхан ЭЗЭНд
50|20868913|20981457|Буруутанг нь буулгаж өгөөч  гэв.
51|21010695|21168308|Ионатан Саул хоёр тунаж, ард олон мултрав.
52|21189917|21232562|Тэгээд Саул
53|21261139|21814594|Миний хөвгүүн Ионатан бид хоёрын дунд шавга хая гэхэд, Ионатан тунаж үлдэв.  Саул, Ионатанд Юу үйлдсэнээ надад хэлэгтүн гэхэд Ионатан түүнд
54|21847360|22770682|Би гартаа байсан таягийн үзүүр дэх жаахан зөгийн балыг зүгээр л амссан. Харагтун, одоо би үхэх ёстой гэв.  Саул Ионатан Чи гарцаагүй үхэх ёстой. Эс бөгөөс ЭЗЭН намайг ийн шийтгэг, бүр ч илүүг үйлдэг гэж хэлэв.  Гэвч ард олон Саулд
55|22791673|23067122|Энэ агуу их ялалтыг Израильд авчирсан Ионатан үхэх гэж үү Энэ нь хол байг. ЭЗЭН амьд
56|23092700|23243213|Түүний толгойн ганц ширхэг үс ч газарт үл унаг.
57|23269232|23479854|Учир нь тэр өнөөдөр Бурхантай хамт үүнийг үйлдэв гэлцэв.
58|23504594|23697399|Ийнхүү ард олон Ионатаныг суллан авч, тэр үхсэнгүй.
59|23718744|24032559|Саул филистчүүдийг мөрдөн хөөхөө зогсоож, филистчүүд өөрсдийн газар уруугаа явцгаав.
60|24069824|24174693|Саул дайнаа үргэлжлүүлэв
61|24207901|24895376|Саул Израилийн хаанчлалыг гартаа авснаас хойш тэднийг тойрон хүрээлж байсан бүх дайснууд болох Моаб, Аммоны хөвгүүд, Едомд, Зобагийн хаад болон филистчүүдтэй тулалдаж, хаашаа ч эргэсэн тэднийг залхаан зовоож  байв.
62|24922277|25193889|Тэр эр зориг гарган амалекчуудыг устгаж, Израилийг дээрэмчдийн гараас аврав.
63|25224538|25831575|Саулын хөвгүүд Ионатан, Ишви, Малхишуа бөгөөд хоёр охиных нь ууганы нэр Мераб, дүүгийнх нь Михал,  Саулын эхнэрийн нэр нь Ахиноам бөгөөд тэрээр Ахимаазын охин байв.
64|25856182|26053750|Нерийн хөвгүүн, Саулын авга ах Абнер цэргийн жанжин нь байлаа.
65|26082900|26387852|Саулын эцэг Киш, Абнерын эцэг Нер бөгөөд энэ хоёр өөрсдөө Абиелын хөвгүүд билээ.
66|26413518|26954978|Филистчүүдийн эсрэг ширүүн дайн тэмцэл Саулын амьдралын өдрүүдийн туршид байсан бөгөөд эр зоригтой, байлдах чадвартай хүнийг Саул харвал албандаа авдаг байв.
