verse|start|end|sentence
1|87582|237919|хоёрдугаар бүлэг Ханнагийн залбирал
3|1819610|2645911|Дийлэгч агсны нум хугарахад Дийлдэгч нэгэн нь харин хүчийг агсав. Цатгалан байсан нь талх хайн хөлсний хүн болоход, Өлсгөлөн байсан нь хайхаа нэгэнт больжээ. Хүүсэр эмэгтэй тэр бүү хэл долоо төрж байхад, Хүүхэд олонтой байсан эмэгтэй хоосрон зовно.
4|2667476|3007708|Үхүүлдэг нь ч бас амилуулдаг нь ч ЭЗЭН, Үхэгсдийн оронд унагадаг нь бас өргөж босгодог нь Тэр юм.
6|3939938|4786569|Газар дэлхийн тулгуур багана нь ЭЗЭНийх тул Гагц үүнийхээ дээр ЭЗЭН ертөнцийг тэгнэжээ. Бишрэлтнүүдийнхээ хөлийг хамгаалдаг нь ЭЗЭН билээ. Буруутууд харин харанхуйд дуугүй болдог нь Хар хүч нь тэднийг хамгаалж эс чаддагийнх юм. Түүнтэй тэрсэлдэгчид нам дарагдана.
7|4806988|4936201|Тэгээд тэднийг ЭЗЭН тэнгэрээс бас ниргэнэ.
8|4957545|5825962|Дэлхийн хязгаар хүртэл ЭЗЭН шүүх болно. Хаандаа хүч чадлыг Тэр өгөх болно. Тосолсныхоо эврийг Тэр бас өргөх болно гэв. Елигийн нүгэлт хөвгүүд Тэгээд Елкана Рамад байдаг гэртээ харив. Харин хөвгүүн нь тахилч Елигийн дор ЭЗЭНд үйлчлэв.
9|5851011|6069571|Елигийн хөвгүүд нь үл бүтэх хүмүүс байсан бөгөөд тэд ЭЗЭНийг мэддэггүй байв.
10|6102910|6569003|Тэр үед хэн нэгэн хүн өргөл өргөх үед тахилчийн зарц гурван салаа сэрээ барин, мах чанаж байхад хүрч ирдэг нь ард түмний өмнө зуршил болсон байв.
11|6605518|7179965|Түүгээрээ тогоо сав, хайруулын тогоо, ваар сав уруу хатгаж, сэрээнд зоогдож гарч ирсэн бүхнийг тахилч өөртөө авдаг байв. Тэд Шилод ирсэн бүх израильчуудад ингэдэг байлаа.
12|7215509|7810462|Түүнээс гадна хүмүүсийг өөх шатаахаас өмнө тахилчийн зарц ирээд, өргөл өргөж буй хүнд Тахилч нарт шарах мах өг. Тахилч чамаас чанасан мах авахгүй, зөвхөн түүхийг авна гэдэг байв.
13|7845301|8797950|Хэрэв тэр хүн түүнд Эхлээд бүх өөх шатаг, дараа нь сэтгэлдээ хүссэнээ авагтун гэж хэлбэл тахилчийн зарц Үгүй, чи үүнийг надад одоо өг Эс тэгвээс би хүчээр авна гэдэг байв. Ийнхүү эдгээр залуусын нүгэл нь ЭЗЭНий өмнө асар их байсан агаад тэд ЭЗЭНий өргөлийг үл тоомсорлож байлаа.
14|8820396|8902555|Шило дахь Самуел хүү
16|10160199|10256248|Тэгээд тэд гэр уруугаа буцаж явав.
18|12713853|12942423|ЭЗЭН тэднийг үхүүлэхээр шийдсэн тул тэд эцгийнхээ дуу хоолойг сонссонгүй.
19|12969810|13334472|Балчир хөвгүүн Самуел улам өсөж торнин, ЭЗЭНий бас хүмүүсийн тааллыг олов. Тэгтэл Бурханы хүн, Елид ирж
21|16492077|16774493|Израильд сайнаар соёрхдог бүхний дунд [Миний] орших газар гамшиг болохыг чи үзнэ.
22|16797249|17351233|Чиний гэрт настай хүн үүрд үгүй болно.  Гэсэн ч нүдийг чинь нулимсаар сохолж, сэтгэлийг чинь гансруулахын тулд Би танай бүх хүнийг Өөрийн тахилын ширээнээс зайлуулахгүй.
23|17378531|17734859|Чиний гэрийн бүх үрс харин ид залуугаараа үхнэ.  Чиний хоёр хүү Хофни, Финехас нарт тохиолдох зүйл нь чамд тэмдэг болно.
24|17760701|18147767|Тэр хоёр нэг өдөр үхнэ.  Харин зүрх болон сэтгэлд минь таалагдахаар үйлдэх үнэнч тахилчийг Би Өөртөө гаргаж ирнэ.
25|18174006|19050891|Би түүнд бат үнэн гэрийг барьж өгнө. Тэр үргэлж Миний тосолсон хүний өмнө алхах болно.  Чиний гэрт амьд үлдэгсэд бүгд задгай мөнгөн зоос, үмх талхны төлөө түүнд сөгдөхөөр ирж, Үмх талхтай болмоор байна, тахилчийн ямар нэг албанд намайг тавьж өгөөч гэж гуйх болно гэсэн гэв.
