verse|start|end|sentence
1|88905|161185|дөрөвдүгээр бүлэг
2|186807|357959|Ийнхүү Самуелын үг Израиль даяар тархав.
3|400207|493082|ЭЗЭНий авдар булаагдав
4|533786|1801088|Израиль филистчүүдтэй тулалдахаар гарч, Ебенезерийн дэргэд хуарагнан, харин филистчүүд Афект хуарагнан буув.  Филистчүүд Израильтай учран тулалдахаар жагсаж ирсэн бөгөөд тулаан газар авахад Израиль филистчүүдэд цохигдон филистчүүд хээр талд тэдний цэргээс дөрвөн мянга орчим хүнийг алав.  Ард олныг хуаранд буцаж ирэхэд Израилийн ахмадууд ЭЗЭН яагаад өнөөдөр биднийг филистчүүдийн өмнө цохиулсан бэ
5|1837955|2245175|Шилогоос ЭЗЭНий гэрээний авдрыг өөрсдөдөө авчиръя. Тэгвэл Тэр бидний дунд ирж, биднийг дайснуудын гараас аврах юм гэж хэлжээ.
6|2275560|2941470|Тиймээс ард олон Шило уруу хүмүүсийг илгээж, херубуудын дээр орших түг түмдийн ЭЗЭНий гэрээний авдрыг тэндээс авч ирэв. Елигийн хоёр хөвгүүн Хофни, Финехас нар Бурханы гэрээний авдрын хамт тэнд ирлээ.
9|7680235|8008163|Ели ерэн найман настай бөгөөд нүд нь харанхуйлан юм үзэхээ больсон байв.  Өнөөх хүн Елид
10|8031933|9060874|Би тулалдаанаас ирээд байгаа нэгэн байна. Би өнөөдөр тулалдааны талбараас зугтаж ирлээ гэсэнд Ели Юу болсон бэ Хүү минь гэж асуув. Тэгэхэд мэдээ хүргэгч Израиль филистчүүдээс зугтааж, ард олны дунд их аллага болж, таны хоёр хүү Хофни, Финехас нар үхэж, Бурханы авдар булаагдав гэж хариуллаа.
11|9091170|9634923|Түүнийг Бурханы авдрын тухай дурдахад Ели хаалганы хажууд буй сандал дээрээсээ гэдрэг унан хүзүүгээ хугалж үхэв. Учир нь тэр өтөл настай лагс биетэй хүн байжээ.
12|9660413|9799725|Тэрээр дөчин жил Израилийг шүүжээ.
13|9828478|10574386|Түүний бэр, Финехасын эхнэр жирэмсэн, төрөх дөхсөн байлаа. Бурханы авдар булаагдаж, хадам эцэг болон нөхөр нь үхсэн тухай мэдээг сонсонгуут төрөх өвдөлт нь эхэлж, тэрээр сөхөрч суун хүүхдээ төрүүлэв.  Тэр эмэгтэйг үхэх гэж байхад тэнд байсан эмэгтэйчүүд
14|10595201|10914838|Чи хөвгүүн төрүүлсэн тул бүү ай гэж хэлсэн боловч тэр юу ч хариулсангүй, зүрх сэтгэл нь ч хөдөлсөнгүй.
15|10951573|11185656|Бурханы авдар булаагдсанаас болон хадам эцэг бас нөхрийнхөө улмаас тэр эмэгтэй
16|11209999|11443332|Алдар нь Израилиас салж одов гээд хөвгүүнээ Ихабод гэж нэрлэв.
17|11465206|11723411|Тэрээр Бурханы авдар булаагдсанаас болж алдар нь Израилиас салж одов гэжээ.
