verse|start|end|sentence
1|94065|161758|есдүгээр бүлэг
2|193995|293309|Саулыг хаанаар сонгов
3|322767|872342|Бениамины Киш гэдэг нэртэй хүн байжээ. Киш бол Абиелын хөвгүүн, Зерорын ач, Бехоратын гуч, Афиагийн жич, бениаминчуудын хөвгүүн бөгөөд нэр хүндтэй хүн байв.
4|900522|1069954|Киш нэг хүүтэй бөгөөд түүний нэрийг Саул гэдэг байв.
5|1102544|1392237|Саул залуу, бие бялдар сайтай бөгөөд Израилийн хөвгүүдийн дотор түүнээс илүү сайхан залуу үгүй байв.
6|1421342|1543852|Тэр бүх хүнээс толгой илүү өндөр байлаа.
7|1570797|1755224|Нэг удаа Саулын эцэг Кишийн эм илжигнүүд нь алга болжээ.
8|1782301|1859211|Киш өөрийн хүү Саулд
9|1887568|2064365|Зарц нараасаа нэгийг авч хөдлөөд эм илжигнүүдээ хай гэжээ.
10|2093338|2368390|Тэр хоёр Ефраимын уулархаг нутгаар бас Шалишагийн нутгаар дамжин явсан боловч олсонгүй.
11|2400715|2583333|Тэгээд Шалимын нутгаар дамжин явсан боловч тэнд бас л байсангүй.
12|2612880|2890181|Тэгээд тэр Бениамины нутгаар яваад ч олсонгүй.  Тэд Зуфын нутагт ирэхэд Саул зарцдаа
13|2919155|3879609|Буцаж явцгаая. Эс тэгвэл эцэг маань эм илжигнүүддээ биш, харин бидэнд санаа зовох болно гэв.  Зарц нь түүнд Хар даа, энэ хотод Бурханы хүн бий. Тэр маш хүндтэй хүн. Түүний хэлсэн бүгд нь гарцаагүй биелдэг. Одоо тийшээ явцгаая. Бидний явах ёстой замын талаар тэр хэлж өгч магадгүй юм гэв.
14|3914624|3984523|Саул харин зарцдаа
15|4011821|4264073|Хэрэв бид очвол тэр хүнд юу аваачиж өгөх вэ? Бидний богцон дахь талх дуусчихсан.
16|4294149|5050640|Бурханы хүнд барих бэлэг ч байхгүй. Бидэнд юу байгаа билээ гэв.  Зарц нь Саулд дахин хариулж Харагтун. Миний гарт мөнгөн шекелийн дөрөвний нэг байна. Би үүнийг Бурханы хүнд өгч, тэр бидэнд явах замыг минь хэлж өгнө гэв.
17|5072911|5355371|Урьд Израильд хэн нэгэн нь Бурханаас лавлан асуухаар очихдоо Үзмэрчид очъё гэдэг байжээ.
18|5379185|5615958|Одоогийн эш үзүүлэгчийг урьд цагт үзмэрч гэдэг байв.  Тэгээд Саул, зарцдаа
19|5643565|5881969|Зөв, одоо явцгаая гэв. Ингээд тэд Бурханы хүн байгаа хот уруу явжээ.
21|7693333|7776197|Тийнхүү тэд хот уруу явцгаав.
22|7804685|8087807|Тэднийг хотод хүрэх үед харагтун, Самуел мөргөлийн өндөрлөг өөд гарахаар тэдний өөдөөс гарч ирэв.
23|8116605|8304294|Саулыг ирэхээс нэг өдрийн өмнө ЭЗЭН, Самуелын сонорыг нээж
24|8333400|8564087|Маргааш өдийд Би чам уруу Бениамины нутгаас нэг хүнийг явуулна.
25|8594825|8959400|Чи түүнийг Миний ард түмэн Израилийн захирагч болгон тосол. Тэр Миний ард түмнийг филистчүүдийн гараас аврах болно.
26|8981626|9367501|Тэдний хашхираан миний өмнө ирсэн тул Би өөрийн ард түмнээ харав гэжээ.  Самуел Саулыг харах үед ЭЗЭН түүнд
27|9398459|9736221|Харагтун, Миний чамд айлдсан хүн энэ байна Энэ хүн Миний ард түмнийг атган захирна гэж мэдэгдэв.
28|9765945|10223041|Саул хаалганы дэргэд Самуел уруу ойртож ирээд Үзмэрчийн гэр хаана байдгийг надад зааж хэлж өгнө үү гэв.  Самуел, Саулд хариулан
29|10254484|10572269|Би үзмэрч байна. Өнөөдөр чи надтай хамт хоол идэх тул миний өмнө ороод мөргөлийн өндөрлөг өөд явагтун.
30|10601728|11261817|Маргааш өглөө би чамайг явуулж, зүрхэнд чинь байгаа бүгдийг чамд дуулгах болно. Гурван хоногийн өмнө алга болсон эм илжигнүүдийнхээ төлөө бүү санаа зовогтун. Учир нь тэднийг олсон. Израилийн бүхий л хүслэнт зүйл хэнд байна вэ
31|11287659|12048913|Чамд болоод эцгийн чинь бүх гэрт юм биш биз гэж хэлэв.  Саул хариуд нь Би Израилийн хамгийн жижиг овгийн бениамин хүн бөгөөд миний ураг Бениамин овгийн бүх ураг дотроос хамгийн дорой нь бус уу Яагаад та надад ийм үг ярина вэ гэв.
32|12076564|12484136|Тэгээд Самуел, Саул болон түүний зарцыг авч танхимд дагуулан орж, уригдан дуудагдсан гуч орчим эрчүүдийн тэргүүн суудалд суулгав.
33|12515580|12574541|Самуел тогоочид
34|12603206|13679379|Миний чамд өгч Үүнийг хойш тавь гэж хэлсэн хувийг надад өгөгтүн гэжээ.  Тогооч нь гуя болон түүний дээрх махыг гарган Саулын өмнө тавив. Самуел Харагтун, хадгалан үлдээсэн юмсыг өмнө чинь тавьсан байна. Үүнийг зооглогтун. Товлосон цагтаа энэ нь өмнө чинь тавигдсан нь хүмүүсийн дэргэд чамайг үүнийг зооглог гэснийх юм гэв.
35|13708264|13873330|Ийнхүү тэр өдөр Саул Самуелтай хамт хооллов.
36|13902260|14724152|Тэд мөргөлийн өндөрлөгөөс хот уруу бууж ирээд, Самуел Саултай дээвэр дээр ярилцав.  Тэд эрт бослоо. Үүр цайхад Самуел Саулыг дээвэр дээр дуудан Босогтун, би чамайг үдэж өгье гэв. Саул босож, Самуел тэр хоёр гудамжинд гарав.
37|14755418|14853938|Саулыг Самуел тослов
38|14887233|15024825|Тэд хотын зах уруу явж байхад Самуел Саулд
39|15049521|15497401|Биднээс түрүүлээд яв гэж зарцдаа хэлэгтүн. Тэр түрүүлж явах зуур чи одоо хэсэг зогсож бай. Би чамд Бурханы үгийг дуулгая гэж хэлэв.
