verse|start|end|sentence
1|88729|158054|гучин нэгдүгээр бүлэг
2|191438|313330|Саул ба хүүгийнх нь үхэл
4|2029570|2791750|Гэвч зэвсэг үүрэгч нь ихэд айсан тул үүнийг гүйцэтгэж чадсангүй. Тиймээс Саул илдээ авч, өөрөө дээрээс нь унав.  Зэвсэг үүрэгч нь Саулын үхсэнийг үзээд өөрийнхөө илдний дээрээс унаж, Саулын дэргэд үхэв.
5|2812124|3140360|Ийнхүү тэр өдөр Саул гурван хөвгүүнтэйгээ, зэвсэг үүрэгчтэйгээ бүх хүмүүсийнхээ хамт үхэв.
6|3161881|3701709|Хөндийн нөгөө талд болон Иорданы цаад талд байсан израиль хүмүүс, Израилийн эрчүүдийг зугтахыг мөн Саул болон түүний хөвгүүдийн үхсэнийг хараад өөрсдийн хотуудыг орхиж, зугтав.
8|5970125|6279663|Тэгээд тэдний ясыг авч, Иабеш дахь сухай модны доор хөдөөлүүлэн долоо хоног мацаг барив.
