verse|start|end|sentence
1|87494|156202|арван тавдугаар бүлэг
2|182265|293573|Амалекчүүдийн хааныг хэлтрүүлэв
3|315182|381024|Самуел, Саулд
4|405058|650739|Таныг Өөрийн ард түмэн Израилийн хаан болгон тослохоор ЭЗЭН намайг илгээсэн.
5|674465|828418|Тиймээс одоо ЭЗЭНий үг ба дуу хоолойг сонсогтун.
6|850821|975536|Түг түмдийн ЭЗЭН ийнхүү айлдаж байна.
7|999261|1907236|Би Амалекийг шийтгэнэ. Учир нь Израилийг Египетээс гарах замд тэд түүний эсрэг довтолсон юм.  Одоо явж амалекчуудыг бут цохиод тэдний хамаг юмсыг бүрмөсөн сүйрүүлж, бүү өршөөгтүн. Эр, эм, нялхас хүүхэд, үхэр хонь, тэмээ илжиг бүгдийг нь ал гэж хэлэв.
8|1929860|2318425|Тэгээд Саул ард түмнээ цуглуулан Телаимд тэднийг тоолбол хоёр зуун мянган явган цэрэг, арван мянган Иудагийн эрчүүд байв.
9|2340122|2597401|Саул Амалекийн хот уруу ирж, голын хөндийд отон хүлээв.  Саул кенчүүдэд
10|2618437|3402711|Явцгаа, би та нарыг амалекчуудтай хамт хөнөөхгүйн тулд тэдний дундаас салж явагтун. Учир нь Израилийн бүх ард олныг Египетээс гарч явах үед та нар тэдэнд энэрэнгүй хандсан билээ гэв. Тийнхүү кенчүүд амалекчуудын дундаас салж явав.
11|3427143|3723098|Саул Хавилагаас Египетийн өмнө орших Шурын хязгаар хүртэл амалекчуудыг бут цохив.
12|3743031|4056714|Тэрээр амалекчуудын хаан Агагийг амьдаар нь барин олзолж, ард олныг нь илдийн ирээр хүйс тэмтрэв.
13|4077397|4820703|Харин Саул ба түүний ард олон нь Агагийг бас хамгийн сайн хонь, үхэр, тарган тугал, хургаж хийгээд сайн бүхнийг хэлтрүүлж, тэр бүгдийг бүрмөсөн сүйрүүлэхийг үл хүсэв. Тэд муу, үнэ цэнэгүй малыг харин бүрмөсөн устгажээ.
14|4848839|4953223|Саулыг ЭЗЭН үл хэрэгсэв
15|4974303|5078379|Тэр үед Самуелд ЭЗЭНий үг ирж
16|5111719|5540900|Би Саулыг хаан болгосондоо харамсаж байна. Учир нь тэр Намайг дагахаас буцан эргэж, Миний үг зарлигийг үл сахив гэв.
17|5563656|6032130|Самуел уурлан бухимдаж, бүхэл шөнөжингөө ЭЗЭНд хандан хашхиран уйлав.  Самуел Саултай уулзахаар өглөө эртлэн босов. Нэгэн хүн Самуелд
18|6060751|7173658|Үзэгтүн, Саул Кармелд ирж, тэнд өөртөө зориулж хөшөө босгоод тэндээсээ эргэж, Гилгал уруу явлаа гэжээ.  Самуел Саул уруу очиход Саул түүнд ЭЗЭН таныг ерөөх болтугай Би ЭЗЭНий үг тушаалыг сахилаа гэв.  Харин Самуел Тэгвэл миний сонорт буй хонины майлах дуу, надад сонсдож байгаа үхрийн мөөрөлдөх дуу чухам юу вэ гэв.
19|7195135|7224065|Саул
20|7245012|8307161|Эдгээрийг тэд амалекчуудаас авчирсан юм. Учир нь таны Бурхан ЭЗЭНд нядалж тахихын тулд хамгийн сайн хонь, үхрийг ард олон хэлтрүүлсэн юм. Гэвч бусдыг нь бид бүрмөсөн сүйрүүлэв гэлээ.  Самуел, Саулд Хүлээгтүн. Урьд шөнө ЭЗЭН надад юу гэж айлдсаныг танд мэдүүлье гэхэд Саул түүнд Яригтун гэв.Самуел
21|8331548|9154322|Хэдийгээр та өөрийн нүдэнд дорой байсан ч Израилийн овгуудын тэргүүн болсон бус уу ЭЗЭН таныг Израилийн хаан болгож тосолсон биш үү ЭЗЭН таныг аян замд илгээн Явж, нүгэлтэн амалекчуудыг устган тэднийг бүрмөсөн устаж дуустал тэдэнтэй тулалд гэсэн.
22|9175049|9600129|Та юунд ЭЗЭНий дуу хоолойг дуулгавартай дагалгүй, харин олз уруу шунан дайрч, ЭЗЭНий мэлмийд ёрын мууг үйлдэв гэжээ.  Саул, Самуелд
23|9620106|9881134|Би ЭЗЭНий дуу хоолойг дуулгавартай дагаж, ЭЗЭНий намайг илгээсэн аян замд явсан билээ.
24|9901817|10604815|Би Амалекийн хаан Агагийг авчирч, амалекчуудыг хүйс тэмтэрсэн билээ.  Гэвч ард олон Гилгалд таны Бурхан ЭЗЭНд нядалж тахихын тулд олзноос буюу хориг цээртэй юмсаас хамгийн сайн хонь, үхрийг авчирсан билээ гэв.
25|10626159|10657602|Самуел
27|12141215|12511214|Би ард олноос айж, тэдний дуу хоолойг сонссон учраас ЭЗЭНий тушаал болон таны үгийг үнэхээр зөрчиж нүгэл үйлдлээ.
28|12531764|12798349|Тиймээс одоо миний нүглийг уучилж, надтай хамт буцагтун. Би ЭЗЭНд мөргөе хэмээн өгүүлэв.
30|15473852|15511293|Тэгэхэд тэрээр
31|15533916|15798472|Үхлийн гашуун нь үнэхээр ирлээ гэж үү хэмээн хямарсаар түүн дээр иржээ.Самуел
32|15820654|16373139|Чиний илд эмэгтэйчүүдийг хүүхэдгүй болгосны адил эмэгтэйчүүдийн дундаас эх чинь хүүхэдгүй болно гэв. Самуел Агагийг Гилгалд ЭЗЭНий өмнө тас цавчив.
33|16416048|16670020|Самуел Рама уруу явж, харин Саул гэр уруугаа Саулын Гибеа өөд явлаа.
34|16715575|16939692|Самуел өөд болох өдөр хүртэлээ Саултай уулзахаар дахин ирсэнгүй.
35|16960286|17122001|Гэвч Самуел Саулын тухайд ихэд гашуудаж байв.
36|17160633|17349866|ЭЗЭН ч Саулыг Израилийн хаан болгосондоо харамсав.
