verse|start|end|sentence
1|90713|164052|нэгдүгээр САМУЕЛ
2|188792|273596|нэгдүгээр бүлэг
3|296440|402368|Самуел төрж ЭЗЭНийх болов
4|434826|730296|Ефраимын уулархаг нутгийн Раматаим-зофим нутагт Елкана нэрт нэгэн хүн байжээ.
5|750317|1109556|Тэр хүн Иерохамын хүү, Елихугийн ач, Тохугийн гуч, ефраим хүн Зуфын дөч байв.
6|1130371|1447362|Елкана хоёр эхнэртэй байсан бөгөөд нэгнийх нь нэрийг Ханна, нөгөөгийнх нь нэрийг Пенинна гэдэг байв.
7|1467251|2784826|Пенинна хүүхэдтэй, харин Ханна хүүхэдгүй байжээ.Тэр хүн жилийн жилд Шилод өгсөн очиж, түг түмдийн ЭЗЭНд мөргөж тахил өргөхөөр төрөлх хотоосоо явдаг байлаа. Тэнд Елигийн хоёр хөвгүүн Хофни, Финехас нар ЭЗЭНий тахилчид байв.  Елкана тахил өргөх өдрөө эхнэр Пенинна, түүний бүх хөвгүүд, охидод хувь хүртээдэг байжээ.  Тэрээр Ханнад хайртай байсан учраас түүнд нэг хувь илүүг өгдөг байв.
8|2812786|3619904|Гэвч ЭЗЭН түүний хэвлийг хаасан ажээ.  ЭЗЭН хэвлийг нь хаасан учир бүсгүйн өрсөлдөгч Пенинна түүнийг бухимдуулах гэж байдгаар нь өддөг байлаа. Жилээс жилд Ханнаг ЭЗЭНий өргөөнд очих болгонд ийм юм болдог бөгөөд Пенинна түүний хорыг малтдаг байв.
9|3640499|3816590|Тэгэхэд нь Ханна уйлж унжаад, хоол унд ч иддэггүй байжээ.
11|6249411|6505367|Ханна зүрхэндээ ярьж, зөвхөн уруул нь хөдөлж, харин дуу нь сонсогдохгүй байлаа.
13|8244406|8734842|Тэр эмэгтэй Шивэгчин тань таны нүднээ тааллыг олох болтугай гэв. Ийнхүү тэр эмэгтэй явж, хоол унд идэн, нүүр царай нь уйтгар гуниггүй болов.
14|8755834|9033532|Тэд өглөө эрт босож, ЭЗЭНий өмнө мөргөөд, Рамад байдаг өөрсдийн гэртээ буцаж ирцгээв.
15|9061359|9244947|Елкана өөрийн эхнэр Ханнатай унтсан ба ЭЗЭН түүнийг санав.
16|9275200|9702088|Ханна жирэмсэлсний дараа цаг нь болоход нэгэн хөвгүүн төрүүлэв.  Би энэ хөвгүүнийг ЭЗЭНээс гуйсан юм гээд түүнийг Самуел гэж нэрлэв.
18|12198986|13328343|Эзэнтэн минь ээ Та амьд ЭЗЭНд залбирахаар таны дэргэд энд зогсож байсан эмэгтэй би байна, эзэнтэн минь Энэ жаалхүүгийн төлөө би залбирсан юм. Түүнээс гуйсан миний гуйлтыг ЭЗЭН надад биелүүлж өгсөн билээ.  Тиймээс би ч мөн энэ хөвгүүнийг ЭЗЭНд зориулсан юм. Энэ хөвгүүн амьд байх цагтаа ЭЗЭНийх болов гэв. Тэр тэнд ЭЗЭНд мөргөв.
