verse|start|end|sentence
1|91419|162861|арван долдугаар бүлэг
2|196112|270641|Давид Голиат хоёр
3|306098|789125|Филистчүүд байлдахаар цэргээ цуглуулав. Тэд Иудад харьяалагддаг Сокод цуглаж, Соко болон Азекагийн дунд буй ЕфесДаммимд хуарагнав.
4|817261|1146644|Саул болон Израилийн эрчүүд цуглаж, Елагийн хөндийд хуарагнаж, филистчүүдтэй тулалдахаар жагсан ирцгээв.
5|1172883|1467515|Тэртээх ууланд филистчүүд байж, энэтээх ууланд Израиль байж, тэдний дунд мөнөөх хөндий.
6|1494813|1723869|Тэгэхэд филистчүүдийн цэргийн хуарангаас нэгэн тэргүүлэгч дайчин эр гарч ирэв.
7|1744331|2040154|Түүнийг Гатаас ирсэн Голиат гэдэг бөгөөд түүний өндөр нь зургаан тохой нэг сөөм байжээ.
8|2069039|2377034|Тэрээр толгойдоо хүрэл дуулга, биедээ таван мянган хүрэл шекелийн жинтэй хайрст хуяг өмссөн байв.
9|2408256|2623200|Тэр хөлдөө хүрэл өвдгөвчтэй бөгөөд мөр хооронд нь хүрэл бамбай байв.
10|2650806|2963299|Түүний жадны иш нь нэхмэлчний гогодогч мод мэт, жадны үзүүр нь зургаан зуун төмөр шекелийн жинтэй.
11|2989362|3098774|Түүний бамбай үүрэгч бас өмнө нь явж байв.
12|3138817|3318348|Голиат зогсож, Израилийн цэргүүдийн жагсаал уруу хашхиран дуудаж
13|3344455|3623167|Та нар юунд тулалдахаар жагсан гарч ирэвщ Би филист хүн, харин та нар Саулын боолууд биш үү
14|3649892|3773945|Өөрсдөөсөө нэг хүнийг сонгож, над уруу явуулагтун.
15|3799567|4306012|Хэрэв тэр хүн надтай тулалдаж дөнгөөд, намайг албал бид та нарын боол болъё. Хэрэв би түүнийг ялж, албал та нар харин бидний боол болж бидэнд үйлчлэгтүн гэв.
16|4332957|4393021|Филист хүн цааш нь
17|4418202|4570038|Өнөөдөр би Израилийн жагсаалыг ичээн шившиглэж байна.
18|4595352|4722933|Нэг хүнийг явуулагтун. Халз тулалдъя гэв.
19|4751686|5030487|Саул болон бүх Израиль энэ филист хүний үгийг сонсоод зориг нь мохож, тэд ихэд айв.
20|5059240|5303774|Иуда дахь Бетлехемийн Иесси гэдэг нэртэй ефрат хүний хөвгүүн нь Давид билээ.
21|5329440|5428974|Иесси найман хөвгүүнтэй байжээ.
22|5457022|5598274|Тэрээр Саулын үед хөгшин, настай болсонк байв.
23|5625748|5809204|Иессийн гурван том хөвгүүн Саулыг даган дайнд явжээ.
24|5837649|6129503|Дайнд явсан гурван хөвгүүний ууган нь Елиаб, удаах нь Абинадаб, дараах нь Шамма юм.
25|6154728|6242178|Давид отгон хөвгүүн нь байлаа.
26|6267139|6661216|Гурван том хүү нь Саулыг дагаж явжээ. 15 Харин Давид Бетлехемд байгаа эцгийнхээ хонийг хариулахын тулд Саул уруу ирэн очин байв.
27|6688426|6973312|Өнөө филист хүн дөчин өдрийн турш өглөө, үдэш бүр гарч ирэн өөрийгөө харуулж байлаа.
28|6998361|7096527|Тэгтэл Иесси, хөвгүүн Давиддаа
29|7123517|8123087|Ах нарт чинь бэлдсэн нэг ефа хуурсан будаа, энэ арван талхыг авч хуаран уруу ах нар дээрээ гүйн оч.  Мөн энэ арван ширхэг бяслагийг мянгатын даргад нь хүргэж өгөөд, ах нарынхаа мэндийг мэдээд тэднээс мэдээ авч ир.  Учир нь Саул хийгээд ах нар чинь бас бүх израиль эрчүүд Елагийн хөндийд филистчүүдтэй тулалдаж байгаа гэж хэлэв.
30|8154531|8238144|Давид өглөө эрт босож
31|8263061|8518047|хонин сүргээ хөлсний хоньчинд даатгаж орхиод хүнсийг авч Иессийн тушааснаар явлаа.
32|8542699|8750983|Түүнийг хуаранд ирэхэд цэргүүд уухайлан хашхирч, жагсаалаар гарцгааж байв.
33|8778678|8983699|Израиль болон филистчүүдийн цэргүүд өөд өөдөөсөө жагсаалаар ирцгээв.
34|9010423|9319653|Тэгэхэд Давид авчирсан юмаа харуулын гарт үлдээгээд, байлдааны шугам уруу гүйж, ах нарынхаа мэндийг асуухаар очив.
35|9348229|9954737|Давидыг ах нартайгаа ярилцаж байх яг тэр үед тэргүүлэгч дайчин эр, Голиат гэдэг нэртэй Гатын филист хүн, филистчүүдийн жагсаалаас гарч ирэн урьдын адил үгсийг хэлэхэд Давид түүнийг сонсов.
36|9977492|10454213|Израилийн бүх эрчүүд тэр хүнийг хараад, түүнээс ихэд айн зугтав.  Израилийн эрчүүд Тэр гарч ирж байгаа хүнийг харав уу Тэр үнэхээр Израилийг ичээн шившиглэж байна.
37|10479350|10910384|Түүнийг алсан хүнийг манай хаан их баялгаар шагнан түүнд өөрийн охиныг өгч, түүний эцгийн гэрийг Израильд албан татвараас чөлөөлөх болно хэмээв.
40|16369743|16908645|Явагтун, ЭЗЭН чамтай хамт байх болтугай гэж хэлэв.  Тэгээд Саул, Давидыг өөрийнхөө хувцсаар хувцаслаж, толгойд нь хүрэл дуулгаа өмсгөж, биед нь хуягаа өмсгөв.
43|21376240|22145520|Филист хүн босож, Давидын өөдөөс тулалдахаар ирэхэд Давид ч филист хүнтэй нүүр тулахаар тулалдааны тэргүүн шугам уруу яаран гүйж ирлээ.  Давид уутанд гараа хийж, нэг чулуу гаргаж аваад, дүүгүүрээр дүүгүүрдэн филист хүний духыг онов.
45|23844649|25053121|Шаараимаас Гат болон Екрон хүртэлх замаар нэг алагдсан филистчүүд унацгаасан байв.  Израилийн хөвгүүд филистчүүдийг хөөхөө зогсоон буцаж ирээд филистчүүдийн хуарангуудыг тоножээ.  Дараа нь Давид нөгөө филист хүний толгойг авч, Иерусалимд авчирсан ба харин зэвсгийг нь майхандаа тавив.  Давидыг тэрхүү филист хүний эсрэг гарч явах үед Саул хараад цэргийн жанжин Абнераас
