verse|start|end|sentence
1|95961|164934|зургаадугаар бүлэг
2|189982|295293|ЭЗЭНий авдрыг Израильд буцаав
3|340055|515573|ЭЗЭНий авдар филистчүүдийн тал нутагт долоон сар байлаа.
4|540401|696339|Филистчүүд тахилчид ба мэргэч төлгөчдийг дуудан
5|718741|788022|Бид ЭЗЭНий авдрыг яах вэ
6|820215|1852817|Түүнийг байсан газарт нь хэрхэн буцааж илгээхийг бидэнд мэдүүлж өгөөч гэжээ.  Тэд Хэрвээ та нар Израилийн Бурханы авдрыг буцааж илгээх бол юу ч үгүй хоосон илгээж болохгүй. Харин та нар Түүнд ялын тахил заавал төл Тэгвэл та нар эдгэрч, Бурханы мутар яагаад та нараас холдож салахгүй байгааг мэдэх болно гэв.
7|1877866|1921437|Тэгэхэд хүмүүс
8|1944589|2160326|Бидний Түүнд буцааж төлөх ялын тахил нь юу байх вэ гэв. Тэд
9|2184846|2634534|Та бүгд болон танай ноёдын дээр буусан гамшиг нэг тул энэ нь Филистийнхээ ноёдын тоотой адил таван алтан булдруу, таван алтан хулгана байна гэж хариулав.
10|2659847|3300929|Та нар өөрийн булдруу өвчний болон энэ газрыг хоосруулагч хулганын дүрсүүдийг хийж Израилийн Бурханыг алдаршуулбал магадгүй та нар, та нарын бурхад мөн танай нутгийн дээрээс Бурхан мутраа авч хөнгөлнө буй заа.
11|3325448|3565749|Египетчүүд болон Фараон зүрхээ хатууруулсны адил та нар юунд зүрхээ хатууруулна вэ
12|3590181|3810328|Бурхан тэдэнд гай зовлон илгээхэд тэд Израиль хүмүүсийг явуулаагүй гэж үү
13|3833436|4239774|Өнөө хүмүүс ч яваагүй гэж үү  Тиймээс нэг шинэ тэрэг хийж, буулганд оруулж байгаагүй, хөхүүл хоёр үнээг авч бэлтгэ.
14|4265396|4442501|Үнээнүүдийг тэргэнд хөллөн, тугалуудыг нь буцааж хашаанд хий.
15|4466977|4559984|ЭЗЭНий авдрыг авч тэргэн дээр тавь.
16|4587326|4886897|Ялын тахил болгон төлөх алтан эдлэлээ хайрцагт хийж хажууд нь тавь. Тэгээд үүнийг илгээн явуулагтун.
17|4909741|5248473|Тэр нь нутгийнхаа замаар Бет шемешийн зүг явахыг харвал, Бурхан бидэнд энэ их гай зовлонг учруулсан гэсэн үг.
18|5272199|5644447|Харин эс явбал, биднийг цохисон нь Түүний мутар биш, энэ нь бидэнд санамсаргүй тохиолдов гэдгийг бид мэдэх болно гэв.
19|5671260|5973036|Хүмүүс тийнхүү үйлдэж, хөхүүл хоёр үнээ авч, тэргэнд хөллөн тугалуудыг нь хашаанд хийж түгжжээ.
20|5996850|6325042|Тэд ЭЗЭНий авдрыг бас алтан хулгананууд болон булдрууныхаа дүрсийг хийсэн хайрцгийг тэргэн дээр тавив.
21|6349341|6738700|Үнээнүүд Бет шемешийн зүгт шууд зүглэж, нэг замаа даган мөөрсөөр явахдаа баруун тийш ч, зүүн тийш ч эргэсэнгүй.
22|6762999|6996465|Филистийн ноёд Бет шемешийн хил хязгаар хүртэл тэдний араас дагаж явав.
23|7021469|7288892|Бет шемешийн хүмүүс тал хөндийд буудайн ургацаа хурааж байгаад харцаа өргөн авдрыг харцгаав.
24|7313632|7449989|Тэд авдрыг хараад баярлан хөөрцгөөв.
25|7471113|7750001|Өнөө тэрэг бет-шемеш хүн Иошуагийн талбайд ирж, нэгэн бул чулууны дэргэд зогсов.
26|7778225|8008339|Тэр хүмүүс тэрэгний модыг хагалан үнээнүүдээр ЭЗЭНд шатаалт тахил тахив.
27|8033344|8427113|Левичүүд, ЭЗЭНий авдар болон түүнтэй хамт байсан, дотор нь алтан эдлэл хийсэн хайрцгийг авч, тэдгээрийг бул чулуун дээр тавив.
28|8456351|8695285|Бет шемешийн хүмүүс тэр өдөртөө ЭЗЭНд шатаалт тахил өргөн, нядлах тахил тахив.
29|8724744|8939114|Филистийн таван ноён үүнийг үзээд, тэр өдөртөө Екрон уруу буцжээ.
30|8960326|9508753|Филистчүүд ялын тахил болгон ЭЗЭНд буцаан өгсөн алтан булдруунуудын нэг нь Ашдодын төлөө, нэг нь Газын төлөө, нэг нь Ашкелоны төлөө, нэг нь Гатын төлөө, нэг нь Екроны төлөө байв.
31|9533008|9821334|Бас алтан хулгананууд нь таван ноёнд харьяалагдах филистчүүдийн бүх хотын тоо ёсоор байв.
32|9845280|10026443|Эдгээр нь бэхлэлттэй хотоос хөдөө талын тосгод хүртэл байв.
33|10057578|10346653|ЭЗЭНий авдрыг дээр нь тавьсан бул чулуу нь өнөөдрийг хүртэл бет-шемеш хүн Иошуагийн талбайд байна.
34|10382110|10495006|ЭЗЭНий авдар Кериат Иеаримд
35|10529007|10909193|Бет шемешийн хүмүүс ЭЗЭНий авдран доторхыг харсан тул ЭЗЭН тэднийг цохиж, ард олноос нь тавин мянга далан хүнийг цохин алав.
36|10934727|11149538|ЭЗЭН хүмүүсийг үй олноор хядсанд ард олон эмгэнэн гашуудав.
37|11171544|11235048|Бет шемешийн хүмүүс
38|11264463|11408846|Энэ ариун Бурхан ЭЗЭНий өмнө хэн зогсож чадах вэ
39|11433718|11756178|Тэр биднээс өөр хэн уруу одох билээ гэцгээв.  Тиймээс тэд Кириат-Иеаримын оршин суугчид уруу элч нарыг илгээж
40|11781623|12067964|Филистчүүд ЭЗЭНий авдрыг буцааж авчирлаа. Та нар буун ирж, үүнийг дээш аваачигтун гэв.
