verse|start|end|sentence
1|93227|158760|наймдугаар бүлэг
2|180148|281666|Израильчууд хаан нэхэв
3|305216|545958|Самуел настай болж, өөрийн хөвгүүдийг Израилийн шүүгчид болгон томилов.
4|580135|779247|Ууган хөвгүүнийх нь нэр Иоел, удаах хөвгүүнийх нь нэр Абиа байлаа.
5|803193|915604|Тэд Беершебад шүүгч байв.
6|939241|1605372|Харин хөвгүүд нь түүний замаар явалгүй шударга бус олз ашгийн араас хөөцөлдөн хээл хахууль авч шударга ёсыг гажуудуулав. Израилийн бүх ахмад хамтдаа цугларан Рамад, Самуел уруу иржээ. Тэд түүнд
7|1633375|2101188|Та одоо настай болжээ. Хөвгүүд тань ч таны замаар явахгүй байна. Бусад үндэстнүүдэд байдаг шиг биднийг захирах хааныг бидэнд томилж өгнө үү гэв.
8|2126854|3167658|Тэд Биднийг шүүн захирах хааныг бидэнд өгнө үү гэж хэлсэн нь Самуелд таагүй байлаа. Тэгээд Самуел, ЭЗЭНд залбирлаа.  ЭЗЭН, Самуелд Ард олны чамд өгүүлэх бүхнийг буюу тэдний дуу хоолойг сонсогтун. Учир нь тэд чамаас татгалзан түлхэж байгаа юм биш, тэдний дээрх хаан байлгахгүй хэмээн Намайг түлхэн хаяж байгаа хэрэг юм.
9|3192795|4482103|Би тэднийг Египетээс гаргасан өдрөөс өнөөдрийг хүртэл тэд Намайг орхин умартаж, өөр бурхдад үйлчилсээр ирснийхээ адил тэд чамд мөн үйлдэж байна.  Тэгэхлээр одоо тэдний дуу хоолойг сонсогтун. Гэхдээ чи тэдэнд бүх талаар хатуу анхааруулж, тэднийг захирах хааны эрхийг тэдэнд мэдүүлэгтүн гэж айлджээ.  Тийнхүү өөрөөс нь хааныг хүсэн нэхсэн ард түмэнд ЭЗЭНий бүх үгсийг Самуел хэлэв.  Тэрээр
10|4502830|4991767|Та нарыг захирах хааны эрх нь ийм байх юм. Хаан та нарын хөвгүүдийг авч, өөрийн морин тэрэгчин ба агтчин болгож, тэд хааны тэрэгнүүдийн өмнө гүйж байх болно.
11|5012406|5728545|Хаан өөртөө мянгат болон тавьтын дарга нарыг томилж, газраа хагалуулан ургацаа хураалгаж, дайны зэр зэвсэг болон тэрэгнийхээ тоноглолыг хийлгүүлнэ.  Үнэртнийг бэлдүүлж, хоол хийлгэж, талх бариулахаар та нарын охидыг тэр авах болно.
12|5752315|6091224|Хаан та нарын хамгийн сайн тариан талбай, усан үзмийн болон чидун модны цэцэрлэгийг авч, бараа бологч нартаа өгнө.
13|6150362|7491928|Тэр та нарын үр тариа болон усан үзмийн аравны нэгийг, өөрийн түшмэд, бараа бологч нартаа өгнө.  Хаан бас та нарын зарц шивэгчингүүд, хамгийн шилдэг залуус болон илжигнүүдийг чинь авч, тэдгээрийг өөрийнхөө ажилд хэрэглэнэ.  Тэр та нарын хонин сүргүүдээс аравны нэгийг авч, та нар өөрсдөө түүний зарц болно.  Тэр өдөр та нар өөрсдөдөө зориулж сонгосон хаанаас болж хашхирсан ч тэр өдөр ЭЗЭН та нарт хариу өгөхгүй гэв.
14|7524209|7609587|Хаантай болох хүсэлт
15|7651614|7826647|Гэсэн ч ард олон Самуелын дуу хоолойг сонсохоос татгалзан
16|7848609|8616787|Үгүй. Бидний дээр хаан байх ёстой.  Бид ч бүх үндэстний адил байж, манай хаан биднийг шүүн захирч, бидний тэргүүнд явж дайн тулаанд маань тулалдах болтугай гэцгээв.  Самуел ард олны бүх үгийг сонсоод тэдгээрийг ЭЗЭНий сонорт давтан хэлжээ.
17|8637911|8926457|ЭЗЭН, Самуелд Тэдний дуу хоолойг сонсож, тэдэнд хааныг томилогтун гэж айлдав.
18|8950271|9049055|Тийнхүү Самуел, Израилийн хүмүүст
19|9072781|9223779|Хүн бүр өөр өөрсдийн хот уруу явагтун гэж хэлэв.
