verse|start|end|sentence
1|90801|161758|хорин хоердугаар бүлэг
2|193995|324487|Давид дагагчдын хамт Адулламд
3|357298|525936|Давид тэндээс явж, Адулламын агуй уруу зугтав.
4|560863|818716|Түүний ах нар болон түүний эцгийн гэрийнхэн бүгд үүнийг сонсоод, Давидын байгаа газар уруу ирэв.
5|849410|1209486|Шахалтад, өрөнд, сэтгэл уналтанд орсон бүхэн Давид дээр цугларч ирсэн бөгөөд Давид тэдний дээр удирдагч болов.
6|1237181|1544382|Ийнхүү дөрвөн зуугаад хүн түүнтэй хамт байв.  Давид тэндээс Моабын Мизпад очиж, Моабын хаанд
7|1573267|1879586|Бурхан надад юу хийж өгөхийг мэдэх хүртэл миний эцэг эх хоёрыг өөрсөдтэйгөө хамт байлгаач гэж гуйв.
8|1909000|2277235|Ингээд Давид эцэг эхээ Моабын хаантай хамт орхисонд эцэг эх нь Давидыг бэхлэлтэд амьдрах хугацаанд хааныд амьдрав.
9|2307664|2399304|Эш үзүүлэгч Гад, Давидад
10|2426823|2796248|Бэхлэлтэд бүү нуугд. Босож, Иудагийн нутаг уруу явагтун гэж хэлсэнд Давид тэндээс гарч, Херетийн ойд очив.
11|2828706|2951083|Нобын тахилчдыг Саул хөнөөв
12|2980101|3151915|Давид болон түүнтэй хамт байсан хүмүүс олдсон тухай Саул сонсов.
13|3184416|3718026|Тэр үед Саул Гибеад, сухай модны доор, өндөрлөг газар гартаа жад барин сууж байв. Бүх зарц нар нь түүнийг тойрон зогсжээ. Саул тойрон зогсож байсан зарц нартаа
14|3743913|3823778|Сонсогтун, бениаминчууд аа
15|3849400|4203788|Иессийн хөвгүүн та бүгдэд тариалангийн ба усан үзмийн талбай өгч, бүгдийг чинь мянгат, зуутын дарга болгон томилох уу
16|4231659|4356991|Учир нь та нар бүгд миний эсрэг хуйвалдсан билээ.
17|4383451|4707322|Миний хүү Иессийн хүүтэй гэрээ байгуулахад надад дуулгасан хүн үгүй, эдүгээ ч миний төлөө сэтгэл нь өвдсөн
18|4730121|5021402|эсвэл миний хүү боолыг минь миний эсрэг болгосныг ч надад дуулгах хүн байхгүй байна гэж зэмлэв.
19|5045833|5254338|Тэгтэл Саулын зарц нарын дэргэд зогсож байсан едом хүн Доег
20|5282739|5888099|Иессийн хөвгүүнийг Нобт, Ахитубын хөвгүүн Ахимелех уруу ирснийг би харсан билээ.  Ахимелех түүний тухай ЭЗЭНээс асууж, түүнд хоол хүнс өгч, филист хүн Голиатын илдийг түүнд өгсөн гэж хэлэв.
21|5916279|6406230|Хаан нэг хүн илгээж, Ахитубын хөвгүүн тахилч Ахимелехийг бас түүний эцгийн гэрийнхэн болох Нобт байгаа тахилч нарыг дуудуулсанд тэд бүгд хаан уруу ирэв.
22|6427530|6456284|Саул
23|6481597|6797353|Ахитубын хөвгүүн ээ, одоо сонсогтун гэсэнд тэр Эзэн минь, би энд байна гэв.  Тэгэхэд Саул түүнд
24|6822578|7413783|Юунд чи Иессийн хөвгүүнтэй хамт миний эсрэг хуйвалдаан зохиож, чи түүнд талх, илд өгч, өнөөдөр үйлдэж байгаа шиг миний эсрэг тэрслэн, бүгж отоход нь туслан түүний тухай Бурханаас асуув гэв.
25|7441125|7517021|Ахимелех хаанд хариулан
26|7543701|7712472|Таны зарц нарын дотор Давид шиг үнэнч хүн хэн байна вэ
27|7737036|7969487|Давид бол хааны хүргэн, таны харуулын дарга, таны гэрт хүндтэй хүн юм.
28|7995903|8134112|Би түүний төлөө өнөөдөр л Бурханаас асууж эхэлсэн үү
29|8160440|8231706|Энэ нь надаас хол байг
30|8256005|8738150|Таны боол би энэ бүх хэргийн тухай огт мэдэхгүй учраас намайг эсвэл миний эцгийн гэрийнхнээс хэнийг ч хаан та бүү гүтгээч гэж хэлэв.  Гэвч хаан
31|8763772|8886458|Ахимелех ээ, чи заавал үхэх ёстой.
32|8910625|9041029|Чи болон чиний эцгийн гэрийнхэн бүгд үхэх болно
33|9061094|9094037|гэж хэлэв.
34|9122173|9275420|Хаан дэргэд нь зогсож байсан бие хамгаалагч нартаа
35|9302762|9733222|Явж очоод, ЭЗЭНий тахилч нарыг алагтун. Учир нь тэд Давидтай гар нийлж мөн түүний оргосныг мэдсээр байж надад мэдэгдсэнгүй билээ гэв.
36|9760256|9966026|Гэвч хааны зарц нар ЭЗЭНий тахилч нарт гар хүрч халдахыг хүссэнгүй.
37|9992442|10058592|Тэгэхэд хаан Доегт
38|10085802|10559083|Чи явж очоод, тахилч нарт халдагтун гэсэнд едом хүн Доег явж очоод, тахилч нарт халдаж, тэр өдөр маалинган ефод зүүсэн наян таван хүнийг алав.
39|10585896|11001935|Тэр тахилч нарын хот Нобыг цохиж, тэндхийн эрэгтэй эмэгтэй, нялхас хүүхэд мөн үхэр, илжиг болон хонийг нь илдний ирээр устгав.
40|11027557|11328893|Гэвч Ахитубын ач, Ахимелехийн нэгэн хөвгүүн Абиатар гэгч зугтан Давидын араас оргож ирэв.
41|11356235|11662994|Саул, ЭЗЭНий тахилч нарыг хөнөөснийг Абиатар, Давидад мэдэгдэв.  Тэгэхэд Давид, Абиатарт
42|11693291|12257639|Тэр өдөр едом хүн Доегийг тэнд байхаар нь тэр лав Саулд хэлж мэдэгдэнэ гэдгийг би мэдэж байсан билээ. Би чиний эцгийн бүх гэрийнхэнд үхэл авчирлаа.  Надтай хамт байгтун. Бүү ай.
43|12284804|12593372|Учир нь миний амийг эрж буй хүн чиний ч амийг эрж байгаа тул надтай хамт чи аюулгүй байна гэж хэлэв.
