verse|start|end|sentence
1|91772|272670|арван есдүгээр бүлэг Ионатан учирлан гуйв
2|298512|939418|Саул өөрийн хөвгүүн Ионатан хийгээд бүх зарцынхаа өмнө Давидыг алах тухайгаа ярив. Гэвч Саулын хөвгүүн Ионатан Давидад их хайртай байжээ.  Тиймд Ионатан, Давидад
3|960321|2116755|байна. Маргааш өглөө болгоомжтой байж, далд газар нуугдахыг гуйж байна.  Би гадагш гарч, чиний нуугдан байгаа талбайд эцгийнхээ дэргэд зогсон чиний тухай эцэгтэйгээ ярина. Хэрвээ би ямар нэг юм мэдэх бол чамд дуулгая гэжээ.  Дараа нь Ионатан, эцэг Саулдаа Давидыг сайшаан ярьж Тэр таны эсрэг нүгэл үйлдээгүй бус уу.
4|2137527|2864559|Мөн түүний үйлдсэн зүйлс нь танд маш их ашиг авчирсан тул хаантан та боол Давидынхаа эсрэг нүгэл бүү үйлдэг.  Учир нь тэрээр амиа үл хайрлан филист хүнийг цохиж устгасан. Ийнхүү ЭЗЭН бүх Израильд агуу их авралыг хайрлав.
6|4346848|4469490|Михал Давидыг зугтахад нь туслав
7|4507637|4870580|Дайн дахин эхлэхэд Давид явж филистчүүдтэй тулалдан тэднийг цохиж үй олноор хядсанд тэд Давидаас зугтав.
8|4894659|5381655|Саул өөрийн гэрт гартаа жад барин сууж, Давид Саулын дэргэд өөрийн гараар босоо ятга тоглож байтал ЭЗЭНээс ирсэн муу сүнс Саулыг дайрав.
9|5402514|5711346|Саул жадаар Давидыг хананд хадах гэтэл Давид Саулаас бултсанд Саулын жад хананд зоогдов.
10|5732338|7058690|Давид тэр шөнөдөө оргон зайлав.  Дараа нь Саул Давидын гэр уруу элч нарыг илгээн түүнийг мануулж, өглөө болохоор түүнийг алах гэв. Гэтэл Давидын эхнэр Михал Давидад Өнөө шөнө чи амиа аврахгүй бол маргааш алуулна гэжээ.  Ийнхүү Михал түүнийг цонхоор буулгасанд тэрээр гадагш гараад оргон зугтав.  Михал гэрийн шүтээнийг авч түүнийг орон дээр тавиад толгой дээр нь хэдэн ямааны үс тавин түүнийг хувцсаараа бүтээв.
12|8477651|8735680|Тэр Намайг явуул, үгүй бол би чамайг ална гэж надад хэлсэн билээ гэв.
13|8777840|9230262|Давид Самуелтай Рамад нэгдэв Давид оргон зугтааж, Рама уруу Самуел дээр ирээд Саул өөрт нь үйлдсэн бүгдийг Самуелд хэлэв.
14|9251562|9422450|Тэрээр Самуелтай хамт Наиотод очиж суув.
16|11536956|12525105|Самуел, Давид нар хаана байна гэж Саул асуусанд нэг хүн Харагтун, тэд Рамагийн Наиотод байна гэж хэлэв.  Саул тэндээс Рамагийн Наиот уруу явсан ба түүнд Бурханы Сүнс ирж, тэрээр зүгээр эс байн Рамагийн Наиотод очих хүртэлээ эш үзүүлсээр явав.  Мөн тэрээр дээлээ тайлж, өдөржин шөнөжин Самуелын өмнө нүцгэнээрээ сунан хэвтэж эш үзүүлэв. Тиймээс хүмүүс Саул ч бас эш үзүүлэгч юм уу гэцгээдэг юм.
