verse|start|end|sentence
1|88244|155011|арван хоердугаар бүлэг
2|193775|296219|Самуелын баярт үгс
3|327618|482718|Тэгээд Самуел бүх Израильд хандан Харагтун
4|504415|1170193|Та нарын надад хэлсэн бүгдийг буюу дуу хоолойг чинь би сонсож, та нарын дээр хааныг томилов.  Одоо та нарын өмнө алхаж яваа хааныг харагтун. Харин би өтөлж, үс минь бууралтлаа. Мөн миний хөвгүүд ч та нартай хамт байна.
5|1191052|1659835|Би хар багаасаа энэ өдрийг хүртэл та нарын өмнө явлаа.  Би энд байна. ЭЗЭНий өмнө болон Түүний тослогдсон нэгнийх нь өмнө миний эсрэг гэрчлэгтүн
6|1683914|2794440|Би хэний үхрийг эсвэл хэний илжгийг булааж авсан бэ Эсвэл би хэнийг хууран мэхэлж, хэнийг зовоон дарамталж, нүдээ таглан хэний гараас хээл хахууль авсан бэ Тэгсэн аваас би та нарт буцааж өгье гэв.  Хүмүүс Та биднийг хууран мэхлээгүй, зовоон дарамтлаагүй, хэний ч гараас юу ч булааж аваагүй гэцгээв.  Самуел тэдэнд
7|2820724|3280466|Та нар миний гараас юу ч олоогүйг өнөөдөр ЭЗЭН та нарын дунд гэрчилж мөн ЭЗЭНий тослогдсон хүн өнөөдөр гэрч болж байна гэхэд тэд түүнд
8|3305162|3378236|Тэр гэрч мөн гэцгээв.
9|3404299|3474418|Тэгэхэд Самуел ард олонд
10|3510756|3785984|Мосе Аарон нарыг томилж, та нарын эцэг өвгөдийг Египетээс авчирсан ЭЗЭН гэрч мөн.
11|3807197|4242684|Тиймээс та нарт болон та нарын эцэг өвгөдөд үйлдсэн ЭЗЭНий бүх зөвт үйлсээр би ЭЗЭНий өмнө та нарыг шүүхийн тулд одоо энд зогсогтун.
12|4276024|4548606|Иаков Египетэд очсон үед та нарын эцэг өвгөд ЭЗЭНээс тусламж гуйн хашхирсан билээ.
13|4574448|4922133|Тэгэхэд ЭЗЭН, Мосе Аарон хоёрыг илгээж, тэд эцэг өвгөдийг чинь Египетээс гаргаж, энэ нутагт суурьшуулсан.
14|4957589|5563303|Гэвч тэд өөрсдийн Бурхан ЭЗЭНийг умартсанд ЭЗЭН тэднийг Хазорын цэргийн жанжин Сисерагийн гарт бас филистчүүдийн гарт болон Моабын хааны гарт тушаасанд тэд тэдний эсрэг дайтав.
15|5598803|6230403|Тэд ЭЗЭНээс тусламж гуйн хашхирч, Бид ЭЗЭНийг умартан орхиж, Баалууд ба Ашторэтод үйлчлэн нүгэл үйлджээ. Харин одоо дайснуудын маань гараас биднийг аварч өгөөч. Бид Танд үйлчилнэ гэсэн билээ.
16|6259157|6489050|Тэгэхэд Иеруббаал, Бедан, Иефта, Самуел нарыг ЭЗЭН илгээж
17|6510130|6677886|тойрон хүрээлж байсан дайснуудын чинь гараас та нарыг аварсан билээ.
18|6701877|6826944|Тэгээд та нар аюул заналгүй амьдран суув.
19|6866149|7195576|Гэтэл Аммоны хаан Нахаш та нар уруу ирэхийг та нар хараад, хэдийгээр та нарын хаан Бурхан ЭЗЭН байсаар атал
20|7221154|7531574|Үгүй, биднийг хаан захирах ёстой гэж надад хэлэв.  Тиймээс өөрийн хүсэж сонгосон хааныг үзтүгэй.
21|7559754|7670180|ЭЗЭН та нарын дээр хааныг тавив.
22|7695758|8294769|Хэрэв та нар ЭЗЭНээс эмээж, Түүнд үйлчилж, Түүний дуу хоолойг сонсож, ЭЗЭНий тушаалд үл тэрслэх аваас, мөн та нар ч, та нарыг захирах хаан ч Бурхан ЭЗЭНээ дагавал ЭЗЭН та нартай хамт байна.
23|8323125|8860131|Хэрэв та нар ЭЗЭНий дуу хоолойг үл сонсож, харин ЭЗЭНий тушаалд тэрслэн зөрүүдлэх аваас ЭЗЭНий мутар эцэг өвгөдийн чинь эсрэг байсны адил та нарын ч эсрэг байх болно.
24|8890692|9871917|Тиймээс зогсож, та нарын нүдний өмнө ЭЗЭНий үйлдэх энэ агуу үйлсийг үзэгтүн Өнөөдөр буудайн ургацын үе бус уу Би ЭЗЭНийг дуудахад ЭЗЭН аянга дуутай бороо оруулна. Та нар өөрсдөдөө хааныг гуйснаар ЭЗЭНий мэлмийн өмнө үйлдсэн бузар муу чинь асар их болохыг ойлгож, харах болно гэв.
25|9903492|10149129|Тийнхүү ЭЗЭНийг Самуел дуудахад ЭЗЭН тэр өдөр аянга дуутай бороо оруулав.
26|10169680|10330160|Бүх ард олон ЭЗЭН ба Самуелаас ихэд айжээ.
27|10361559|10436750|Тэгээд бүх ард олон Самуелд
28|10469295|11048328|Бид өөрсдөдөө хааныг гуйснаараа өөрсдийн бүх нүгэл дээр энэ бузрыг нэмсэн тул биднийг үхүүлэхгүйн тулд боол биднийхээ төлөө Бурхан ЭЗЭНдээ залбирна уу гэцгээв.  Самуел хүмүүст
29|11077964|12065583|Бүү айгтун. Та нар энэ бүх бузар мууг нэгэнт үйлдэв. Гэсэн ч ЭЗЭНийг дагахаас эргэж буцалгүй, харин бүх зүрхээрээ ЭЗЭНд үйлчлэгтүн.  Хэрэг тус болохгүй, аврал өгөхгүй дэмий хоосон юмыг дагаж бүү гажигтун! Тэд бол дэмий хоосон зүйлс билээ.  Учир нь ЭЗЭН аугаа нэрийнхээ төлөө Өөрийн ард түмнийг хөсөр хаяхгүй.
30|12093984|12261784|Учир нь ЭЗЭН та нарыг Өөрийнхөө ард түмэн болгохыг таалав.
31|12289523|12579966|Үүнээс гадна, ЭЗЭНий өмнө та нарын төлөө би залбирахаа болих тийм нүглийг үйлдэх нь надаас хол байг.
32|12609689|12782120|Харин би та нарт сайн болоод зөв шударга замыг заана.
33|12805890|13229514|Зөвхөн ЭЗЭНээс эмээж, бүх зүрхээрээ үнэн дотор Түүнд үйлчлэгтүн Тэр та нарт юутай агуу зүйлс үйлдсэнийг санагтун
34|13260870|13603218|Харин та нар хорон муу хэрэг үйлдсээр байвал та нар ч, та нарын хаан ч хамагдан арилах болно гэжээ.
