verse|start|end|sentence
1|98784|170667|дөрөвдүгээр бүлэг
2|217898|294852|Иш-бошетыг хороов
3|324752|840413|Абнерыг Хебронд өөд болсныг Саулын хүү сонсоод, гар нь суларсан бөгөөд хамаг Израиль сандран тэвдэв.  Саулын хүүд дээрэмчний хоёр толгойлогч байв.
4|882793|1786579|Нэгнийх нь нэр Баана, нөгөөгийнх нь нэр Рехаб бөгөөд хоёулаа бениамин хөвгүүдээс гаралтай, беерот хүн Риммоны хөвгүүд байв. Учир нь Бееротыг ч бас Бениамины нэгэн хэсэг гэж үздэг байв.  Беерот хүмүүс Гиттаим уруу зугтан ирж, энэ өдрийг хүртэл тэнд цагаачлан суурьшжээ.
5|1831428|2000861|Саулын хүү Ионатанд нэгэн хөл муутай хөвгүүн байв.
6|2038787|2758146|Саул болон Ионатаны тухай мэдээ Иезреелээс ирэх үед тэр хүү таван настай байж. Асрагч нь түүнийг тэврэн зугтсан бөгөөд яарч сандран гүйж яваад хүүг унагаснаас болж хүү хазганах болжээ. Тэр хүүгийн нэрийг Мефибошет гэдэг байв.
7|2789545|3446194|Беерот хүн Риммоны хөвгүүд болох Рехаб, Баана нар өдрийн халуунд Иш-бошетын гэрт ирэхэд Иш-бошет үд дээр орондоо хэвтэж байжээ.  Тэд буудай авах гэж байгаа мэтээр гэрийн голд очиж, түүний хэвлийг бүлэв.
8|3477814|3646364|Тэгээд Рехаб болон түүний ах Баана нар зугтацгаалаа.
10|6313708|7345296|Тэр тусмаа гэм бурууг үйлдэгч хүмүүс зөв шударга хүнийг өөрийнх нь гэрт, өөрийнх нь орон дээр алсан байхад, одоо би цусыг нь та нарын гараас шаардаж, та нарыг хорвоогоос арчиж хаяхгүй юм гэж үү гэв.  Тэгээд Давид залууст тушаахад залуус нь тэднийг алж, гар хөлийг нь цавчин, Хебронд цөөрмийн дэргэд дүүжлэв.
11|7373872|7610160|Харин тэд Ишбошетын толгойг авч, Хеброн дахь Абнерын булшинд тавив.
