verse|start|end|sentence
1|94462|166565|арванзургаадугаар бүлэг
2|187116|272670|Давидын дайснууд
3|320651|453524|Давид оргилоос цааш жаахан доошлов.
4|494669|1095752|Харагтун, Мефибошетын зарц Зиба, хааныг угтахдаа эмээллэсэн хос илжгэн дээр хоёр зуун ширхэг талх, хатаасан үзэм зуун багц, зуны зуун жимс, нэг тулам усан үзмийн дарс ачсан байв.
5|1118728|1302714|Хаан, Зибагаас Чи юунд эдгээрийг авч ирнэ вэ гэж асуухад Зиба
6|1331070|1855860|Илжигнүүд нь хааны гэрийнхэнд унаа, талх болон зуны жимс нь залуу хүмүүст идэх хоол, усан үзмийн дарс нь цөлд эцэж ядарсан хүмүүст уух ундаа болох юм гэв.Хаан
7|1886818|2371698|Эзний чинь хөвгүүн хаа байна гэхэд Зиба, хаанд Харагтун, Өнөөдөр Израилийн гэр эцгийн минь хаанчлалыг надад эргүүлж өгнө гэсээр тэр Иерусалимд үлдсэн гэлээ.
8|2396835|2691952|Тэгэхэд хаан, Зибад Үзэгтүн, Мефибошетын хамаг юм чинийх гэхэд Зиба
9|2724983|2965901|Эзэн хаантан минь, таны нүднээ би тааллыг олох болтугай хэмээн мөргөн сөгдөе гэжээ.
10|3007531|3947787|Шимеи Давидыг хараав Давид хаан Бахуримд хүрч ирэхэд, харагтун, Саулын гэрийн нэг ургийн хүн буюу Герагийн хөвгүүн Шимеи гэдэг нэртэй хүн хараал урсгасаар гарч ирэв.  Тэрээр Давид болон Давид хааны хамаг зарц нар уруу чулуу шидэв. Ард түмэн хийгээд хамаг хүчит эрс хааны баруун, зүүн гар талд байжээ.
11|3979584|4197746|Шимеи Зайл, цус урсгадаг, үл бүтэх хүн чи тонил гэв.
12|4220370|4654666|ЭЗЭН, Саулын гэрийн урссан бүх цусыг түүний оронд хаан болсон чам дээр буцаан буулгаж, чиний хөвгүүн Абсаломын гарт хаанчлалыг чинь ЭЗЭН шилжүүлэв.
13|4692769|4929233|Харагтун, чи цус урсгагч учир чи өөрийнхөө бузар мууд ороогдлоо гэж хараав.
14|4956090|5418963|Зеруиагийн хөвгүүн Абишаи хаанд Энэ үхсэн нохой яахлаараа миний эзэн хааныг хараадаг билээ Очиж, түүний толгойг тастахыг надад зөвшөөрөөч гэсэнд  хаан
15|5446835|6104233|Зеруиагийн хөвгүүд ээ, би та нарыг яах вэ Хэрэв ЭЗЭН түүнд Давидыг хараа гэж хэлээд, тэр хараасан бол Чи юунд ингэв гэж хэн хэлэх юм бэ гэж айлдав.Тэгээд Давид Абишаи болон бүх зарц нартаа
16|6130164|6159755|Харагтун
17|6184495|6900150|төрсөн хүү минь миний амийг эрж байхад энэ бениамин хүний хувьд тэр тусмаа аргагүй юм. Түүнийг орхи. ЭЗЭН түүнд айлдсан тул тэр харааж л байг.  ЭЗЭН миний зовлонгд харж, өнөөдөр түүний хараасны оронд надад сайныг буцааж магад гэлээ.
18|6921803|7683322|Тэгээд Давид болон түүний хүмүүс замдаа гарсанд Шимеи, Давидтай зэрэгцэн уулын бэлээр явангаа харааж, чулуу шидлэн шороо цацаж байв.  Хаан мөн түүнтэй хамт явсан хамаг ард олон эцэж ядарсан тул тэнд түр амрав. Ахитофелын зөвлөгөө
19|7711237|7945938|Тэгтэл Абсалом болон бүх ард түмэн, израильчууд Иерусалим хотод орж ирэв.
20|7968693|8481179|Ахитофел ч мөн түүнтэй хамт иржээ.  Давидын анд нөхөр архе хүн Хушаи, Абсалом дээр ирж Хаантан мөнх наслах болтугай! Хаантан мандтугай гэв.
21|8507683|8567836|Абсалом, Хушаид
22|8598000|8956974|Нөхөртөө энэрэл үзүүлж байгаа чинь энэ үү Юуны учир чи анд нөхөртэйгөө хамт явсангүй вэ гэж асуув.  Хушаи, Абсаломд
23|8979862|9563834|Үгүй, ЭЗЭН болон энэ ард түмэн бүх израиль хэнийг сонгосон байна, би түүнийх болж мөн түүнтэй хамт байх болно.  Тэгээд ч би хэнд үйлчлэх юм бэ Хүүгийнх нь өмнө үйлчлэх ёстой биш үү
24|9592764|9813264|Би эцгийн тань өмнө үйлчилсэн шиг мөн таны өмнө байх болно гэв.
25|9854233|9927571|Абсалом, Ахитофелд
26|9970348|10185468|Бид яах ёстой вэ гэдгийг та зөвлөөч гэв.  Ахитофел, Абсаломд
27|10212678|10747478|Гэрээ сахиулахаар эцгийнхээ үлдээсэн татвар эмс дээр орогтун. Таныг эцэгтээ зэвүүрхэж буйг бүх Израиль сонсоно. Тэгээд тантай хамт байгаа бүх хүний гар нь ч хүчтэй болно гэв.
28|10772792|11416475|Ингээд Абсаломд зориулж, дээвэр дээр майхан барьж, бүх Израилийн нүдэн дээр Абсалом эцгийнхээ татвар эмс дээр оров.  Тэр өдрүүдэд Ахитофелын зөвлөгөө нь Бурханы зарлигийг асууж олсон үг адил байв.
29|11436320|11684559|Давидад ч, Абсаломд ч Ахитофелын өгсөн хамаг зөвлөгөө нь тийм байлаа.
