verse|start|end|sentence
1|87935|153247|хоердугаар бүлэг
2|208063|351477|Иудагийн тослогдсон хаан Давид
3|416083|1634434|Үүний дараа Давид, ЭЗЭНээс лавлан Би Иудагийн хотуудын аль нэг өөд өгсөж явах уу гэж асуухад ЭЗЭН түүнд Явагтун гэж айлдав. Тэгээд Давид Би хаашаа явах вэ гэж асуухад ЭЗЭН Хеброн гэж айлдав.  Тэгээд Давид болон түүний иезреел эмэгтэй Ахиноам ба Набалын бэлэвсэн эхнэр, кармел эмэгтэй Абигаил бас өөр хоёр эхнэр нь тийш явав.
4|1664686|1963684|Давид өөртэйгөө байсан хүмүүсийг гэрийнхэнтэй нь хамт дагуулж явсан бөгөөд тэд Хеброны хотуудад суурьшив.
5|1990409|2284821|Тэгээд Иудагийн эрчүүд ирж, тэнд Давидыг Иудагийн гэрийн хаан болгон тосолжээ.
6|2311104|2584612|Тэд Давидад Саулыг нутаглуулсан хүмүүс Иабешгилеадын эрчүүд байсан гэж мэдэгдэв.
7|2609661|3184240|Давид Иабешгилеадын хүмүүст элч нарыг илгээж, тэдэнд ийн хэлүүлэв. Та нар өөрсдийн эзэн Саулд энэрэл хайраа илэрхийлж, түүнийг нутаглуулсан тул ЭЗЭНээр ерөөгдөх болтугай
9|4623003|4995515|Харин Саулын цэргийн жанжин, Нерийн хүү Абнер нь Саулын хүү Ишбошетыг авч, Маханаим уруу аваачив.
10|5025062|5679594|Тэр түүнийг Гилеад, ашурчууд, Иезреел, Ефраим, Бениамин буюу хамаг Израилийн хаан болголоо.Саулын хүү Ишбошет Израилийн хаан болох үедээ дөчин настай байсан бөгөөд хоёр жил хаанчлав.
11|5714742|5849423|Харин Иудагийн гэр Давидын ард байв.
12|5871518|6165797|Хебронд Давид, Иудагийн гэрийн хаан байсан хоногийн тоо долоон жил зургаан сар болой.
13|6204825|6284250|Гибеоны тулаан
14|6304271|6610810|Нерийн хүү Абнер, Саулын хүү Ишбошетын зарц нарын хамт Маханаимаас гарч, Гибеоныг чиглэв.
15|6646531|6862224|Зеруиагийн хөвгүүн Иоаб Давидын зарц нарын хамт гарч явав.
16|6888772|7230106|Тэд Гибеоны цөөрмийн дэргэд тулгарчээ. Нэг хэсэг нь цөөрмийн наад талд, нөгөө нь цөөрмийн цаад талд буув.
17|7271296|7333433|Абнер, Иоабт
18|7366684|7663565|Залуу эрсийг босгон өөрсдийнхөө өмнө халз тулалдуулъя гэсэнд Иоаб Тэд босог гэв.
19|7692142|8653390|Тэгээд хүмүүс гарч тоолуулахад Бениамин ба Саулын хөвгүүн Ишбошетын талаас арван хоёр хүн, Давидын зарц нараас арван хоёр хүн байлаа.  Хүн бүр өрсөлдөгчийнхөө толгойноос зууран бие биенийхээ хажуу уруу илд дүрэн хамт унацгаав. Тиймээс Гибеонд байдаг тэр газрыг Хелкатхаззурим гэж нэрлэв.
20|8678924|9425316|Тэр өдөр ширүүн тулалдаан болж, Абнер ба Израилийн эрчүүд Давидын зарц нарт цохигдов.  Зеруиагийн гурван хөвгүүн Иоаб, Абишаи, Асахел нар тэнд байлаа. Асахелийн хөл талын зээр мэт хурдан ажээ.
21|9451908|9995000|Асахел Абнерын араас хөөж, мөрдөхдөө баруун тийш ч зүүн тийш ч эргэхгүй байв.  Абнер эргэн хараад Энэ чинь Асахел чи мөн үү гэхэд тэр Тийм ээ, би байна гэж хариулав.
22|10022210|10095063|Ийнхүү Абнер түүнд
23|10121258|10645475|Баруун эсвэл зүүн тийш эргэн залуу эрсийн нэгийг барьж, түүнээс зэр зэвсгийг нь авагтун гэв. Гэвч Абнерыг хөөхөө больж буцахыг Асахел хүссэнгүй.
24|10672905|10747346|Абнер дахин Асахелд
25|10791181|11206074|Намайг хөөхөө больж, эргэгтүн. Би чамайг яагаад алах ёстой билээ Тэгвэл ямар нүүрээрээ би Иоаб ахыг чинь харах юм бэ гэв.
26|11236547|12167322|Гэвч Асахел буцахаас татгалзлаа. Тиймээс Абнер жадны үзүүрээр түүний хэвлий уруу нэвт дүрсэнд жад нуруугаар нь гарав. Асахел тэнд унаж, газар дээрээ үхлээ. Асахелын унаж, үхсэн газарт ирсэн хүмүүс бүгд хөдлөхгүй зогсов.  Харин Иоаб, Абишаи хоёр Абнерын араас хөөв.
27|12208599|12912524|Тэд Гибеоны цөлийн замд байдаг Гиахын харалдаа орших Аммагийн толгойд ирцгээхэд нар жаргаж байлаа.  Бениамины хөвгүүд Абнерын араас цугларан нэг бүлэг болж, нэгэн давааны оройд зогсов.  Дараа нь Абнер, Иоабыг дуудан
28|12955124|13047117|Илд үргэлж цөлмөсөөр байх уу
29|13073224|13549901|Эцэстээ улам гашуун бэрх болно гэдгийг чи мэдэхгүй гэж үү Ах дүү нараа мөшгөхөө больж буцахыг хүмүүстээ тушаахгүй чи хэр удах гэсэн юм бэ гэв.Иоаб
30|13587121|13967352|Бурхан амьд Чамайг хэлээгүй бол үнэхээр цэргүүд маргааш өглөө болтол ах дүү нараа мөшгөхөө зогсоохгүй байлаа гэв.
31|13992974|14341540|Ингээд Иоаб эвэр бүрээгээ үлээсэнд хүмүүс бүгд зогсон, Израилийн араас мөшгөн хөөхөө зогсоож, тулалдахаа ч болив.
32|14378496|14886131|Абнер болон түүний эрчүүд тэр шөнийн турш Арабаг туулан Иорданыг гатлан, үд хүртэл алхсаар Маханаимд ирлээ.  Иоаб харин Абнерыг мөшгөхөөсөө буцаж эргэв.
33|14926218|16121416|Тэрээр бүх хүнээ хамтад нь цуглуулсанд Асахелаас гадна Давидын арван есөн зарц алга байлаа.  Харин Давидын зарц нар Бениамин болон Абнерын эрчүүдээс олныг буюу гурван зуун жаран хүнийг цохиж алсан байв.  Тэд Асахелыг авч, Бетлехемд, эцгийнх нь хадан булшинд тавьжээ. Тэгээд Иоаб болон түүний эрчүүд шөнөжингөө явсаар, Хебронд ирэх үед үүр цайж байлаа.
