verse|start|end|sentence
1|95697|154923|хорьдугаар бүлэг
2|185352|262615|Шебагийн бослого
3|342127|630189|Бениамин хүн Бихрийн хөвгүүн Шеба гэгч нэгэн үл бүтэх эр тэнд байв. Тэр эвэр бүрээ үлээн
4|662426|1380991|Давидад өгөх хувь гэж бидэнд байхгүй. Иессийн хөвгүүнээс залгамжлан авах өв бидэнд үгүй. Израиль аа, хүн бүр тус тусынхаа майхан уруу буцацгаа гэж байв.  Ийнхүү Израилийн бүх хүн Давидыг дагахаа больж, Бихрийн хөвгүүн Шебаг дагав.
5|1413713|1738333|Гэвч иудачууд Иордан голоос Иерусалим хүртэл өөрсдийн хааны дэргэд баттай үлдэв.
6|1763470|1889067|Давид Иерусалимд буй гэртээ ирэв.
7|1910279|2170646|Хаан гэрээ сахиулахаар үлдээсэн арван татвар эмийг авч, хянагчаар харгалзуулан тэжээв.
8|2195342|2527238|Гэвч хаан тэдэн дээр очсонгүй. Тэгээд тэд бэлэвсэн эмэгтэй мэт амьдарч, үхэн үхтлээ түгжигдмэл байв.
9|2548759|2885992|Хаан, Амасад Иуда хүмүүсийг гурав хоногийн дотор дуудан цуглуул. Чи өөрөө мөн энд байж байгаарай гэв.
10|2922639|3207701|Тэгээд Амаса иуда хүмүүсийг дуудахаар явсан боловч тогтоосон хугацаанд хийсэнгүй, удаашруулав.
11|3231383|3553004|Давид, Абишаид Одоо, бидэнд Бихрийн хөвгүүн Шеба Абсаломаас ч илүү гайтай боллоо.
12|3581360|4426802|Чи миний цэргүүдийг дагуулж, түүнийг мөшгөн хөө. Эс тэгвээс тэр бэхлэгдсэн хотод орогнож, бидний хяналтаас гарч магад гэв.  Тэгээд Иоабын эрчүүд, Керет болон Пелетийн бүх хүчит эрчүүдийн хамт түүний араас хөдлөв. Тэд Бихрийн хөвгүүн Шебаг нэхэн хөөхөөр Иерусалимаас гарав.
13|4470372|4719229|Тэднийг Гибеон дахь нэгэн бул чулууны дэргэд байхад Амаса тэдэнтэй уулзахаар ирлээ.
14|4741852|4968791|Иоаб цэргийн хувцсаа өмссөн байсан бөгөөд хуйтай илдээ ташаандаа зүүсэн байв.
15|4999837|5195024|Тэгээд түүнийг урагшаа алхахад илд нь сугарав.  Иоаб, Амасад
16|5215486|5881308|Ах минь, та амар байна уу гэж хэлээд, Амасаг үнсэхээр баруун гараараа сахлыг нь атгав. Харин Амаса, Иоабын гарт буй илдийг эсэргүүцэх зэвсэггүй байв. Иоаб түүний хэвлий уруу дүрсэнд гэдэс дотор нь газарт гоожив.
17|5901947|5983752|Тэгээд түүнийг дахин дүрсэнгүй.
18|6005626|6329673|Амаса ч үхэв. Дараа нь Иоаб, түүний дүү Абишаи нар Бихрийн хөвгүүн Шебаг нэхэн хөөлөө.
19|6354148|6491696|Иоабын залуусын нэг нь Амасагийн дэргэд зогсоод
20|6526491|6733188|Иоабыг таашааж, Давидын төлөө явах хүн байвал Иоабыг дагагтун гэв.
21|6772922|7055426|Амаса замын голд цусандаа хутгалдан хэвтэж мөн бүх хүн зогсож байхыг тэр залуу харлаа.
22|7091765|7846668|Тэгээд Амасагийн хажуугаар өнгөрөгч бүгд зогсож байсан тул тэрээр Амасаг замаас тал газар уруу аваачиж дээгүүр нь дээлээр бүтээв.  Амасаг замаас холдуулмагц, Бихрийн хөвгүүн Шебаг хөөхөөр бүх хүмүүс Иоабын араас дагажээ.
23|7872908|8726904|Шеба бүр Абел-бет маака, Бер хүртэл Израилийн бүх овог аймгуудаар явав. Тэд цугларан нэгдэж, түүний араас дагалаа.  Түүний орогносон Абел, Бет-маакаг тэд бүслэн ирж хотын харалдаа далан босгов. Энэ нь бэхлэлт болгон босгосон хамгаалалтын хажууд байв.
24|8761038|9068062|Иоабтай хамт байсан бүх хүмүүс хэрмийг эвдэж нураахыг оролдов.  Тэр үед тэр хотоос нэгэн ухаалаг эмэгтэй
25|9088833|9449615|Сонсооч, сонсооч. Нааш ир. Чамд хэлэх юм байна гэж Иоабт хэлээч гэж хашхирав.  Иоабыг дөхөж очиход тэр эмэгтэй
26|9479780|9862700|Чи Иоаб мөн үү гэж асуув. Тэрээр Би байна гэхэд, тэр эмэгтэй Шивэгчин миний үгийг сонсооч гэхэд Би сонсож байна гэв.
27|9891894|10251927|Тэгээд тэр эмэгтэй ийнхүү ярив. Урьд хүмүүс Тэд Абелд зөвлөлдөх нь лавтай гэж хэлэн маргааныг эцэслэдэг байв.
28|10283502|10799649|Би Израилийн энхийг сахидаг, үнэнч итгэлт хүмүүсийн нэг. Чи Израилийн эх болох хотыг устгах гэж байна. Чи юуны учир ЭЗЭНий өвийг залгих нь вэ гэв.  Иоаб хариуд нь
29|10833385|11914144|Огт тийм бус. Хоосруулж устгах гэдэг нь надаас хол байг Хэргийн учир үүнд биш юм. Харин Бихрийн хөвгүүн Шеба гэгч Ефраимын уулархаг нутгийн нэгэн хүн Давид хааны эсрэг гараа далайв. Зөвхөн түүнийг гарт минь тушааж өгвөл би энэ хотоос холдоно гэхэд тэр эмэгтэй Иоабт Харагтун, түүний толгой хэрэмний дээрээс чам уруу шидэгдэх болно гэв.
