verse|start|end|sentence
1|89037|161317|хоринхоёрдугаар бүлэг
2|212253|307421|Давидын талархлын дуу
3|483027|934082|ЭЗЭН өөрийг нь хамаг дайснуудаас нь мөн Саулын гараас аварсан тэр өдөр Давид энэ дууг ЭЗЭНд дуулав.  Тэр ийнхүү дуулав.
4|1009537|1597963|ЭЗЭН бол миний хад, миний бэхлэлт, Миний аврагч, Миний Бурхан, миний хоргодох хад, Миний бамбай, миний авралын эвэр, Миний цайз, миний хоргодох газар, миний аврагч,
5|1630465|2002713|Та намайг балмад явдлаас хамгаалдаг билээ. Магтуулах учиртай ЭЗЭНийг би дуудаад Дайснуудаасаа би аврагдсан.
6|2031025|3124440|Үхлийн давалгаа намайг хүрээлж Мөхлийн урсгал намайг дайрч, Үхэгсдийн орны уяа намайг хэрж Үхлийн урхинууд миний өмнө тулгарахад, Зовлон шаналан дотроо ЭЗЭНийг би дуудаж Бурхандаа би хашхирсан. Тэрээр сүмээсээ дуу хоолойг минь сонсож, Түүний сонорт хашхираан минь очсон билээ. Түүнийг хилэгнэхэд газар хөдлөв.Тэнгэрийн суурь ч доргив.
7|3147858|3781089|Хамраас нь утаа суунаглаж, Амнаас нь цөлмөгч гал гарч, Цогшсон нүүрс асан дүрэлзэж байв. Тэнгэрсийг бөхийлгөж, Түнэр харанхуйг хөлдөө дэвссээр Тэр бууж ирэв. Херуб хөлөглөн, салхин жигүүрээр дүүлэн нисэв.
8|3806182|4184119|Ус хураасан өтгөн үүлсийг Өөрийгөө тойруулсан харанхуйн бүрхүүл болгов. Түүний өмнөх гялбаанаас нүүрс асан шатав.
9|4211153|4717862|ЭЗЭН, тэнгэрээс аянга цахилуулан Хамгийн Дээд Нэгэн нь дуугаа хүнгэнүүлэв. Тэрээр сум тавьж, тэднийг бутрааж, Аянга гялбуулж, тэднийг бут ниргэсэн.
10|4741896|5081775|ЭЗЭНий зэмлэлд хийгээд Хамрынх нь амьсгалын хүчит цохилтоор Далайн ёроол үзэгдэж, Ертөнцийн сууриуд ил гарав.
11|5128124|5321106|Тэр дээрээс сунган,Намайг авч, их уснаас татан гаргав.
12|5360046|5571505|Тэр намайг хүчит дайснаас минь Намайг үзэн ядагчдаас аврав.
13|5595408|5721181|Учир нь тэд миний хувьд үлэмж хүчтэй байв.
14|5768765|5991073|Тэд миний зовлонт өдөр надтай тулгарсан. Гэвч ЭЗЭН миний түшиг байлаа.
15|6032262|6564814|Тэр намайг таалсан учир Намайг уудам газарт авчран аварсан билээ. Зөв шударга явдлын минь дагуу Намайг ЭЗЭН шагнаж Гар минь цэвэр ариун байсны төлөө намайг урамшуулав.
16|6598991|6875851|Учир нь би ЭЗЭНий замыг баримталсан, Бурууг үйлдэж Бурханаасаа салаагүй.
17|6920524|7133571|Бүх тогтоол нь миний өмнө байсан Би зарлигуудаас нь эргээгүй билээ.
18|7211673|7945232|Би Түүний өмнө гэм зэмгүй байж нүглээс өөрийгөө хол байлгав. Түүний мэлмийн өмнө би зөв шударга бөгөөд цэвэр ариун байсан тул ЭЗЭН надад хариулсан юм. Итгэмжтэнд итгэмжээ үзүүлдэг Та, гэм зэмгүйд гэмгүй л ханддаг.
19|8019364|8246303|Цэвэр ариунд Та цэврээ, Цэх шударга биш хүнд Та тэрс байдлаа харуулдаг.
20|8282288|8478577|Дорой ядууг Та авардаг Таны харц ихэмсгүүдийг номхтгодог.
21|8523956|8796494|ЭЗЭН минь, Та миний дэнлүү билээ. Миний харанхуйг ЭЗЭН гэрэлтүүлдэг билээ.
22|8829481|9100696|Танаар би их цэргийг дайрч, Бурхандаа түшиглээд би хэрмийг давж чаддаг.
23|9191410|9388669|Бурханы зам төгс төгөлдөр юм. ЭЗЭНий амлалт шалгагдсан билээ.
24|9422538|9553603|Түүнд хоргоддог бүхэнд Тэрээр бамбай болдог.
25|9589148|9797344|ЭЗЭНээс өөр хэн Бурхан юм бэ Бидний Бурханаас өөр хэн хад юм бэ
26|9843208|10043025|Хүч чадлаар намайг бүсэлдэг Бурхан Замыг минь төгс болгодог.
27|10090300|10202887|Тэр хөлийг минь гөрөөснийх мэт болгон
28|10259335|10392429|Намайг өндөрлөг газарт аюулгүй суулгадаг.
29|10421579|10509250|Тэр гарыг минь тулалдаанд бэлтгэдэг.
30|10530771|10713124|Ингэснээр гар шуу минь хүрэл нумыг тахийлгаж чаддаг.
31|10741216|11225875|Та авралынхаа бамбайг надад өгсөн билээ. Таны тусламж намайг агуу болгосон билээ. Та алхааг минь өргөсгөдөг Тиймээс хөл минь халтирсангүй.
32|11258377|11449947|Би дайснаа хөөж устган тэднийг сөнөх хүртэл нь эргэж буцсангүй.
33|11487079|11776949|Тэднийг би цөлмөв. Тэднийг би сөнөөв. Тиймээс тэд миний хөл доор унасан билээ.
34|11847244|12151710|Тулалдахад минь Та намайг хүч чадлаар зэвсэглэж, Намайг эсэргүүцэн босогчдыг миний доор хөсөр унагав.
35|12196296|12447533|Та дайснуудын минь нурууг надад харуулав. Намайг үзэн ядагчдыг би устгав.
36|12528677|12811932|Тэд харуулдавч, аврах хэн ч байсангүй. Тэд ЭЗЭНд хашхирсан боловч, Тэр хариу өгсөнгүй.
37|12845227|13177521|Би тэднийг газрын тоос шороо мэт бутаргав Би тэднийг гудамжны шавхай мэт нухчин дэвслэв.
38|13224399|13646480|Та намайг ард олны минь маргаанаас аварч, Намайг үндэстнүүдийн тэргүүн байлгасаар байв. Миний үл мэдэх хүмүүс ч надад үйлчлэв.
39|13681892|13925457|Гаднынхан над дээр хулмалзсаар ирж, Намайг сонсмогцоо тэд үг дуугүй дагадаг.
40|13970703|14190101|Гаднынхан зүрх алдсаар Бат цайзуудаасаа чичрэн гарч ирдэг.
41|14224499|14274420|ЭЗЭН амьд
42|14297043|14395122|Ерөөгдөх болтугай, миний хад
43|14416245|14589206|Авралын минь хад Бурхан өргөмжлөгдөх болтугай
44|14627925|14842869|Миний төлөө өшөө авдаг Бурхан, Хүмүүсийг миний дор оруулдаг.
45|14897288|15009964|Намайг дайснуудаас минь гарган авчирдаг.
46|15035189|15183762|Эсэргүүцэгчдийн минь дээгүүр Намайг Та өргөдөг юм.
47|15205503|15346800|Хүч хэрэглэгчдээс Та намайг аварсан билээ.
48|15398176|15718739|Тиймээс ЭЗЭН Танд үндэстнүүдийн дундаас талархлыг өргөж, Таны нэрийг би магтан дуулна.
49|15740568|16236076|Тэр Өөрийнхөө хаанд авралын цамхаг бөгөөд Өөрийнхөө тосолсон нэгэнд, Давид болон түүний үр удамд хайр өршөөлийг үүрд мөнх үзүүлдэг
50|16271444|16320219|гэж дуулав.
