verse|start|end|sentence
1|96623|169873|арваннэгдүгээр бүлэг
2|285723|418597|Давид Батшебатай завхайрав
3|524040|1029161|Хавар цаг, хаад дайнд морддог үеэр Давид, Иоабыг түшмэдүүд болон бүх Израилийн хамт илгээхэд тэд Аммоны хөвгүүдийг сүйрүүлж Раббаг бүслэн авав.
4|1122786|1239827|Давид харин Иерусалимд үлджээ.
5|1373979|1517260|Тэгтэл нэгэн орой Давид орноосоо босож
6|1543544|1671786|хааны өргөөний дээвэр дээгүүр алхалж байгаад
7|1695909|1849245|угаал үйлдэж буй нэгэн эмэгтэйг дээвэр дээрээс харав.
8|1883466|1997818|Тэр эмэгтэйн төрх ихэд үзэсгэлэнтэй ажээ.
9|2028820|2216069| Давид хүн явуулж тэр эмэгтэйн тухай лавлан асуухад тэр хүн нь
10|2265946|2482433|Энэ чинь хит хүн Уриагийн эхнэр, Елиамын охин Батшеба биш үү гэв.
11|2505144|2662581| Тиймээс Давид элч нарыг явуулж, түүнийг авчруулав.
12|2699846|2842465|Эмэгтэй түүн дээр ирсэнд Давид түүнтэй унтав.
13|2867117|3019438|Тэр эмэгтэй бузраас цэвэршээд гэртээ харив.
14|3099700|3336782|Эмэгтэй жирэмсэн болоод, Давид уруу хүн явуулж Би жирэмсэн боллоо гэж хэлүүлэв.
15|3383925|3491617|Тиймээс Давид Иоаб уруу хүн явуулж
16|3534041|3675426|Хит хүн Уриаг над уруу ирүүл гэж хэлүүлэв.
17|3695535|4201274|Ийнхүү Иоаб Уриаг Давид уруу явуулжээ.  Уриа түүн дээр ирэхэд Давид түүнээс Иоаб болон ард олны сайн сайхан ба тулалдааны явцын талаар лавлан асуув.
18|4226896|4299529|Тэгээд Давид Уриад
19|4322549|4442942|Гэртээ харьж, хөлөө угаагтун гэв.
20|4467771|4685184|Уриа, хааны өргөөнөөс гарч явсанд хаан түүний араас бэлэг илгээв.
21|4706704|4982462|Гэвч Уриа гэртээ харилгүй хааны өргөөний үүдэнд эзнийхээ хамаг зарц нарын хамт унтжээ.
22|5011171|5181397|Уриа гэртээ хариагүй гэж Давидад мэдэгдэхэд тэр, Уриад
23|5235331|5485951|Чи аянаас ирээгүй гэж үү Яагаад чи гэртээ харьсангүй вэ гэв.  Уриа Давидад
24|5537813|6279487|Бурханы авдар, Израиль, Иуда нар майханд орогнож, миний эзэн Иоаб болон эзний минь зарц нар задгай талд хэвтэж байхад би гэртээ идэж уун, эхнэртэйгээ унтахаар очих гэж үү Та амьд Би тийм зүйл огтхон ч хийхгүй гэв.
25|6333289|6408082|Иймд Давид Уриад
26|6440893|6642694|Өнөөдөр бас энд үлдэгтүн. Маргааш би чамайг явуулъя гэв.
27|6716650|6892830|Ингээд Уриа тэр өдөр болон дараа өдөр нь ч Иерусалимд байв.
28|6936489|7137629|Давид Уриаг урьж, өөрийн өмнө идүүлж, уулгасаар согтоожээ.
29|7167573|7524165|Үдэш Уриа гарч яван эзнийхээ зарц нартай хамт өөрийн дэвсгэр дээр унтав. Харин тэр гэртээ харьсангүй.
30|7579819|7643235|Уриаг хөнөөв
31|7684248|7898442|Өглөө болоход Давид Иоабт захидал бичиж, Уриагийн гараар илгээлээ.
32|7919169|7978131|эр захидал бичихдээ
33|8024347|8355406|Уриаг хамгийн ширүүн тулалдааны тэргүүн эгнээнд тавьж, түүнийг орхин холдогтун. Тэгвэл тэр цохигдон үхнэ гэсэн байлаа.
34|8391612|8646687|Иймээс Иоаб хотыг ажиглаад, эр зоригтой дайснууд байгаа гэж мэдсэн газарт Уриаг тавив.
35|8683113|9055097|Хотын хүмүүс гарч ирэн Иоабтай тулалдахад Давидын зарц нарын зарим нь унаж үрэгдсэн бөгөөд хит хүн Уриа ч мөн үхэв.
36|9078470|9310083|Тэгээд Иоаб хүн илгээн тулалдааны бүх үйл явдлыг Давидад мэдэгджээ.
38|11068747|11962521|Элч Давидад Дайсны эрчүүд бидний эсрэг давуу хүчээр байлдан хээр талд гарч ирсэн боловч бид тэднийг гулдан хаалганы үүд хүртэл шахав.  Тэгэхэд хэрмэн дээрээс харваачид таны зарц нарыг харваж, хааны зарц нар үрэгдэж мөн таны зарц хит хүн Уриа ч үхэв гэж өчив.
39|11997052|12065274|Тэгэхэд Давид, элчид
40|12102054|12197310|Чи Иоабт ийнхүү дамжуул.
41|12222711|12398450|Илд хэнийг ч залгидаг учраас энэ хэрэгт санаа бүү зовогтун.
42|12423763|13503111|Хотын эсрэг довтолгоогоо ширүүсгэж, хотыг арчин хая гэж хэлж түүний урмыг сэргээ гэв.  Нөхөр Уриа нь үхсэн гэдгийг Уриагийн эхнэр сонсоод нөхрийнхөө төлөө гашуудав.  Гашуудлын үе өнгөрөхөд Давид хүн явуулж тэр эмэгтэйг өргөөндөө авчруулав. Тэр эмэгтэй түүний эхнэр болж, түүнд нэгэн хүү төрүүлэв.
43|13529835|13644936|Давидыг Натан буруушаав
44|13671705|13913417|Гэвч Давидын үйлдсэн зүйл ЭЗЭНий мэлмийд ёрын муу байв.
