verse|start|end|sentence
1|93888|163743|арванесдүгээр бүлэг
2|223983|258205|Иоабт
3|312669|350595|Харагтун,
4|376040|551646|хаан Абсаломын төлөө уйлан гашуудаж байна гэж мэдэгдэв.
5|639053|1368334|Хаан хөвгүүнийхээ төлөө гашуудаж байгааг ард олон дуулсан учир, тэр өдрийн ялалт нь хамаг ард олонд эмгэнэл болон хувирав.  Тулаанаас зугтан гарч ичгүүрт орсон гэтэн явагч нар шиг тэр өдөр ард олон хотод гэтэж нуугдсаар орж ирэв.
6|1411685|1945912|Хаан нүүрээ бүтээн чанга дуугаар Миний хүү Абсалом. Абсалом оо. Миний хүү, миний хүү гэж орилон хашхирч байв. Иоаб хааны гэрт очин, хаанд
7|1968094|2731642|Та өнөөдөр таны амь болон таны охид хөвгүүдийн амь мөн таны эхнэрүүд болон татвар эмсийн тань амийг аварсан өөрийнхөө бүх зарц нарын нүүрийг эвгүйцлээр хучив. Учир нь та өөрийг тань үзэн ядагч хүмүүсийг хайрлаж харин хайрлагч хүмүүсийг үзэн ядав.
9|4255517|4401047|Ингээд хаан босож, хаалганы дэргэд суув.
10|4421951|4469446|Тэд бүх хүнд
11|4498685|4784188|Харагтун, хаан хаалганы хажууд сууж байна гэхэд ард олон бүгд хааны өмнө ирэв.
12|4810295|4936598|Давид Иерусалимыг эргүүлэн авав
13|4963322|5171254|Израиль хүмүүс өөр өөрсдийн майхан уруу бүгд зугтааж буцсан байв.
14|5193083|5484717|Израилийн бүх овгуудад хүмүүс маргалдан Хаан л биднийг дайсны гараас, филистчүүдийн гараас аварч гаргасан.
15|5507913|6859622|Харин одоо Абсаломаас болж хаан минь газар нутгаасаа зугтав.  Бидний тосолж, өргөмжилсөн Абсалом тулалдаанд үрэгдэв. Гэтэл одоо та нар яагаад хааныг буцаан авчрах талаар эс дуугарна вэ гэцгээж байв.  Давид хаан тахилч Задок, Абиатар нарт хүн явуулж Иудагийн ахмадуудад ингэж хэл. Хамаг Израилийн хэлэлцэн байгаа нь хаанд ч хүрсэн атал та нар юунд хаанаа ордонд нь буцаан авчрахад сүүл барина вэ  Та нар миний ах дүүс, яс махны минь тасархай.
16|6885465|7040565|Тийн атал юунд хааныг буцаан авчрахад сүүл барьж байна вэ
17|7074169|7129029| Бас Амасад
18|7152358|8167628|Чи миний яс махны тасархай бус уу Хэрэв чи цаашид Иоабын оронд миний цэргийн жанжин ямагт эс байваас намайг Бурхан шийтгэг, бүр илүүг үйлдэг гэж хэлүүлэв.  Ингээд Давид хамаг иуда эрчүүдийн зүрхийг нэг хүний зүрх мэт өөртөө хандуулав. Иудачууд хаанд үг илгээн Та болоод зарц нар тань эргэн ирнэ үү гэв.
19|8204805|8575641|Тэгээд хаан эргэн явж Иордан голд хүрэхэд иудачууд хааныг угтан Иордан голыг гатлуулахын тулд Гилгалд иржээ.
20|8614890|9374601|Бахуримын бениамин хүн Герагийн хөвгүүн Шимеи, Давид хааныг угтахаар яаран иудачуудын хамт ирэв.  Түүний хамт мянган бениамин эр мөн Саулын гэрийн зарц Зиба ч арван таван хөвгүүн, хорин зарц нараа дагуулан хааны өмнө Иордан голд иржээ.
22|11059927|11166825|Зеруиагийн хөвгүүн Абишаи хариулан
23|11208235|11391867|ЭЗЭНий тосолсон хүнийг хараасан тул Шимеи үхэх ёсгүй гэж үү гэв.
24|11414843|11457400|Гэвч Давид
25|11506307|11677239|Зеруиагийн хөвгүүд минь, та бидэнд ямар хамаатай вэ
26|11710225|11820078| Юунд энэ өдөр надад садаа болно вэ
27|11841335|12181302|Би өнөөдөр Израилийн хаан мөн гэдгээ мэдээгүй байна. Тэгээд ч энэ өдөр Израильд хүн үхэх ёстой гэж үү? гэж хэлэв.
28|12208379|12468348|Тэгээд хаан Шимеид Чи үхэхгүй гэж айлдаж, түүнд тангараглав.
29|12501600|12635840|Мефибошет Давидтай уулзав
30|12687437|13274320|Саулын ач хүү Мефибошет хааныг угтахаар ирэв. Тэрээр хааныг гарч явсан өдрөөс эхлэн амар мэнд буцаж ирсэн өдөр хүртэл хөлөө арчлаагүй, сахлаа хусаагүй, хувцсаа ч угаагаагүй ажээ.
31|13307219|13734018|Хааныг угтахаар түүнийг Иерусалимаас ирсэн үед хаан түүнээс Мефибошет, чи юунд надтай хамт явсангүй вэ гэж асуув. Тэр
32|13789143|14327560|Хаан эзэн минь, боол би хөлгүй учир Би илжиг эмээллэн унаж, хаантай хамт явъя гэж хэлсэн боловч зарц минь намайг мэхлэв. Тэр боол, эзэн хаанд минь намайг бас гүжирдэв.
33|14359048|14546693|Гэвч эзэн хаан минь Бурханы тэнгэрэлч мэт тул тааллаараа л бол.
34|14609183|15596582|Эцгийн минь гэрийнхэн бүгд хааны өмнө юу ч биш, үхвэл таарах хүмүүс байсан боловч, боол намайг та өөрийнхөө хоолны ширээнд хооллох хүмүүсийн дунд оруулсан. Тиймээс би хаанд дахин гомдоллох ямар эрхтэй билээ? гэв.  Хаан түүнд Чи юунд өөрийнхөө хэргийг ярина вэ Чамд болон Зибад тэр газрыг хувааж өгнө гэж би шийдсэн гэж хэлэв.
35|15624144|15686149|Мефибошет, хаанд
36|15732322|16064042|Хаантан амар мэнд гэртээ буцаж ирснээс хойш тэр бүгдийг нь аваг гэлээ.Давид Барзиллаи хоёр
37|16101968|16460148|Гилеад хүн Барзиллаи Рогелимоос Иордан голд хааныг үдэн гаргахын тулд хаантай хамт Иордан гол хүртэл явав.
38|16487137|16620319|Барзиллаи наян настай, их хөгшин хүн байв.
39|16662391|16905294|Тэрээр их баян хүн байсан учир Маханаимд байх зуур нь хааныг хүнсээр хангаж байлаа.
40|16928446|17436787|Хаан, Барзиллаид Надтай хамт гатлан явагтун. Иерусалимд надтай хамт байхад би таныг идэх хүнсээр хангах болно гэв.  Гэвч Барзиллаи хаанд
41|17460380|17740900|Хаантай хамт Иерусалимд очсон ч би хэдий удаан наслах билээ Би одоо наян настай.
42|17765596|18131185|Би сайн мууг ялгаж чадах уу Идэж уугаад би амтална гэж үү Эр, эм дуучдын хоолойг ялган сонсож чадна гэж үү
43|18158792|18326725|Ийм учир боол би эзэн хаанд тээр болох бус уу
44|18351553|18531040|Боол би хаантай хамт Иордан голыг гаталж, жаахан яваад буцъя.
45|18558338|18694827|Яасан гэж надад хаан ийм шагнал хайрлана вэ
46|18718597|19011862|Би өөрийнхөө хотод, эцэг эхийнхээ булшны ойр үхмээр байгаа учир боол намайг буцаагаач.
47|19050185|19291500|Гэсэн ч таны зарц Кимхам энд байна. Тэр миний эзэн хаантай хамт гатлан яваг. 
48|19324972|19477073|Та тааллаараа л түүнд үйлдэгтүн гэж хэлэв.
49|19498550|19638303|Хаан Кимхам надтай хамт гатлан явах болно.
50|19662955|19795034|Би түүнд чиний таалсныг үйлдэх болно.
51|19817481|20000805|Чи надаас юу хүснэ, түүнийг чинь би биелүүлж өгье гэв.
52|20026824|20188098|Ингээд ард олон бүгдээрээ Иордан голыг гатлав.
53|20218262|20288778|Хаан ч мөн адил гатлав.
54|20315458|20539486|Хаан, Барзиллаиг үнсэж, түүнийг ерөөхөд тэр хот уруугаа буцав.
55|20563697|21588361|Хаан Гилгал уруу явахад Кимхам түүнтэй хамт явсан бөгөөд Иудагийн бүх ард олон мөн израильчуудын хагас нь хаан дээр хүрч ирэв. Харагтун, израильчууд бүгд хаан дээр ирээд Бидний ах дүүс болох иудачууд яах гэж таныг булааж, хаан хийгээд түүний гэрийнхэн бас хамт байгаа Давидын хүмүүсийг Иордан гол гатлуулан авчрав гэцгээв.
56|21611337|21953112|Иудагийн бүх хүмүүс израильчуудад Яагаад гэвэл хаан бидний ойрын төрөл юм. Та нар юунд энэ талаар уурлана вэ
57|21976176|22254006|Хааныхаас бид хооллосон уу Эсвэл бид ямар нэгэн зүйл өөрсдөдөө авч үлдсэн үү гэв.
58|22275439|22385733|Израильчууд иудачуудад хариулж
59|22436889|22697387|Бид хаанд арван хувьтай билээ. Тиймээс Давидад ч та нараас илүү байх ёстой.
60|22725082|23082292|Тийн атал юуны учир биднийг үл тоомсорлоно вэ Хаантнаа буцаан залах гэж эхэлж хэлэлцсэн нь бид бус уу гэв.
61|23126436|23349186|Гэвч иудачуудын үг нь израильчуудын үгнээс илүү хатуу байлаа.
