verse|start|end|sentence
1|95873|164096|арванхоердугаар бүлэг
2|212870|423271|Дараа нь ЭЗЭН, Натаныг Давид уруу илгээсэнд тэр Давид дээр ирж
3|463358|701234|Нэгэн хотод хоёр хүн байжээ. Нэг нь баян, нөгөө нь ядуу зүдүү хүн байв.
4|768001|1601006|Баян хүн нь үлэмж их хонь болон үхэр сүрэгтэй байжээ.  Харин ядуу нь өөрөө худалдан авч тэжээсэн нэг бяцхан охин хурганаас өөр юу ч үгүй юмсанж. Хурга түүнтэй болон хүүхдүүдтэй нь хамт өсөн бойжиж, талхнаас нь идэж, аяганаас нь ууж, өвөрт нь унтаж, тэр хүнд яг л охины нь адил байв.
5|1626099|1749888|Гэтэл баян хүнийд аянчин иржээ.
6|1773172|2304092|Өөр дээр нь ирсэн аянчинд зориулан өөрийн хонь болон үхэр сүргээс төхөөрөхийг баян хүн хүссэнгүй. Харин тэрээр ядуу хүний охин хургыг авч, өөр дээр нь ирсэн хүнд зориулан төхөөрчээ
7|2324378|2349427|гэв.
8|2384046|2522784|Тэгэхэд Давид тэр хүнд ихэд хилэгнэж Натанд
9|2553081|2678898|ЭЗЭН амьд Үүнийг үйлдэгч нь үхэг.
10|2700507|3068257|Тэр хүнд өрөвдөх сэтгэл байсангүй бөгөөд ийм хэрэг үйлдсэн учраас охин хурганы төлөө тэрээр дөрөв нугалж төлөх ёстой гэв.
11|3091939|3179609|Тэгэхэд Натан, Давидад
12|3205717|3361346|Тэр хүн нь та билээ Израилийн Бурхан ЭЗЭН айлдахдаа
13|3384895|3660035|Чамайг Израилийн хаанаар тослон томилсон бөгөөд Саулын гараас аварч гаргасан нь Би билээ.
14|3682658|4055480|Бас чамд эзний чинь гэрийг мөн түүний эхнэрүүдийг өвөрт чинь өгч, Израиль болон Иудагийн гэрийг даатгасан нь Би билээ.
15|4078544|5175311|Хэрэв энэ нь дэндүү багадсан бол Би чамд энэ мэт зүйлсийг илүү ихээр нэмж өгөх байсан Юунд чи ЭЗЭНий мэлмийд ёрын мууг үйлдэн Түүний үгийг үл тоомсорлов Чи хит хүн Уриаг илдээр алсан бөгөөд эхнэрийг нь өөрийн эхнэр болгон авч, өөрийг нь Аммоны хөвгүүдийн илдээр алуулав.Тиймээс одоо чиний гэрээс хэзээ ч илд салахгүй.
16|5203447|5504738|Учир нь чи Намайг үл тоомсорлож, хит хүн Уриагийн эхнэрийг өөрийн эхнэр болгон авсан” гэлээ.
17|5540635|5628438|Бас ЭЗЭН ингэж айлдаж байна.
18|5653619|5685371|Үзэгтүн
19|5712625|6834000|Би гэрийнхний чинь дотроос чиний эсрэг бузар хөнөөлийг гаргана. Би чиний нүдэн дээр эхнэрүүдийг чинь авч хөршид чинь өгнө. Тэр хүн гэгээн цагаан өдөр чиний эхнэрүүдтэй унтах болно.  Чи энэ явдлыг нууцаар үйлдсэн бол, харин Би хамаг Израилийн өмнө, гэгээн цагаан өдөр үүнийг гүйцэлдүүлнэ гэсэн гэж хэлэв. Тэгэхэд Давид, Натанд
20|6855830|7087575|Би ЭЗЭНий эсрэг нүгэл үйлдлээ гэв. Натан, Давидад
22|9162877|9214121|Давидын зарц нар
23|9238112|10007172|Харагтун, хөвгүүнийг амьд байхад бид хааныг ятгасан ч тэр бидний дуу хоолойг сонсоогүй. Хөвгүүн нь өөд болсныг одоо хэлбэл хаан өөртөө хор хүргэж магадгүй тул хаанд яаж хэлэх вэ? гэлцэж, хөвгүүнийг өөд болсныг Давидад хэлэхээс айж байв.
24|10028031|10274197|Харин Давид зарц нарынхаа шивнэлдэхийг хараад, хөвгүүн өөд болсныг ойлголоо.
25|10294748|10377391|Ийнхүү Давид зарц нараасаа
26|10397942|10619103|Хөвгүүн өөд болсон уу гэж асуухад тэд Тийм ээ, тэр өөд болов гэв.
27|10643270|10887011|Ингээд Давид газраас босож, угаал үйлдэн биеэ тослоод, хувцсаа солив.
28|10924363|11359983|Тэр ЭЗЭНий өргөөнд орж хүндэтгэн мөргөв. Дараа нь гэртээ хариад хоол хийлгэж идэв.  Тэгтэл зарц нар нь Таны үйлдсэн энэ хэрэг ямар учиртай юм бэ
29|11399850|11731173|Хөвгүүн амьд байхад та мацаг барьж, уйлж байсан, харин хөвгүүн өөд болоход та босож, хоол идлээ гэлцэв.
30|11755340|11781491|Давид
31|11813287|12210628|Хөвгүүнийг амьд байх үед би мацаг барин, уйлж байсан нь ЭЗЭН намайг нигүүлсэж, хөвгүүнийг амьдруулах магад хэмээн санасны учир юм.
32|12236030|12327140|Гэтэл одоо тэр өөд болчихлоо.
33|12353688|12807036|Би юунд мацаг барих ёстой билээ Би түүнийг дахин эргүүлж авчирч чадах бил үү Би өөрөө түүн дээр очих болно. Харин тэр над дээр эргэж ирэхгүй гэв.
34|12844830|12912303|Соломон төрөв
35|12947980|13188546|Тэгээд Давид өөрийн эхнэр Батшебаг тайтгаруулан түүн дээр орж, түүнтэй унтав.
36|13218622|13809870|Тэр эмэгтэй хүү төрүүлээд түүнийг Соломон гэж нэрлэжээ. ЭЗЭН түүнийг хайрласан бөгөөд  эш үзүүлэгч Натаны гараар мэдээ илгээн ЭЗЭНий төлөө Иедидиа гэж түүнийг нэрлэлээ.
37|13846782|13947066| Аммончуудыг нухчин дарав
38|13990372|14260396|Тэр үед Иоаб, Аммоны хөвгүүдийн Раббагийн эсрэг тулалдан хаан хотыг нь эзэлж авав.
39|14290781|14602347|Иоаб, Давидад элч нарыг илгээн Би Раббагийн эсрэг дайтаад усны хотыг нь хүртэл эзэлж авлаа.
40|14631101|14946592|Тиймээс одоо, ард олноос үлдсэн хүмүүсийг хамтад нь цуглуулж, тэр хотын эсрэг хуарагнан, түүнийг эзлэн авагтун.
41|14968201|15866518|Эс тэгвээс би өөрөө энэ хотыг эзэлж аван энэ нь миний нэрээр нэрлэгдэх болно гэж хэлүүлэв.  Иймээс Давид бүх ард олноо цуглуулж Рабба уруу очоод түүний эсрэг дайтаж, хотыг эзэлж авчээ.  Тэгээд тэрээр тэдний хааны титмийг толгойноос нь авчээ. Титэм нэг талант алтны жинтэй бөгөөд
42|15889053|15984574|эрдэнийн чулуу суулгасан байв.
43|16029027|17110623|Тэр титмийг Давидын толгойд өмсгөжээ. Тэр хотоос Давид маш их хэмжээний олз омог авчрав.  Давид бас тэр хотод байсан хүмүүсийг авчран хөрөө, ирт төмөр зээтүү ба төмөр сүхээр хийх ажилд тавьж, тоосго цохиулав. Аммоны хөвгүүдийн бүх хотод Давид энэ мэтээр үйлдэв. Тэгээд Давид болон бүх ард олон Иерусалимд буцаж ирэв.
