verse|start|end|sentence
1|92610|166389|арвангуравдугаар бүлэг
2|195671|268128|Амнон Тамар хоёр
3|383537|709039|Дараа нь ийм явдал болов. Давидын хүү Абсаломд Тамар нэртэй маш үзэсгэлэнт охин дүү байсан бөгөөд
4|732545|850292|Давидын хүү Амнон түүнд дурлажээ.
5|904932|1088520|Амнон дүү охин Тамараас болж маш их шаналсны улмаас өвдөв.
6|1121815|1380726|Учир нь Тамар онгон байсан бөгөөд түүнд ямар нэг юм хийхэд Амнонд хэцүү санагдаж байв.
7|1461870|1698291|Гэвч Амнонд Давидын ах Шимеагийн хүү Ионадаб гэдэг нэгэн найз байлаа.
8|1731145|1820889|Ионадаб их зальтай хүн байв.
9|1852288|2290068|Тэр Амнонд Хааны хүү минь, юунд та өглөөнөөс өглөөд ийм дарамттай байна вэ Та надад хэлэхгүй юм уу гэхэд Амнон түүнд
10|2321379|2526621|Би дүү Абсаломынхаа охин дүү Тамарт дурлав гэлээ.
11|2554801|2635195|Тэгэхэд Ионадаб түүнд
12|2692437|2919464|Орондоо хэвтэж, өвчтэй мэт дүр үзүүл. Эцэг чинь чамайг эргэхээр ирэхэд нь түүнд
13|2940940|3146799|Дүү охин Тамарыг ирүүлж, миний нүдний өмнө хоол ундыг минь бэлдүүлээч.
14|3180095|3369989|Би үүнийг нь харж, Тамарын гараас талх идмээр байна гэж хэл гэв.
15|3419690|3552122|Иймээс Амнон хэвтэж, өвчтэй мэт дүр үзүүлэв.
16|3572761|3699108|Хаан түүнийг эргэхээр ирэхэд нь Амнон хаанд
17|3729581|4062668|Дүү охин Тамарыг ирүүлж, миний нүдний өмнө надад хэдэн боов хийлгүүлж, надад түүний гараас идэхийг зөвшөөрөөч гэв.
18|4085424|4253136|Тэгэхэд Давид Тамарыг авчруулахаар гэр уруу нь хүн явуулж
19|4306541|4476502|Амнон ахынхаа гэрт очиж, түүнд хоол хийж өгөгтүн гэж хэлүүлэв.
20|4535376|4705778|Иймээс Тамар, Амнон ахынхаа гэрт ирсэн бөгөөд тэр хэвтэж байв.
21|4767254|5251869|Тамар зуурсан гурил авч нухсаар, нүднийх нь өмнө боов хийж жигнэв.  Тэр эмэгтэй тогоог авч, түүний өмнө боовыг тавьсан боловч Амнон идэхээс татгалзав. Амнон
22|5287545|5510162|Цөмөөрөө эндээс гарцгаа гэсэнд бүгд өрөөнөөс нь гарав.  Дараа нь Амнон Тамарт
23|5558099|5741908|Хоолыг дотоод өрөөнд авчир. Би чиний гараас л иднэ гэв.
24|5766075|6224185|Тамар өөрийн хийсэн боовыг Амнон ахынхаа дотоод өрөөнд авч очиж,  Амнонд идүүлэхээр авчиртал, Амнон түүнийг хүчээр тэвэрч Дүү минь, надтай унт гэв.
25|6246279|6286190|Харин Тамар
26|6306476|7173746|Болохгүй, ах минь. Намайг бүү гутаагаач. Израильд ийм зүйл хийдэггүй шүү дээ. Эрээ цээргүй ийм юм бүү үйлдээч Ийм гутамшигтайгаар би хааш явах вэ Та ч гэсэн Израильд мунхаг нэгэн мэт тооцогдоно шүү дээ. Иймээс гуйя, одоо хаанд айлтгагтун. Учир нь тэр намайг танаас харамлахгүй гэв.
27|7211628|7557946|Гэвч Амнон түүний үгийг сонсохыг хүссэнгүй. Амнон түүнээс илүү хүчтэй тул түүнийг хүчирхийлэн түүнтэй унтжээ.
28|7585905|7700256|Дараа нь Амнон түүнийг маш ихээр үзэн ядав.
29|7734037|8115502|Тэр үзэн ядалт нь түүнийг хайрлаж байсан хайраас нь ч илүү хүчтэй байлаа. Амнон түүнд Босоод, зайл гэв.  Харин Тамар түүнд
30|8146725|8535466|Үгүй. Намайг хөөж гаргах нь таны надад үйлдсэн бузар хэргээс ч илүү бузар байна шүү дээ гэсэн боловч тэр Тамарыг сонсохыг хүссэнгүй.
31|8595972|8699695|Тэгээд Амнон зарц залуугаа дуудан
32|8730168|8894573|Энэ эмийг надаас хөөж гаргаад, үүдээ түгж гэж тушаав.
33|8970777|9111589|Амноны зарц түүнийг хөөж гаргаад, үүдээ түгжив.
34|9149559|9279433|Тамар ханцуйтай урт хувцас өмссөн байв.
35|9304879|9440310|Хааны онгон гүнжүүд ийм хувцас өмсдөг байлаа.
36|9482558|9818776|Тамар толгой дээрээ үнс цацаад, ханцуйтай урт хувцсаа урж, толгой дээрээ гараа тавин чангаар орилсоор явав.
37|9853527|10379640|Түүний ах Абсалом түүнд Чиний ах Амнон чамтай хамт байсан уу Харин одоо, дүү минь, дуугүй бай. Тэр чинь чиний ах шүү дээ. Энэ явдлыг зүрхэндээ бүү хадгал гэв.
38|10406541|10606402|Ийнхүү Абсалом ахынхаа гэрт Тамар үлдээд, ганцаар амьдрав.
39|10650105|10869723|Давид хаан эдгээр бүх хэргийн талаар сонсоод ихэд уурлан хилэгнэлээ.
40|10899094|11073862|Харин Абсалом, ах Амнондаа сайн муу юу ч ярьсангүй.
41|11105129|11342034|Охин дүү Тамарыг нь хүчирхийлсэн учир Амноныг Абсалом үзэн ядаж байв.
42|11363026|11495282|Абсалом дүүгийнхээ улмаас өширхөв
43|11541146|11952511|Түүнээс хойш хоёр жил өнгөрсний дараа Абсалом Ефраимын ойролцоо Баалхазорт хонь хяргах баяр хийн, хааны бүх хөвгүүнийг урив.
44|11974296|12058218|Абсалом, хаанд бараалхан
45|12085516|12458911|Харагтун, боол тань ноос хяргах баяр хийх учир хаан та өөрийн зарц нарын хамт боол надтай яваач гэв.
46|12497543|12574365|Гэвч хаан, Абсаломд
47|12603868|13498789|Үгүй, хүү минь, бид бүгдээрээ явах хэрэггүй. Учир нь бид чамд хүнд дарамт болж магадгүй гэв. Абсалом хичнээн ятгасан ч Давид явсангүй, харин түүнийг ерөөв.  Тэгэхэд нь Абсалом Тэгвэл миний ах Амноныг бидэнтэй хамт явуулаач гэж гуйхад хаан түүнээс
48|13519957|13644539|Яагаад тэр чамтай явах ёстой билээ гэж асуув.
49|13666281|14003028|Гэвч Абсалом түүнийг ятгасан бөгөөд тэр Амноныг бас хааны бүх хөвгүүнийг түүнтэй хамт явуулав
50|14028739|14132197|Тэгээд Абсалом зарц нартаа тушааж
51|14153939|14823685|Одоо анхаар Амноны зүрх дарсанд хөгжин баясахад мөн би та нарт Амноныг цохигтун гэж хэлмэгц түүнийг алагтун. Бүү айцгаа. Би өөрөө та нарт тушааж байгаа бус уу Хүчтэй бас зоригтой бай гэв.
52|14861788|15072806|Ингээд Абсаломын зарц нар тушаасан ёсоор нь Амноныг алсан билээ.
53|15107954|15398044|Тэгэхэд хааны хөвгүүд бүгд босож, өөр өөрсдийн луусыг унан зугтацгаав.  Тэднийг замдаа явж байхад
54|15447921|15566770|Хааны бүх хөвгүүнийг Абсалом цохиж аллаа.
55|15591069|16169485|Тэднээс нэг нь ч амьд үлдсэнгүй гэх мэдээ Давидад ирэв.  Тэгэхэд хаан босож, хувцсаа уран газарт хэвтэв. Түүний бүх зарц нар дэргэд нь хувцсаа уран зогсож байлаа.
56|16212615|16377461|Харин Давидын ах Шимеагийн хүү Ионадаб хариулан
57|16426500|17265370|Хааны хөвгүүд болох тэдгээр залуус бүгд алагдав гэж эзэнтэн минь бүү бод. Амнон л үхжээ. Учир нь дүү охин Тамарыг нь Амнон хүчирхийлсэн өдрөөс Абсаломын ингэх нь тодорхой байсан юм.  Тиймээс одоо Хааны бүх хөвгүүн алагдав гэсэн энэ мэдээг эзэн хаан минь зүрхэндээ бүү тээ.
58|17287420|17406270|Учир нь ганцхан Амнон л үхэв гэлээ.
59|17458352|17539893|Харин Абсалом зугтлаа.
60|17572791|17862131|Харуул залуу харцаа өргөтөл, үзэгтүн, түүний арын уулын хажуугийн замаар олон хүн ирж явав.
61|17883432|17949141|Ионадаб, хаанд
62|17975071|18223751|Харагтун, хааны хөвгүүд ирчихээд байна. Таны боолын хэлсний дагуу болжээ гэв.
63|18254621|18696239|Түүнийг тийнхүү айлтгамагц, харагтун, хааны хөвгүүд орж ирж, бархиран уйлалдав. Мөн хаан болон түүний хамаг зарц нар ихэд цурхиран уйлалдав.
64|18728520|18936451|Абсалом зугтан Гешурын хаан Аммихудын хүү Талмаи уруу очжээ.
65|18986240|19200787|Харин Давид үхсэн хүүгийнхээ хойноос өдөр бүр гашуудан гансарч байлаа.
66|19260542|19471384|Ингээд Абсалом зугтан Гешурт очоод тэнд гурван жилийн турш байв.
67|19532286|19858582|Тэгтэл Амноны үхлийн тухайд Давид хаан тайвширсан учраас Абсаломын хойноос явахыг эрмэлзэх болов.
