verse|start|end|sentence
1|94903|165022|арвандолоодугаар бүлэг
2|236949|347552|Цаашилбал Ахитофел, Абсаломд
3|391828|974610|Арван хоёр мянган хүнийг шилж авч босоод, энэ шөнө Давидыг нэхэн хөөхийг зөвшөөрнө үү. Түүнийг эцэж сульдсан байх үед нь би түүнийг дайрч, түүнтэй хамт байгаа бүх хүмүүсийг зугтах болтол түүнийг түйвэргэе.
4|998379|1071630|Тэгээд би зөвхөн хааныг нь алъя.
5|1110173|1601094|Би хамаг ард олныг тан дээр буцааж авчирна. Хүн бүрийн буцаж ирэх нь таны хайж буй ганцхан хүнээс шалтгаалж байна. Тэгсний дараа хүн бүхэн амар тайван байх болно гэж хэлэв.
6|1622130|1906663|Энэ үг Абсалом болон Израилийн бүх ахмадуудад таалагдав. Хушаин зөвлөгөө
7|1942340|2182773|Гэвч Абсалом Архе хүн Хушаиг мөн дууд. Тэр юу гэж хэлэхийг нь сонсъё гэв.
8|2222199|2389779|Хушаиг Абсалом дээр очиход Абсалом түүнд ийнхүү хэлэв.
9|2442478|2518903|Ахитофел ингэж хэллээ.
10|2554492|2646926|Бид түүний үгээр болох уу, үгүй юу
11|2673386|2798718|Хэрэв үгүй бол, чи үгээ хэлнэ үү гэв.
12|2820768|2878848|Хушаи, Абсаломд
13|2906675|3123426|Энэ удаа Ахитофел сайн зөвлөгөө өгсөнгүй гэв.  Тэгээд цааш нь Хушаи
14|3152973|3636971|Хээр талд бамбаруушаа булаалгасан эвшийн адил эцэг чинь бас түүний цэргүүд догшин, хүчтэй эрчүүд гэдгийг чи мэднэ. Чиний эцэг дайнд гаргууд мэргэшсэн хүн.
15|3661358|4418643|Тэрээр ард олонтой хамт шөнийг өнгөрүүлэхгүй.  Хараарай, тэр одоо нэг агуйд, эсвэл ондоо газарт нуугдаж байгаа. Хэрэв таны цэргүүдийг тэр довтолбол, үүнийг сонссон хүн бүр Абсаломыг дагасан хүмүүсээс олноороо хядуулжээ гэж хэлнэ.  Тэгвэл арслан адил зоригтой хүний ч зүрх мохно.
16|4450792|5596113|Чиний эцэг хүчит хүн бөгөөд эрэлхэг зоригтой хүмүүс түүнтэй байдаг гэдгийг Израиль даяар мэднэ.  Харин Данаас Беершеба хүртэлх далайн хөвөөний элс мэт үй олон израильчуудыг бүгдийг нь цуглуулж, та өөрөө тулалдаанд гарагтун гэж би зөвлөх байна.  Түүнийг олж болохоор нэг газарт бид түүн уруу очиж, газар буух шүүдэр мэт түүнийг бид нөмрөн авч, өөрийг нь болон хамт буй хамаг цэргийн нэгийг нь ч амьд үлдээхгүй.
17|5620809|6074995|Хэрэв тэрээр аль нэгэн хотод орогновол бүх Израиль тэр хот уруу олс авчран тэнд ганц ч чулуу үлдэхгүй болтол нь тэр хотыг хөндий хүртэл чирнэ гэв.
18|6104366|6832942|Абсалом болон Израилийн хамаг ард олон Архе хүн Хушаин зөвлөгөө нь Ахитофелын өгсөн зөвлөгөөнөөс илүү дээр юм гэцгээв. Учир нь ЭЗЭН Абсаломд гай учруулахын тулд Ахитофелын сайн зөвлөгөөг бүтэлгүй болгохоор шийдсэн ажээ.
19|6877350|6979839|Хушаи Давидыг аварсан нь
20|7016221|7148389|Тахилч Задок Абиатар нарт хандан Хушаи
22|8807431|8996752|Иймд тэр хоёр яаравчлан явсаар, Бахуримд нэгэн хүний гэрт очив.
23|9023124|9184045|Тэр хүн хашаандаа худагтай бөгөөд тэд түүн дотор оров.
24|9211387|9490937|Эмэгтэй бүтээлэг авч ирээд, худгийн амыг бүтээж, дээр нь буудай тараан цацаж, юу ч мэдэгдэхгүй болгов.
25|9520704|10123331|Абсаломын зарц нар тэр эмэгтэйн гэрт ирж Ахимааз болон Ионатан нар хаана байна вэ гэхэд тэр эмэгтэй Тэд горхи гатлаад явсан гэв. Тэд эрж хайсан боловч олж чадалгүй Иерусалим уруу буцав.
26|10147939|10380919|Тэднийг явсны хойно тэр хоёр худгаас гарч ирэн Давид хаанд хэл хүргэхээр явав.
27|10417257|10459858|Тэд Давидад
28|10494300|11191962|Голыг түргэн гатлагтун. Учир нь Ахитофел та нарын эсрэг тэгж зөвлөсөн байна гэв.  Тэгээд Давид болон түүнтэй хамт байсан хүмүүс бүгд хөдлөн, Иордан голыг гатлав. Үүр цайх үеэр бүх хүн Иордан голыг гаталж дуусжээ.
29|11223758|11779198|Өөрийнх нь зөвлөгөө бүтээгүйг харсан Ахитофел, илжгээ эмээллэн төрөлх хот уруугаа явж гэртээ буцаж ирээд, гэрийнхэндээ захиас орхин өөрийгөө дүүжилж үхсэнд эцгийнх нь булшинд тавив.
30|11808965|11896019|Тэгээд Давид Маханаимд ирлээ.
31|11919921|12342531|Абсалом болон түүнтэй хамт байсан Израилийн хүмүүс бүгд Иордан голыг гатлав.  Абсалом, Иоабын оронд Амасаг цэргийн удирдагчаар томилсон байлаа.
32|12365199|13232249|Амаса, Иоабын эх Зеруиагийн дүү, Нахашийн охин Абигаилтай гэрлэсэн Итра хэмээгч израиль хүний хөвгүүн байв.  Ингээд Израиль болон Абсалом, Гилеадын нутагт хуарагнан буув. Давидыг Маханаимд ирэхэд Раббагийн Аммоны хөвгүүдээс Нахашийн хөвгүүн Шоби
33|13256107|14081526|Лодебарын Аммиелын хөвгүүн Махир, Рогелимын гилеад хүн Барзиллаи нар  ор дэвсгэр, аяга, ваар, буудай, арвай, гурил, шар будаа, шош, зармаг, хуурсан тариа,  зөгийн бал, цөцгий, хонь, бяслаг зэргийг Давид болон түүнтэй хамт явагчдын хүнсэнд авч ирэв.
34|14112837|14330647|Учир нь тэд ард олныг цөлд өлсөж ядран цангаж буй хэмээн боджээ.
