verse|start|end|sentence
1|86391|156863|наймдугаар бүлэг
3|2682691|3098466|Тэгээд Дамаскийн арамчуудын дунд Давид цэргийн ангиудаа байрлуулж, арамчууд алба гувчуур төлдөг Давидын зарц нар болцгоов.
4|3129600|3306088|Ийнхүү Давидын явсан газар бүрд ЭЗЭН түүнд туслав.
6|4788642|4940170|Иорам ирэхдээ алт, мөнгө, хүрэл эдлэлүүдийг авчрав.
7|4964910|5287016|Давид хаан тэдгээрийг нь өөрийн эзэлсэн бүх үндэстнээс авсан мөнгө алттай нийлүүлэн ЭЗЭНд зориулжээ.
8|5320135|5760518|Тэдгээр нь Арам, Моаб, Аммоны хөвгүүд, филистчүүд, Амалекаас мөн Зобагийн хаан Рехобын хүү Хададезерээс олзлон авсан юмс зэрэг байв.
9|5795401|6510923|Давид нэрээ дуурсгав. Тэрээр буцахдаа арван найман мянган арамчуудыг Давст Хөндийд хядав.  Тэрээр Едомд цэргийн ангиудыг байрлуулав. Бүх Едомд цэргийн ангиуд байрлуулснаар едомчууд бүгд Давидын зарц болов.
10|6551319|6752327|Тийнхүү ЭЗЭН явсан газар бүрд нь Давидад туслав.
11|6787475|6865443|Давидын түшмэд
12|6906986|7328317|Ийнхүү Давид бүх Израилийн хаан болж, ард түмнээ Давид зөв шударгаар засаглав.  Зеруиагийн хүү Иоаб цэргийн жанжин
13|7353322|8176713|Ахилудын хүү Иехошафат бичээч,  Ахитубын хүү Задок болон Абиатарын хүү Ахимелех нар тахилч, Сераиа хэрэг хөтлөгч,  Иехоиадагийн хүү Бенаиа нь керетчүүд болон пелетчүүдийг захирч, Давидын хөвгүүд зөвлөх сайдууд болов
