verse|start|end|sentence
1|94506|166345|арвантавдугаар бүлэг
2|204712|312536|Хаан ширээг Абсалом булаав
3|360473|644962|Дараа нь Абсалом өөртөө хөсөг тэрэг болон морьд бэлтгэж мөн өөрийнхөө урд гүйлгэх тавин хүнтэй болов.
4|698279|918823|Абсалом өглөө эртлэн босож, хаалгаар өнгөрөх замын дэргэд зогсдог болов.
5|939374|1321147|Хаанаар шүүлгэхийн тулд ирж буй заргатай хүн байвал Абсалом тэднийг дуудан Чи аль хотын хүн бэ гэхэд уг хүн
6|1344741|1548130|Таны боол би Израилийн ийм ийм овгийн хүн байна гэхчлэн хариулдаг байв.
7|1568196|2005094|Тэгэхэд Абсалом түүнд Хараач, чиний хэрэг сайн хийгээд зүйтэй юм. Харин хааны зүгээс чамайг сонсох хүн нэг ч байхгүй гэж хэлдэг байв.
8|2051223|2124385|Түүнчлэн Абсалом
9|2145376|3384630|Аяа, хэн нэгэн намайг энэ улсын шүүгчээр томилдогсон бол шүүх зарга бүхий хүн бүр над дээр ирэхэд би шударга байхсан гэдэг байв.  Хэн нэгэн түүнд ойртон ирж хүндэтгэн мөргөхөд тэр гараа сунган өнөөх хүнийг тэвэрч үнсдэг байжээ.  Шүүгдэхийн тулд хаан дээр ирсэн бүх израильтай Абсалом ингэж харьцдаг байв. Абсалом Израилийн хүмүүсийн зүрхийг ийн эзэмджээ.  Дөрвөн жил өнгөрөхөд Абсалом, хаанд
10|3411134|3613377|ЭЗЭНд өргөсөн тангаргаа би биелүүлэхийн тулд намайг Хеброн уруу явуулаач.
11|3653199|4369383|Таны боол би Арамын Гешурт байхдаа Хэрэв ЭЗЭН намайг үнэхээр Иерусалимд буцаан авчирвал би ЭЗЭНд үйлчлэх болно гэж тангарагласан юм гэв.  Хаан түүнд Амар тайван явтугай гэж айлдсанд тэрээр босож Хеброн уруу явав.
12|4392360|5096857|Гэхдээ Абсалом Израилийн бүхий л овог аймгаар тагнуул илгээж Эвэр бүрээний дууг сонсонгуутаа та нар Абсалом Хебронд хаанчилдаг хэмээгтүн гэж хэлүүлэв.  Тэгээд хоёр зуун хүн Абсаломын хамт Иерусалимаас явав.
13|5151409|5381082|Тэр хүмүүс уригдаж явсан бөгөөд юу болж байгааг ч мэдээгүй, гэмгүй хүмүүс байв.
14|5406660|5815467|Абсалом тахил нядлан тахиж байх зуураа хүн явуулж Давидын зөвлөх Гилогийн Ахитофелийг өөрийнх нь хот Гилогоос дуудаж авчрав.
15|5869842|6213557|Абсаломтай нэгдэх хүмүүс нэмэгдсээр байсан тул хуйвалдаан ч хүчтэй байв. Давид Иерусалимаас зугтав
16|6283456|6377697|Давид дээр нэгэн элч ирж
17|6417961|6567460|Израилийн хүмүүсийн зүрх Абсаломыг дагаж байна гэж хэлэв.
18|6620865|6805820|Тэгэхэд Давид Иерусалимд өөртэй нь хамт байсан бүх түшмэлдээ
19|6851508|7384986|Босоцгоо, зугтацгаая. Эс тэгвээс бидний хэн нь ч Абсаломаас оргон зайлж чадахгүй. Бушуулцгаа. Тэр биднийг үтэр гүйцэж гай учруулан илдний ирээр энэ хотыг устгах вий гэлээ.
20|7421456|7499822|Хааны зарц нар хаанд
21|7563458|7815357|Үзэгтүн, хаан эзнийхээ тааллаар хэлсэн бүхнийг тань бид биелүүлэхэд бэлэн байна гэцгээв.
22|7845919|8256049|Ингээд хаан гарч явахад гэрийнхэн нь бүгд түүнийг даган гарав. Харин хаан гэрээ сахиулахаар арван татвар эмийг үлдээв.
23|8284934|8488059|Хаан ба түүнтэй хамт байсан бүх ард олон гарч, захын гэрийн дэргэд зогсов.
24|8520693|8643996|Хамаг түшмэл нь хааны хажуугаар өнгөрөн
25|8665561|9502447|бүх керетчүүд болон бүх пелетчүүд, хаантай хамт Гатаас ирсэн зургаан зуун гит хүн бүгд хааны өмнүүр явж өнгөрөв.  Тэгэхэд хаан гит хүн Иттаид Юунд чи бас бидэнтэй хамт явна вэ Буцаж хаантай хамт үлд. Чи гаднын хүн бас нутгаасаа дайжсан хүн шүү дээ.
26|9522513|10127520|Чи дөнгөж өчигдөр л ирчихээд өнөөдөр бидний хамт хэрэн хэсүүчлэх хэрэг үү Би хандсан зүгтээ л арилж өгнө. Тиймээс чи өөрийн ах дүү нараа аваад буц даа. Энэрэл хайр ба үнэн нь чамд байг гэв.
27|10184586|10252147|Харин Иттаи хаанд
28|10273536|10393488|ЭЗЭН амьд Бас хаан эзэн минь амьд
29|10425504|10688869|Амьд ч бай, үхсэн ч бай эзэн хаан минь хаа байгаа газар, боол би тантай хамт байна гэж хариулав.
30|10735483|10893890|Тиймээс Давид, Иттаид Явж, өнгөрөгтүн гэв.
31|10943194|11257054|Ингээд гит хүн Иттаи, хамаг хүмүүс болон өөртэй нь хамт байсан бүхий л багачуудын хамтаар явж өнгөрөв.
32|11331142|11533120|Орон даяар орь дуу болон гашуудаж байх үед мөнөөх олон явж өнгөрөв.
33|11557639|11828810|Хаан Кидрон гууг гатлахад мөнөөх олон ч цөлийн зам тийш гатлан гарав.
34|11909425|12432627|Харагтун, Задок бүх леви хүмүүсийн хамт Бурханы гэрээний авдрыг авчраад, буулган тавьж, хамаг ард олныг хотоос гарч дуустал нь Бурханы авдрыг Абиатарын хажууд байлгав.
35|12457632|13600043|Хаан, Задокт Бурханы авдрыг хот уруу буцаан аваач. Хэрэв би ЭЗЭНий мэлмийд тааллыг олбол ЭЗЭН намайг дахин буцааж авчран, авдар болон Өөрийн оршихуйг үзүүлэх болно.  Харин Тэр Би чамайг сайнаар таалдаггүй гэж хэлбэл, харагтун, би энд байна. Мэлмийдээ тааламжтай гэснээ Тэр надад үйлдэх болтугай гэв.  Түүнчлэн хаан, тахилч Задокт Чи үзмэрч биш үү
36|13645069|14226307|Чи хоёр хөвгүүн болох өөрийн хүү Ахимааз болон Абиатарын хүү Ионатаныг дагуулан хот уруу амар тайван буцагтун.  Харагтун, та нараас мэдүүлэх үг ирэн иртэл, би цөлийн замд хүлээнэ гэв.
37|14252899|14514147|Задок, Абиатар нар Бурханы авдрыг Иерусалим уруу буцааж аваачин тэнд нь үлдээв.
38|14541578|15240960|Харин Давид, Чидун өгсүүр өөд мацахдаа уйлан толгойгоо бүтээж, хөл нүцгэн явав. Мөн түүнтэй хамт байсан хамаг ард олон толгойгоо бүтээж, уйлан явав.  Давидад Абсаломтай хуйвалдагчдын дунд Ахитофел байна гэж мэдэгдэхэд Давид
39|15261290|15496343|ЭЗЭН минь, Ахитофелын зөвлөгөөг мунхаглал болгооч гэж гуйж байна гэв.
40|15561919|15652589|Давидын туршуул Хушаи
41|15725133|16270739|Бурханд мөргөл үйлдэх оргил дээр Давидыг ирэх үед, харагтун, гадуур хувцсаа урж, толгой дээрээ тоос шороо цацсан архе хүн Хушаи Давидтай уулзав.  Давид түүнд
42|16311796|16470997|Хэрэв чи надтай хамт явбал чи надад тээр болно.
43|16492297|16578248|Харин чи хот уруу буцаж, Абсаломд
44|16607971|17045355|Хаантан минь, урьд нь эцгийн тань зарц байсны адил одоо би таны зарц болъё гэж хэлбэл Ахитофелын зөвлөгөөг миний төлөө бүтэлгүй болгож чадна.
45|17104140|17262063|Чи тэнд тахилч Задок, Абиатар нартай хамт байх бус уу
46|17285347|17547301|Тиймээс чи хааны өргөөнд сонссон болгоноо тахилч Задок, Абиатар нарт дамжуулагтун.
47|17573100|17909274|Харагтун, тэдний хоёр хөвгүүн нь буюу Задокийн хөвгүүн Ахимааз, Абиатарын хөвгүүн Ионатан нар тэнд тэдэнтэй хамт байна.
48|18001708|18154250|Сонссон болгоноо надад тэднээр дамжуулсугай гэв.
49|18192793|18486146|Тэгээд Давидын анд нөхөр Хушаи хот уруу буцав. Тэр үед Абсалом ч Иерусалимд ирэв.
