verse|start|end|sentence
1|84716|158407|хориннэгдүгээр бүлэг
2|208548|298468|Гибеончууд өшөө авав
3|342877|654532|Давидын үед гурван жил дараалан өлсгөлөн болсонд Давид, ЭЗЭНий оршихуйг эрэлхийлэв.
4|676802|715478|Тэгэхэд ЭЗЭН
5|736073|1009360|Энэ нь гибеон хүмүүсийг алсан Саул болон түүний цуст гэрээс болсон юм гэв.
8|5177075|5372129|Тийнхүү тэднийг ЭЗЭНий өмнө, уулан дээр дүүжилж алжээ.
9|5412657|5536049|Ингэж долоон хүн хамтдаа үхэв.
11|7475435|7615893|Мөн нөгөөх дүүжлүүлэгсдийн ясыг ч тэд цуглууллаа.
12|7636752|8510991|Ингээд тэд хааны тушаасан ёсоор бүгдийг үйлдэн Саул болон түүний хөвгүүн Ионатаны ясыг Бениамины нутгийн Зела дахь эцэг Кишийнх нь булшинд тавив. Түүний дараа энэ нутгийн талаарх залбирал болон гуйлт Бурханд хүрэв. Давидын дайчдын гавьяа
13|8534937|8653610|Филистчүүд дахин Израильтай дайтав.
14|8685274|8957239|Давид зарц нартайгаа хамт явж, филистчүүдтэй тулалдах зуур Давид эцэж ядарсан байлаа.
15|8978936|9649300|Гурван зуун шекел хүнд хүрэл жадтай, шинэхэн илд зүүсэн, аварга биетний удмынхны Ишби Беноб гэгч, Давидыг алъя хэмээжээ. Гэвч Зеруиагийн хөвгүүн Абишаи, Давидад туслан филистчүүдийг цохиж, түүнийг алав.
16|9675936|9811985|Тэр үед Давидын цэргүүд түүнд тангараглан
17|9840474|10453905|Израилийн гэрлийг унтраахгүйн тул та дахин бидэнтэй хамт тулалдаанд бүү гарагтун гэж хэлэв.  Үүний дараа Гобд, филистчүүдтэй дахин тулаан болж, хуша хүн Сиббекаи аварга биетний удмын Сафыг алав.
18|10477101|11464985|Дахин филистчүүдтэй Гобд тулалдахад, Бетлехемийн хүн Иаре Орегимынй хүү Елханан, гит хүн Голиатыг алав. Голиатын жадны иш нь нэхмэлчний гогодогч мод мэт ажээ.  Гатад дахин тулалдаан болоход тэнд гар, хөл нь тусбүр зургаан хуруутай буюу бүгд нийлээд хорин дөрвөн хуруутай аварга том эр байлаа.
19|11497178|11606370|Тэр ч мөн аварга биетнийхэнд төржээ.
20|11629346|12245599|Тэрээр Израилийг доромжилсонд Давидын ах Шимеигийн хөвгүүн Ионатан түүнийг цохиж аллаа.  Гатад аварга биетнүүдийнд төрсөн эдгээр дөрвөн хүн Давид болон түүний зарц нарын гарт алагдав.
