verse|start|end|sentence
1|80570|156378|есдүгээр бүлэг
2|177899|269010|Давид ба Мефибошет
3|355842|423404|Дараа нь Давид
4|462300|810425|Саулын гэрээс амьд үлдсэн хүн байхгүй юу Би Ионатаны төлөө тэр хүнд энэрэл хайр үзүүлэх юмсан гэв.
5|833093|1059149|Тэгтэл Зиба нэрт Саулын гэрийн зарц байсныг Давид дээр дуудан ирүүлэв.
6|1081905|1341257|Хаан түүнээс Чи Зиба мөн үү гэхэд тэр Таны боол би байна гэв.  Хаан
7|1377948|1682018|Саулын гэрээс хэн нэгэн үлдээгүй юу? Би түүнд Бурханы энэрэл хайрыг үзүүлмээр байна гэв.
8|1705611|2374917|Зиба хаанд Ионатаны хөлгүй нэгэн хүү нь бий гэв.  Хаан түүнээс Тэр хаана байна вэ гэж асуухад Зиба, хаанд Харагтун, Лодебарт байдаг Аммиелын хүү Махирын гэрт тэр байна гэж хариулав.
9|2395423|2678942|Тэгээд Давид хаан хүн илгээн Ло-дебараас, Аммиелын хүү Махирын гэрээс түүнийг авчруулав.
10|2714663|3005635|Саулын ач, Ионатаны хүү Мефибошет, Давидад ирээд, нүүрээрээ газар унаж мөргөв.
11|3038269|3067155|Давид
12|3113327|3342250|Мефибошет гэхэд тэр Таны боол би энд байна гэв.  Давид түүнд
13|3370122|3410208|Бүү эмээ
14|3430583|3949640|Би чиний эцэг Ионатаны төлөө чамд энэрэл хайрыг заавал үзүүлж, чиний өвөг эцэг Саулын бүх газрыг эргүүлж өгнө. Чи миний ширээнд үргэлж талх идэх болно гэв.
15|3977379|4061654|Мефибошет дахин мөргөж
16|4088643|4298471|Боол би чинь хэн болоод над шиг үхсэн нохойг та тооно вэ гэв.
17|4325857|5449525|Тэгэхэд Саулын боол Зибаг хаан дуудаж Саулд болон түүний бүхэл гэрт харьяалагдах хамаг юмыг би чиний эзний ач хүүд өглөө.  Танай эзний хүү талхтай золгохын тулд чи өөрөө хөвгүүд болон боолуудынхаа хамт түүний төлөө газар хагалж үр жимсийг нь авчирч түүнд өгч бай. Харин эзний чинь ач хүү Мефибошет миний ширээнд үргэлж талх идэх болно гэв.
18|5490670|5645549|Зиба арван таван хөвгүүн, хорин боолтой ажээ.
19|5666673|5973036| Тэгэхэд Зиба, хаанд Хаан эзний минь боолдоо тушаасан бүгдийн дагуу боол тань гүйцэтгэх болно гэлээ.
20|6002142|6236225|Ингээд Мефибошет хааны хөвгүүдийн нэг адил миний ширээнд хооллов.
21|6272034|6426119|Мефибошетод Миха нэрт балчир хөвгүүн байв.
22|6455798|6960347|Зибагийн гэрт амьдардаг бүгд Мефибошетын зарц нар болов.  Ингээд Мефибошет хааны ширээнд үргэлж хооллодог болсон тул Иерусалимд амьдран суужээ.
23|6980677|7094146|Тэрээр хоёр хөл суунги бөлгөө.
