verse|start|end|sentence
1|88596|158848|хориндөрөвдүгээр бүлэг
2|219088|333219|Израиль ба Иудаг тоолсон нь
3|408277|552661|ЭЗЭНий хилэн дахин Израилийн эсрэг дүрэлзлээ.
4|572682|590895|Тэр
5|639846|899199|Явж, Израиль ба Иудагийн хүн амыг тоол гэж тэдний эсрэг Давидыг турхирав.
6|947091|1116876|Хаан өөртэй нь хамт байсан цэргийн жанжингууд ба Иоабт
7|1160712|1605284|Данаас Беершеба хүртэл Израилийн бүх овгуудаар одоо явж, хүн амын тооллого хий. Тэгвэл би тэдний тоог мэдэх болно гэсэнд  Иоаб, хаанд
8|1644048|2007564|Таны Бурхан ЭЗЭН энэ ард олныг зуу дахин өсгөх болтугай Эзэн хаантан минь, үүнийг өөрийнхөө нүдээр үзэх болтугай
9|2036008|2201339|Гэвч эзэн хаантан минь, юуны учир үүнийг хүснэ вэ гэв.
10|2227667|2417341|Гэвч хааны үг Иоаб болон цэргийн дарга нарыг дийлэв.
11|2439303|3103096|Тиймээс Иоаб ба цэргийн дарга нар Израилийн ард түмнийг тоолохоор хаанаас салж одов. Тэгээд тэд Иордан голыг гатлан Иазерын зүг Гадын хөндийн дунд байдаг хотын баруун тал дахь Ароерт хуарагнан буув.
12|3131805|4076736|Дараа нь тэд Гилеад болон Тахтимходшигийн нутаг уруу явж бас Даниаан уруу явж, Сидоныг тойров. Тэгээд Тирийн цайзад очин, хивичүүд, канаанчуудын бүх хотоор орж, тэндээсээ Иудагийн өмнөд хэсэг уруу явж, Беершебад ирэв.  Тэд бүх нутгаар явж, есөн сар хорь хоногийн дараа Иерусалимд буцаж ирлээ.
13|4100241|4596807|Тэгээд Иоаб улсын хүн амын тооллогын дүнг хаанд өгөв. Израильд илд агсагч зоригт эрчүүд найман зуун мянга, Иудагийнх таван зуун мянган эрс байв.
14|4628383|4740838|Давидын нүглийн шийтгэл
15|4769988|4963543|Давид ард түмнээ тоолсны дараа зүрхэндээ шаналж, ЭЗЭНд
17|6650324|7348647|Нутагт чинь долоону жил өлсгөлөн ирүүлэх үү Эсвэл дайснууд чинь чамайг мөрдөн мөшгөх үед чи тэднээс гурван сарын турш зугтах уу Эсвэл нутагт чинь гурван өдрийн турш өвчин тахал дэлгэрүүлэх үү
18|7387235|7685218|Үүнийг одоо тунгаан бодоод, намайг илгээсэн Түүнд би ямар хариутай буцахыг шийдэгтүн гэв.
19|7720675|7786648|Давид, Гадад
20|7822722|7903910|Би ихэд шаналж байна.
21|7933722|8141697|ЭЗЭНий өршөөл агуу их учраас өөрсдийгөө Түүний мутарт даатгая.
22|8170142|8316289|Харин намайг хүний гарт бүү оруулаач гэв.
23|8349320|8393817|Тийнхүү ЭЗЭН
24|8420762|8912257|тэр өглөөнөөс тогтоосон цаг хүртэл Израильд өвчин тахал тарааж, Данаас Беершеба хүртэл ард олноос далан мянган хүн үхэв.
25|8936732|9425669|Тэнгэрэлч Иерусалимыг сүйтгэхээр тийш гараа сунгах үед ЭЗЭН гай зовлон учруулах тухайд зөөлөрч, ард олныг устгаж байсан тэнгэрэлчид зарлиг болон
26|9446661|9570361|Одоо хангалттай. Гараа буулга гэв.
27|9592808|10494565|ЭЗЭНий тэнгэрэлч, иебус хүн Арунагийн үтрэмийн дэргэд байв. Ард олныг устгаж байсан тэнгэрэлчийг хараад Давид, ЭЗЭНд Нүгэл үйлдэн буруу зүйл хийсэн нь би билээ. Харин энэ хонин сүрэг чухам юу үйлдсэн юм бэ Таны мутар над дээр болон миний эцгийн гэр дээр бууг гэв.
28|10532138|10616501|Үтрэм дэх тахилын ширээ
29|10637316|11067291|Тэгээд тэр өдөр Гад, Давид дээр ирж, түүнд Явж, иебус хүн Арунагийн үтрэм дээр, ЭЗЭНд тахилын ширээ босгогтун гэв.
30|11090223|11295421|Тэгээд Гадын үгийг дагаж, ЭЗЭНий тушаасан ёсоор Давид явлаа.
31|11333259|11927241|Ингээд Арунаг доош харахад, хаан зарц нартайгаа хамт түүний зүг ирж явах нь харагдав. Аруна гарч ирэн хааны өмнө хөсөр унаж, нүүрээ газарт хүргэн мөргөв.  Тэгээд Аруна Эзэн хаан минь
32|11948189|12103156|та юуны учир боол над дээр ирэв гэхэд Давид
34|13602953|13855999|Харин хаан, Арунад Үгүй, би энэ бүгдийг чамаас заавал үнээр худалдаж авна.
35|13894366|14130169|Учир нь би төлөөс төлбөргүй зүйлээр Бурхан ЭЗЭНд шатаалт тахил өргөхгүй
36|14154512|14692620|гээд Давид үтрэм болон үхрийг тавин шекел мөнгөөр худалдан авав.  Тэгээд Давид тэнд ЭЗЭНд тахилын ширээ босгож, шатаалт тахил ба эвийн тахилуудыг өргөв.
37|14736103|15070204|Ийнхүү ЭЗЭН энэ газрын төлөөх залбирлыг сонсож, Израиль дээрх гай гамшиг зогсов.
