verse|start|end|sentence
1|87053|154526|хоердугаар самуэл
2|194481|253663|нэгдүгээр бүлэг
3|286561|372909|Давид гашуудав
4|408542|741938|Саулыг өөд болсны дараа Давид амалекчуудыг бут цохиод буцаж ирэхдээ Зиклагт хоёр хоног байв.
5|770118|800679|Харагтун
6|831593|1201857|гурав дахь өдөр нь нэгэн хүн Саулын хуарангаас иржээ. Тэрээр хувцсаа урж, толгой дээрээ тоос шороо цацсан байв.
7|1240665|1380903|Тэр Давид уруу дөхөн ирээд, газар унаж, мөргөв.
8|1406745|1472146|Тэгэхэд Давид түүнээс
9|1519906|1973430|Чи хаанаас ирэв гэж асуухад тэр Давидад Би Израилийн хуарангаас зугтаж ирлээ гэв.  Давид түүнд Юу болов Надад хэл гэхэд тэр
10|2003418|2405699|Ард олон тулалдааны талбараас зугтааж бас олон хүн унан үхэв. Саул, түүний хөвгүүн Ионатан нар ч бас үхэв гэлээ.
11|2444683|2565252|Мэдээ хүргэж ирсэн тэр залууд Давид
12|2596828|3064685|Саул болон түүний хөвгүүн Ионатан үхсэн гэдгийг чи яаж мэдэв гэв.  Давидад мэдээ хүргэсэн залуу Намайг Гилбоа ууланд санаандгүй очтол, харагтун
13|3107021|3711985|Саул жадаа налж байсан бөгөөд тэрэгт цэрэг болон морин цэргүүд цаахна талд нь хариугүй гүйцээд ирсэн.  Саул арагшаа эргэж, намайг хараад дуудахад Би энд байна гэж би хариулсан юм.  Саул надаас
14|3733065|3905540|Чи хэн бэ гэж асуусанд Би амалек хүн байна гэсэн билээ.
15|3938306|4953929|Саул надад Над уруу ойртож ирээд, намайг алагтун. Учир нь би тэлчлэн зововч амь минь надаас зуурсаар байна гэсэн.  Тэгэхэд би түүний дэргэд очиж, түүнийг алав. Учир нь тэр нэгэнт унасан хойно, амьд үлдэж чадахгүй гэдгийг би мэдсэн билээ. Би түүний толгойн титэм, гарын бугуйвчийг нь авч ийш эзэндээ авчирлаа гэв.
16|4987930|5967303|Давид хувцсаа хүү татан урсанд түүний хамт байсан бүх хүн мөн тэгэв.  Саул, түүний хөвгүүн Ионатан, ЭЗЭНий хүмүүс буюу Израилийн гэр илдээр цохиулсны төлөө тэд гашуудан уйлж, үдэш болтол мацаг барив.  Давид мэдээ хүргэж ирсэн залуугаас Чи хаанахын хүн бэ гэхэд залуу
17|5992396|6733496|Би ирмэл хүн болох амалек хүний хүү гэж хариулав.  Тэгэхэд Давид Чи ЭЗЭНий тосолсон хүнийг алахаар гар сунгахаас юунд эмээсэнгүй вэ гэв.  Давид залуу эрсийн нэгийг дуудан Очоод түүнд халдагтун гэсэнд тэрээр түүнийг цохиж алав.
18|6770628|7180803|Давид түүнд ЭЗЭНий тосолсон хүнийг би алав гэж ам чинь чамайг гэрчилсэн тул чиний цус толгой дээр чинь бууг гэж хэлэв.
19|7230018|7495721|Дараа нь Саул түүний хөвгүүн Ионатан нарын төлөө Давид энэхүү гашуудлын дууг дуулж
20|7516844|7741887|тэрээр энэхүү нумын дууг Иудагийн хөвгүүдэд сургахыг тэдэнд тушаав.
21|7762967|7922388|Харагтун, энэ нь Иашарын номд бичигдсэн ажээ.
22|7955948|8274262|Алдартнууд чинь өндөрлөгүүд дээр чинь Алуулан хэвтэж байна, Израиль аа Хүчтэнүүд чинь яахин цохигдов
23|8327226|8702473|Эл явдлыг Гатад бүү мэдээл, Ашкелоны гудамжинд ч бүү тунхаглуул. Эс бөгөөс филистчүүдийн охидыг баярлуулах гэж үү
24|8759891|9328869|Хозлуулаагүйчүүдийн охидыг хөөргөх гэж үү. Өө, Гилбоагийн уулс аа, Та нарын дээр шүүдэр бүү унаг, бороо бүү орог. Талбай дүүрэн анхны үр жимсэн өргөл ч бүү байг.
25|9357755|9954472|Учир нь тэнд баатруудын бамбай бузартан Саулын бамбай эс тослогдов. Нэвт харвуулагсдын цусгүйгээр бас баатруудын өөхгүйгээр Ионатаны нум нэгээхэн ч эргэж ирээгүй билээ.
26|9981020|10515556|Саулын илд ч хоосон буцаагүй билээ. Хайрт эрхэм Саул Ионатан хоёр амьддаа ч, үхэхдээ ч эс хагацав Тэд бүргэдээс ч хурдан, арслангаас ч хүчтэй байлаа.
27|10546691|10984736|Израилийн охид оо, Та нарыг час улаан тансаг хувцсаар гоёж, Өмсгөлийн чинь дээр алтан чимгийг зүүж өгсөн Саулын төлөө уйлагтун.
28|11014283|11141115|Тулалдааны дунд баатрууд хэрхэн унаа вэ
29|11163694|11499957|Өндөрлөгүүд дээр чинь Ионатан нэвт харвуулан хэвтэж буй. Ах Ионатан минь, таны төлөө бизовон шаналж байна.
30|11534707|11674504|Та намайг бүхнээс илүү хайрладаг байлаа.
31|11708417|11917980|Таны хайр надад бүсгүйн хайраас илүү гайхамшигтай байв.
32|11943691|12147786|Юуны учир баатрууд унаж, тулааны зэвсэг мөхнө вэ
