verse|start|end|sentence
1|81276|151748|хорингуравдугаар
2|212694|308214|Давидын эцсийн үг
3|396370|557512|Эдгээр нь Давидын сүүлчийн үгс юм.
4|640773|949164|Өндөрт өргөмжлөгдсөн, Иаковын Бурханаар тослогдсон, Израилийн яруу дууллыг бичигч
5|970641|1114759|Иессийн хөвгүүн Давид тунхаглаж байна.
6|1152068|1410362|ЭЗЭНий Сүнс надаар дамжуулан айлдав. Түүний үг миний хэлэн дээр буй.
7|1463943|1879145|Израилийн Бурхан зарлиг болов. Израилийн хад надад хэлэв. Бурханаас айн эмээж, Зөв шударгаар хүмүүсийг захирдаг нэгэн нь
8|1905957|2265020|Наран мандах өглөөний гэрэл, Үүлгүй цэлмэг өглөө, Борооны дараах нарнаар газарт ургах Ургамал ногоо мэт ажгуу.
9|2295934|2437407|Миний гэр ч Бурханы хувьд мөн ийм бус уу
10|2462896|2749635|Учир нь Тэр надтай Үүрд мөнхийн гэрээг байгуулж, Бүгдийг эмхлэн, хамгаалжээ.
11|2793426|3230457|Миний хамаг аврал ба хүслийг Бурхан үнэхээр өсгөх бус уу Харин үл бүтэх хүн бүр Гараар барьж эс болох сундуу мэт хаягдана.
12|3260533|3753968|Тэдэнд хүрэх хүн төмөр болон жадны ишээр хүрэх хэрэгтэй. Тэгээд тэд газартаа бүрмөсөн шатаагдах ёстой гэв. Давидын хүчит эрс
13|3791673|3947479|Эдгээр нь Давидын хүчит эрсийн нэрс юм.
14|3975218|4197702|Гурван хүчит эрийн тэргүүн тахемон хүн ИошебБашебет.
15|4231615|4827891|Тэрбээр нэг удаа найман зуун хүний эсрэг жадаа өргөн цохисон агаад езни хүн Адино гэж мөн дуудагддаг байв.  Мөнөөх гурвын дунд түүний удаах хүн нь ахо хүн Додогийн хөвгүүн Елеазар байв.
16|4851529|5074234|Тэрээр тулалдахаар цугларсан филистчүүдийг доромжлох үед Давидтай хамт байсан юм.
17|5099459|5524848|Израилийн эрчүүдийг хойшоо ухран явахад  тэр босож, гараа эцэж цуцтал, гар нь илдэнд наалдан салахгүй болтлоо филистчүүдийг цохиж алсан юм.
18|5557041|6113627|ЭЗЭН тэр өдөр их ялалтыг авчирсан ба түүний араас хүмүүс буцаж ирсэн нь алагдсан хүмүүсийн хүүрийг зөвхөн цөлмөхийн тулд байв.  Түүний удаах нь харар хүн Агегийн хөвгүүн Шамма байв.
19|6151464|6457827|Зармаг их ургасан нэгэн хэсэг газар филистчүүд хороо болон цугларахад, хүмүүс филистчүүдээс зугтав.
20|6499281|6805071|Тэрээр талбайн гол дунд зогсон хамгаалж, филистчүүдийг цохилоо. Ийнхүү ЭЗЭН их ялалтыг авчрав.
21|6854639|7571043|Ургац хураах үеэр филистчүүдийн нэг хороо цэрэг Рефаимын хөндийд хуарагнаж байх үед гучин хүчит эрээс гурав нь Адулламын агуйд, Давид дээр ирэв.  Филистчүүдийн цэргийн хуаран Бетлехемд байх үед Давид бэхлэлтдээ байлаа.  Давид
22|7592388|8331636|Хэн нэг нь хаалганы хажуу дахь Бетлехемийн худгаас надад ус авчран өгдөг ч болоосой гэж ихэд хүсэмжлэв.  Тиймээс гурван хүчит эр филистчүүдийн хуаранг нэвтрэн орж, хаалганы хажуудах Бетлехемийн худгаас ус утган авч, Давидад авчрав.
23|8352010|8544110|Гэвч Давид тэр усыг уусангүй, харин ЭЗЭНий өмнө асгаад
24|8610039|9020831|Ийм зүйл хийхээс ЭЗЭН намайг хол байлгаг. Амиараа дэнчин тавьж явсан хүмүүсийн цусыг би уух гэж үү гээд усыг уусангүй.
25|9069341|9189161|Гурван хүчит эрийн үйлдсэн нь ийм билээ.
26|9212578|9432769|Зеруиагийн хөвгүүн Иоабын ах Абишаи мөнөөх гучийн тэргүүн нь байв.
27|9453496|9943800|Тэрээр жадаа эргүүлэн гурван зуун хүнийг алсан агаад тэрээр мөнөөх гурвынр адил алдартай байв. Тэрээр тэдгээр гучаас хамгийн хүндтэй нь байсан тул тэдний жанжин болжээ.
28|9970833|10074821|Гэлээ ч мөнөөх гуравтай дүйцэхгүй билээ.
29|10122140|11324791|Иехоиадагийн хүү Бенаиа нь Кабзеелын агуу үйлстэй зоригт дайчин бөгөөд Моабын Ариелийн хоёр хүүг цохиж алсан хүн байв. Цас бударсан нэгэн өдөр тэрээр нүх уруу орж арслан агнасан билээ. Тэрээр бас Египетийн нэгэн сүрлэг эрийг алсан юм. Тэр египет эр гартаа жадтай байсан авч Бенаиа саваа модтой түүний эсрэг ирж египет эрийн гараас жадыг нь булаан авч тэр жадаар өөрийг нь хороосон юм.
30|11347767|11633403|Иехоиадагийн хүү Бенаиа эдгээрийг үйлдсэн бөгөөд нөгөө гурван хүчит эрийн адил алдартай байв.
31|11673270|12121855|Тэрээр гучин эрийн дунд хүндлэлийг олсон боловч өнөөх гуравтай дүйцэхгүй билээ. Давид түүнийг өөрийн бие хамгаалагчийн дээгүүр томилсон билээ.
32|12146154|12422925|Тэдгээр гучийн дунд Иоабын дүү Асахел, Бетлехемийн Додогийн хүү Елханан
33|12444226|12648938|харод хүн Шамма, харод хүн Елика,  палти хүн Хелез
34|12678485|12969854|Текоагийн хүн Иккешийн хүү Ира, анатот хүн Абиезер, хуша хүн Мебуннаи
35|12989963|13048308|ахо хүн Залмон
36|13074371|13153795|нетофат хүн Махараи
37|13177168|13294915|нетофат хүн Баанагийн хүү Хелеб
38|13321948|13556825|Бениамин овгийн Гибеагийн Рибаин хүү Иттаи, пиратон хүн Бенаиа
39|13579933|13662841|Гааш урсгалын Хиддаи
40|13683215|13871610|арбат хүн Аби-Албон, бахурим хүн Азмавет
41|13910330|13990725|шаалбон хүн Елиаба
42|14033105|14085099|Яшены хөвгүүд
43|14115572|14347449|харар хүн Шаммагийн хүү Ионатан, харар хүн Шарарын хүү Ахиам
44|14387713|14576152|маакат хүний хөвгүүн Ахасбаин хөвгүүн Елифелет
45|14599172|14726533|гило хүн Ахитофелын хөвгүүн Елиам
46|14760005|15664055|Кармел хүн Хезро, арбит хүн Паараи, Зобагийн Натаны хүү Игал, гад хүн Бани, аммон хүн Зелек, Зеруиагийн хүү Иоабын зэвсэг үүрэгч беерот хүн Нахараи, итри хүн Ира, итри хүн Гареб, хит хүн Уриа буюу бүгд гучин долоон хүн байв.
