verse|start|end|sentence
1|91066|283871|арваннаймдугаар бүлэг Абсаломын ялагдал ба үхэл
2|333219|646858|Давид өөртэй нь хамт байсан ард олныг ялгаж, тэдний дээр мянгатын дарга, зуутын дарга нарыг томилов.
3|685049|1181880|Давид хүмүүсийнхээ гуравны нэгийг Иоабын гарт, гуравны нэгийг Иоабын дүү, Зеруиагийн хөвгүүн Абишаин гарт, үлдсэн гуравны нэгийг гит хүн Иттаин гарт хуваарилав.
4|1212882|1286132|Хаан ард олондоо
5|1309858|2198693|Миний бие бас та бүхэнтэй хамт явах болно гэв. Харин ард олон Та явж болохгүй. Учир нь бид зугтвал, тэд биднийг тоохгүй. Бидний хагас нь үхсэн ч тэд биднийг тоохгүй. Харин та бидний түмэн хүнтэй тэнцэнэ. Тиймийн тул та хотоос бидэнд туслахад бэлэн байх нь дээр гэв.  Хаан тэдэнд
6|2225550|2717927|Аль нь та нарын нүднээ хамгийн дээр байна, түүгээр чинь болъё гэв. Тэгээд хаан гулдан хаалганы дэргэд зогсож, бүх ард олон зуут, мянгатаараа гарч явцгаав.
7|2766525|2902132|Хаан, Иоаб Абишаи Иттаи нарт
8|2948570|3141639|Намайг бодож, залуу Абсаломд зөөлөн хандаарай гэж тушаав.
9|3181374|3457440|Цэргийн бүх жанжингуудад Абсаломын талаар хааны тийнхүү тушаасныг бүх хүн сонсов.
10|3493734|3721554| Ингээд ард олон нь израильчуудын эсрэг тулалдахаар дайны талбар уруу явцгаав.
11|3748632|3849974|Тулалдаан Ефраимын ойд болов.
12|3873082|4339704|Израиль хүмүүс тэнд Давидын зарц нарт цохигдон ялагдаж, тэр өдөр үй олон буюу хорин мянган хүн хядагдав. Тэнд хийсэн тулалдаан бүх нутгаар тархаж,
13|4374896|4542785|тэр өдөр илдэнд хиарсан хүнээс илүүг энэ ой залгижээ.
14|4583004|5357444|Абсалом Давидын зарц нартай гэнэт таарчээ. Абсалом луус унасан байсан бөгөөд луус нь том царсны саглагар мөчир доогуур өнгөрөхүйд Абсалом толгойгоороо царсанд орооцолдон тэрээр тэнгэр газрын хооронд дүүжлэгдээд, харин унаж байсан луус нь давхичихжээ.
15|5381743|5474441|Нэгэн хүн түүнийг хараад Иоабт
16|5513117|5710861|Үзэгтүн, Абсаломыг царсанд өлгөгдсөн байхыг нь би харлаа гэж хэлэв.
17|5734675|5783626|Иоаб тэр хүнд
19|7355439|7383971|Иоаб
20|7418590|8446120|Би энд чамтай цаг дэмий үрмээргүй байна гэж хэлээд, гартаа гурван жад аваад, амьдаараа царс модны дунд өлгөгдсөн байсан Абсаломын зүрхэнд зоов. Иоабын зэвсэг барьж явсан арван залуу ч Абсаломыг тойрч түүнийг цохиж алав. Иоаб эвэр бүрээ үлээж дуугаргахад, ард олон нь израильчуудыг мөшгөж хөөхөө зогсоон буцаж ирэв.
21|8467861|8577626|Учир нь Иоаб ард олныг татан зогсоов.
22|8602807|9102460|Тэгээд тэд Абсаломыг авч, ойд гүнзгий нүхэнд хаяад, түүний дээрээс чулуу овоолон маш том овоо босгов. Хамаг израильчууд өөр өөрсдийн майхан уруу зугтацгаав.
23|9123716|9365869|Абсалом амьд ахуйдаа өөртөө нэгэн баганыг Хааны хөндийд босгосон бөгөөд тэр
24|9396431|9846427|Миний нэрийг хадгалах хүү надад байхгүй гэдэг байсан тул өөрийнхөө нэрээр нэрлэжээ. Өнөөдрийг хүртэл тэр багана Абсаломын хөшөө гэж хэлэгддэг билээ.
25|9875092|10004129|Абсаломын үхсэнийг Давид сонсов
26|10056123|10134885|Задокийн хөвгүүн Ахимааз
27|10171929|10501753|Би хаан дээр гүйж очоод, дайснуудынх нь гараас түүнийг ЭЗЭН чөлөөлсөн гэдгийг мэдэгдье гэв.  Харин Иоаб түүнд
28|10546382|10735042|Өнөөдөр чи мэдээ хүргэж болохгүй, харин ондоо өдөр мэдээ хүргэж болно.
29|10760796|10966214|Хааны хөвгүүн үхсэн тул өнөөдөр чи ямар ч мэдээ хүргэх ёсгүй гэв.
30|11007801|11075538|Иоаб куш хүнд
31|11098514|11235401|Явж, чи юу харснаа хаанд мэдээл гэв.
32|11274561|11387546|Куш хүн Иоабт мэхийгээд, гүйж одов.
33|11440818|11593801|Задокийн хөвгүүн Ахимааз дахин нэг удаа Иоабт
34|11637152|12051647|Юу болсон ч би бас куш хүний араас гүйе л дээ гэхэд Иоаб Хүү минь. Явлаа гээд шагнал хүртэхгүйгээс хойш чи гүйгээд яах юм бэ гэв.
35|12091514|12279909|Гэвч ямар ч атугай би гүйнэ гэхэд Иоаб Гүй, гүй гэлээ.
36|12304605|12477477|Ахимааз тэгш талын замаар гүйж, куш хүнийг гүйцэж түрүүлэв.
37|12498910|12632753|Давид хоёр хаалганы хооронд сууж байлаа.
38|12668121|13096112| Цайзын хаалганы дээвэр дээгүүр явсан харуул харцаа өргөн харахад нэгэн эрэгтэй хүн гүйн ирж байв.  Харуул, хааныг дуудан айлтгасанд хаан
39|13119220|13354450|Ганц хүн байгаа бол, баяртай мэдээ буй заа гэв. Өнөөх хүн улам ойртов.
40|13374912|13592898|Тэгтэл харуул бас нэгэн хүнийг гүйн ирж байхыг харав. Харуул хаалгачид
41|13643922|14196583|Бас нэгэн хүн ганцаараа гүйн ирж байна гэхэд хаан Тэр ч бас сайхан мэдээ авчирч байгаа гэв. Харуул өгүүлэн Түрүүнд нь гүйж байгаа нь Задокийн хөвгүүн Ахимаазын гүйхтэй төстэй харагдана гэхэд хаан
42|14222117|14442573|Тэр сайн хүн. Сайхан мэдээ авчирдаг хүн гэв. Ахимааз чанга дуугаар хаанд
43|14465682|15014109|Бүгд сайн гэж хэлээд нүүрээ газар хүртэл хаанд мөргөв. Тэрээр Миний эзэн хааны эсрэг гараа далайсан хүнийг тушааж өгсөн таны Бурхан ЭЗЭН ивээлтэй еэ гэв. Хаан
44|15045597|15175074|Залуу Абсалом мэнд үү гэж асуухад Ахимааз
45|15200079|15716446|Иоаб, хааны зарц нарыг илгээх үед зарц би нэгэн их шуугиан дэгдэхийг харсан ба юу болсныг мэдсэнгүй гэв.  Тэгэхэд хаан Хажуу тийш болж, энд зогс гэв.
46|15751593|15854435|Тэрээр хажуу тийш болж хөдлөлгүй зогсов.
47|15892934|15978885|Харагтун, куш хүн хүрч ирэн
48|16016458|16105893|Хаан эзэнд сайхан мэдээ дуулгая.
49|16133940|16356601|ЭЗЭН өнөөдөр таныг эсэргүүцэгч хамаг хүмүүсийн гараас таныг чөлөөллөө гэв.
50|16382576|16436555|Хаан куш хүнд
51|16469233|16906396|Залуу Абсалом мэнд үү гэхэд, куш хүн Хаантны дайснууд болон муу санаа өвөрлөн таныг эсэргүүцэгчид нь тэр залуугийн адил болох болтугай гэв.
52|16958831|17090117|Абсаломын төлөө Давид гашуудав
53|17126499|17364463|Тэгэхэд хааны сэтгэл гүн хямарч, хаалганы дээрх өрөөнд орж уйлав.
54|17399610|17467569|Тэрээр уйлан холхиж
55|17489266|17832937|Миний хөвгүүн Абсалом минь, хүү минь. Миний хөвгүүн Абсалом минь. Чиний оронд би үхсэн бол дээр байсан юм.
56|17877037|18029844|Абсалом хүү минь, миний хүү гэсээр байлаа.
