verse|start|end|sentence
1|88773|144162|тавдугаар бүлэг
2|172254|326957|Давид бүх Израилийн хаан болов
3|378333|529949|Израилийн бүх овог Хебронд байсан Давид дээр ирж
4|550544|718785|Харагтун, бид таны яс махны тасархай билээ.
5|759490|1043361|Урьд Саулыг бидний хаан байх үед ч та Израилийг тулалдаанд удирдаж гардаг байсан.
6|1064177|1114142|Тэгээд ЭЗЭН танд
7|1145056|1475145|Чи Миний ард түмэн Израилийн хоньчин болж, чи Израилийн удирдагч болно гэж айлдсан гэж хэлэв.
8|1511307|1901944|Ингээд Израилийн бүх ахмадууд Хебронд хаан дээр ирж, Давид хаан Хебронд ЭЗЭНий өмнө тэдэнтэй гэрээ байгууллаа.
9|1922319|2097351|Тэгээд тэд Давидыг тослон Израилийн хаан болгов.
10|2135366|2363671|Давид гучин насандаа хаан болж, дөчин жил хаанчлав.
11|2400980|2807273|Тэр, Хебронд Иудаг долоон жил зургаан сар, Иерусалимд бүх Израиль болон Иудаг гучин гурван жил захирчээ.
12|2837746|2950113|Хаант улсын нийслэл Иерусалим
13|2977984|3780031|Хаан өөрийн эрчүүдийн хамт нутгийн уугуул оршин суугчид болох иебусчуудын эсрэг Иерусалим уруу ирэхэд тэд Давидад Чи энд орж ирэхгүй. Харин сохор, доголон нь ч чамайг хөөж гаргана гэв. Тэд Давидыг ийшээ нэвтэрч чадахгүй хэмээн санаж байлаа.
14|3803228|4510151|Гэвч Давид Сионы бэхлэлтийг эзлэн авсан нь одоо Давидын хот юм.  Тэр өдөр Давид Иебусчуудыг алах гэсэн хүн бүр усан сувгаар явж, Давидын амийг үзэн яддаг доголон, сохорт хүрч оч хэмээв.
15|4550679|4760065|Эл учир Сохор, доголон нь гэрт орж болохгүй гэж хэлдэг болжээ.
16|4789568|5523525|Ингээд Давид тэр бэхлэлтэд сууж, түүнийгээ Давидын хот гэж нэрлэх болов. Давид Миллогоос эхлэн тойруулж, дотогш нь барив.  Түг түмдийн Бурхан ЭЗЭН түүнтэй хамт байсан учраас Давид улам хүчирхэгжсэн билээ.
17|5545089|5924305|Тирийн хаан Хирамаас Давидад элч нарыг хуш мод, мужаан, чулуучдын хамт илгээж тэд Давидад гэр барьж өгөв.
18|5961041|6097398|ЭЗЭН өөрийг нь Израилийн хаанаар өргөмжлөн
19|6121080|6415359|Түүний ард түмэн Израилийн тусын тулд хаанчлалыг нь өндөрт өргөснийг Давид ухааран ойлгожээ.
20|6460914|6740685|Хеброноос ирсний дараа Давид Иерусалимаас дахин олон эхнэр ба татвар эм авав.
21|6761808|7534132|Давидад өөр олон хөвгүүд, охид төрөв.  Иерусалимд төрсөн түүний хүүхдүүдийн нэрс нь Шаммуа, Шобаб, Натан, Соломон,  Ибхар, Елишуа, Нефег, Иафиа,  Елишама, Елиада, Елифелет нар юм.
24|11429176|11814478|Давид өөрт нь ЭЗЭНий тушаасан ёсоор үйлдэж, Гебагаас Гезерийг хүртэл филистчүүдийг бут цохив.
