verse|start|end|sentence
1|105972|176179|арвандөрөвдүгээр бүлэг
2|205461|320430|Абсалом Иерусалимд эргэж ирэв
3|383449|651092|Хааны зүрх Абсаломын хойноос санаашран буйг Зеруиагийн хүү Иоаб ойлгов.
4|695853|963673|Ингээд Иоаб Текоа уруу хүн явуулж тэндээс онцгой ухаалаг эмэгтэйг авчруулаад түүнд
5|1022723|1648458|Чи гашуудаж буй хүний дүр үзүүлж, гашуудлын хувцас өмсөж, биедээ тос түрхэлгүй, харин өөд бологчийн араас олон өдөр гашуудаж буй эмэгтэй мэт бологтун.  Тэгээд хаан дээр очиж ийм үгийг айлтгагтун гэв.
6|1693925|1851803|Ингээд Иоаб тэр эмэгтэйн аманд хэлэх үгсийг нь хийж өгөв.
7|1887479|2182156|Текоагийн эмэгтэй хаанд айлтгахдаа, нүүрээрээ газар унаж мөргөөд Тусалж хайрла, хаантан минь гэв.
8|2217259|2287334|Хаан өнөөх эмэгтэйгээс
9|2314764|2398378|Юунд вэ гэж асуухад эмэгтэй
10|2433393|2591492|Үнэндээ би бэлэвсэн эмэгтэй, нөхөр минь өөд болсон билээ.
12|4105798|4410529|Тэгэхэд хаан эмэгтэйд Гэртээ харь. Чиний талаар би зарлиг буулгах болно гэж хэлэв.
13|4446206|4546004|Харин Текоагийн эмэгтэй, хаанд
14|4583577|4781101|Хаан эзэн минь ээ, хилэнц нь над дээр болон эцгийн минь гэр дээр бууг.
15|4803151|4969584|Харин хаан хийгээд түүний сэнтий нь гэмгүй гэв.
16|4989959|5022769|Хаан түүнд
17|5050728|5332660|Чамд хэн үг хэлнэ, түүнийг над дээр авчрагтун. Тэр цаашид чамд гар хүрэхгүй гэж хэлэв.
18|5352990|5442028|Тэгэхэд өнөөх эмэгтэй
19|5475544|6041479|Гуйж байна. Хаан та өөрийн Бурхан ЭЗЭНээ санах болтугай. Ингэснээр цусан өшөө авагч садан нь сүйтгэх ажилаа үргэлжлүүлэхээ больж хүүг минь хөнөөхгүй байж магад гэхэд хаан
20|6061324|6270755|ЭЗЭН амьд Хүүгийн чинь толгойн ширхэг ч үс газар бүү унаг гэв.
21|6312694|6372582|Тэгтэл тэр эмэгтэй
22|6400277|6946146|Өөрийн эзэн хаанд ганц үг айлтгахыг шивэгчин надад зөвшөөрч хайрла гэсэнд хаан Айлтгагтун гэжээ.  Эмэгтэй Юунд та Бурханы ард түмний эсрэг ийм зүйлийг сэтгэнэ вэ
23|6970446|7263269|Учир нь хөөсөн хүнээ буцааж авчирдаггүй тул хаан та ингэж хэлснээрээ өөрийгөө ялтан болгож байна.
24|7290567|7599312|Учир нь бид үхнэ, үхэх нь гарцаагүй бөгөөд газарт асгараад, дахин цуглуулах аргагүй устай адил юм.
25|7650512|8246832|Гэлээ ч Бурхан амь тасалдаггүй, харин хөөгдсөн нэгнээ Өөрөөсөө хөөн зайлуулахгүйн тулд арга замуудыг төлөвлөдөг. Хүмүүс намайг айлган сүрдүүлснээс болж би энэ хэргийг хаан эзэндээ хэлэхээр ирсэн билээ.
26|8290050|8913800|Тиймээс таны шивэгчин би Хаантанд хэлж үзье. Хаантан шивэгчнийхээ хүслийг биелүүлж магад.  Учир нь хаантан сонсож, намайг болон хүүг минь Бурханы өвөөс таслан устгах хүний гараас шивэгчнээ аврах болно гэсэн юм.
27|8948948|9007469|Тэгээд шивэгчин тань
28|9039485|9585311|Эзэн хааны минь үг намайг тайтгаруулах болтугай. Миний эзэн хаан Бурханы тэнгэрэлч мэт, сайн мууг ялгадаг билээ. Таны Бурхан ЭЗЭН тантай хамт байх болтугай гэж хэлсэн билээ гэв.
29|9606876|9969642|Тэгэхэд хаан өнөөх эмэгтэйд хариулан Миний асуух зүйлсээс юуг ч надаас бүү нуугаарай гэв. Эмэгтэй
30|10006422|10143970|Хаан эзэн минь, хэлэгтүн гэв.Ингээд хаан
31|10181719|10316489|Энэ бүгдэд Иоабын гар хамт оролцсон уу
32|10340171|10397765|гэхэд эмэгтэй хариулан
33|10435206|10541531|Хаан эзэн минь, таны бие амьд
34|10568212|10768338|Хаан эзний минь хэлснээс хэн ч баруун, зүүн тийш эргэшгүй билээ.
35|10790873|11067600|Үнэхээр таны зарц Иоаб надад тушааж, хэлэх энэ бүх үгсийг шивэгчинд тань зааж өгсөн билээ.
36|11100719|11697084|Энэ хэргийн өнгө төрхийг өөрчлөхийн тулд таны зарц Иоаб ийм зүйлийг үйлдэв. Харин миний эзэн Бурханы тэнгэрэлчийн ухаан мэт онцгой ухаантай бөгөөд энэ газар дээрх бүх зүйлийг мэддэг билээ гэв.
37|11729144|11796485|Тэгэхэд хаан Иоабт
38|11823165|12122604|Харагтун, би үүнийг үйлдье. Тиймээс явж, залуу Абсаломыг буцааж авчрагтун гэв.
39|12154842|12354879|Иоаб нүүрээрээ газар унан мөргөж, хааныг ерөөв. Тэгээд Иоаб
40|12406167|12761128|Хаан эзэн минь ээ, боолынхоо хүсэлтийг биелүүлж өгсөн тул өнөөдөр таны боол би нүдэнд тань тааллыг олсноо мэдлээ
41|12784766|13069564|гэв.Ингээд Иоаб босоод, Гешур уруу явж, Абсаломыг Иерусалимд буцааж авчрав.
42|13105064|13339235|Харин хаан Түүнийг гэрт нь хариул, нүүрийг минь бүү хараг гэж хэлэв.
43|13362608|13668265|Ингээд Абсалом хааны нүүрийг ч үзэлгүй гэртээ харив. Давид Абсаломыг уучлав
44|13722597|14215061|Тэгтэл бүх Израилийн хаана нь ч Абсаломтай адил тийм сайхан гэж магтагдах хүн үгүй байв. Хөлийн улнаас толгой дээрх титэм хүртэл нь түүнд өө сэв байсангүй.
45|14250033|14643713|Тэр толгойгоо хусуулахдаа хүнддээд байдаг тул жил бүрийн сүүлчээр хусуулж үсээ хааны хэмжүүрээр хэмжихэд хоёр зуун шекел болдог байж.
46|14668983|14812087|Абсаломд гурван хөвгүүн, нэг охин төрөв.
47|14832990|15033778|Охины нэрийг Тамар гэдэг байсан бөгөөд үзэсгэлэн гоо дүр төрхтэй байв.
48|15065486|15354826|Ингээд Абсалом Иерусалимд бүтэн хоёр жил амьдрахдаа хааны царайг нэг ч удаа харсангүй.
49|15403203|15879748|Дараа нь Абсалом Иоабыг хаан уруу илгээхээр түүнд хүн явуулсан боловч тэр ирсэнгүй. Тиймээс Абсалом дахин хоёр дахь удаагаа хүн явуулахад ч Иоаб ирэхгүй л байв.
50|15920232|16004727|Тиймээс Абсалом зарц нартаа
51|16043271|16310208|Хар даа, Иоабын тариалангийн талбай миний талбайн хажууд байдаг бөгөөд тэнд арвай тарьсан байна.
52|16354661|16686337|Явж, түүнийг нь галдан шатаагтун гэхэд Абсаломын зарц нар Иоабын тариалангийн талбайд гал тавив.
53|16731451|17164646|Тэгэхэд Иоаб босож, Абсаломын гэрт ирэн түүнд Чиний зарц нар юунд миний тариалангийн талбайг галдан шатаав гэв. Абсалом, Иоабт
54|17205791|17238249|Харагтун
55|17260299|17731595|би танд хүн явуулж, Таныг хаанд илгээн Юунд намайг Гешураас буцааж ирүүлэв Тэнд байх нь надад дээр юм гэж хэлүүлэхээр энд ирэгтүн гэж танд хэлүүлсэн бус уу
56|17772211|18059391|Тиймээс одоо би хааны царайг харж, хэрэв надад хилэнц байваас тэр намайг алах болтугай гэв.
57|18083205|18643848|Иймээс Иоаб хаан дээр очин айлтгасанд хаан, Абсаломыг дуудаж ирүүлэв. Абсалом, хаанд бараалхаж хааны өмнө нүүрээрээ газар унан мөргөхөд хаан, Абсаломыг үнсэв.
