verse|start|end|sentence
1|93051|156378|аравдугаар бүлэг
2|191173|326736|Аммончууд ба арамчуудыг ялав
3|365103|626661|Тэгтэл аммончуудын хаан өөд болж хүү Ханун нь түүний оронд хаан болов.
4|649769|695060|Тэгэхэд Давид
5|737396|1238504|Эцэг нь надад энэрэл хайр үзүүлсний адил, би Нахашийн хүү Ханунд энэрэл хайрыг үзүүлье гээд, эцгийнх нь тухайд түүнийг тайтгаруулахаар хэсэг зарцаа явуулав.
6|1283618|1554480|Давидын зарц нарыг аммончуудын нутагт ирэхэд  аммончуудын ноёд өөрсдийн эзэн Ханунд
7|1588305|1847084|Танд тайтгаруулагчдыг илгээснээрээ Давид эцгийг тань хүндэлж байна гэж та бодож байна уу
8|1880159|2201119|Хотыг маань судлан тандаж, тэгээд орвонгоор нь хөмрүүлэх гэж Давид танд зарц нараа явуулсан бус уу гэв.
9|2224095|2819401|Тиймээс Ханун, Давидын зарц нарыг барьж, тэдний сахлын талыг нь хусаад, хувцсыг өгзөг хавиар, голоор нь тайраад, буцааж явуулав.  Давидад энэ тухай айлтгасанд тэрээр тэдэн уруу хүн явууллаа.
10|2842685|2999990|Учир нь эрчүүд маш их ичиж байжээ. Хаан
11|3036549|3248494|Сахлаа ургатал Иериход байж байгаад дараа нь буцаж ирцгээ гэж хэлүүлэв.
12|3273234|4024345|Давидад жигшигдэх болсноо хараад Аммоны хөвгүүд хүмүүс илгээн Бетрехобын арамчууд болон Зобагийн арамчууд болох хорин мянган явган цэргийг мөн Маакагийн хааныг нэг мянган цэрэг болон Тобын арван хоёр мянган эрийн хамт хөлслөн авав. 
13|4056141|4291944|Давид үүнийг сонсоод Иоабыг, хамаг цэргүүд болох хүчит эрстэйгээ илгээв.
14|4314214|5333939|Аммоны хөвгүүд гарч ирэн гулдан хаалганы үүдэнд тулалдааны жагсаалаар жагссан бөгөөд Зоба болон Рехобын арамчууд мөн Тоб болон Маакагийн хүмүүс задгай талд тусдаа байцгаав.  Тулалдаан түүний урд ба ард талд нь байгааг Иоаб хараад Израилийн шилдэг зарим эрчүүдийг сонгон авч тэднийг арамчуудын эсрэг жагсаан байрлуулав.
15|5367852|5737806|Харин үлдсэн хүмүүсийг өөрийн дүү Абишаигийн гарт даатгасан бөгөөд тэрээр Аммоны хөвгүүдийн эсрэг тэднийг жагсаан байрлуулав.
16|5764134|6680532|Иоаб Хэрэв арамчууд надаас илүү хүчтэй байвал чи надад туслагтун. Харин Аммоны хөвгүүд чамаас хүчтэй байвал би чамд туслахаар очно.  Тууштай байгтун. Ард түмнийхээ хийгээд Бурханыхаа хотуудын төлөө зоригтой байцгаая. Мэлмийдээ тааламжтай гэснээ ЭЗЭН үйлдэх болтугай гэв.
17|6704037|7015383|Ингээд Иоаб болон түүнтэй хамт байсан хүмүүс арамчуудтай тулалдахаар ойртсонд тэд түүний өмнөөс зугтав.
18|7046430|7307546|Аммоны хөвгүүд арамчуудын зугтахыг хараад өөрсдөө бас Абишаигаас зугтаж хот уруу оров.
19|7331007|7556755|Тэгээд Иоаб Аммоны хөвгүүдтэй дайтахаас буцан Иерусалимд эргэж ирлээ.
20|7580834|7766936|Харин арамчууд Израильд ялагдсанаа хараад тэд цуглан чуулав.
21|7791191|8575906|Тэгээд Хададезер хүмүүсийг илгээн Евфрат мөрний чанад дахь арамчуудыг авчруулсанд тэд Хададезерын цэргийг тэргүүлэгч жанжин Шобахын хамт Хеламд ирцгээжээ.  Үүнийг Давидад хэлсэнд тэрээр хамаг Израилийг хамтад нь цуглуулж, Иорданыг гатлан Хеламд ирэв.
22|8598044|9362959|Арамчууд Давидын эсрэг жагсаж, түүнтэй тулалдлаа.  Гэвч арамчууд Израилиас зугтаасан бөгөөд Давид арамчуудаас долоон зуун тэрэгт цэрэг, дөчин мянган морьт цэргийг алж, цэргийн жанжин Шобахыг шархдуулсанд тэрээр тэндээ үхэв.
23|9396298|9974052|Хададезерын зарц байсан бүх хаад Израильд цохигдсоноо хараад Израильтай энхийг тогтоон тэдэнд зарагдах болов. Ингээд арамчууд Аммоны хөвгүүдэд дахин туслахаасаа айдаг болжээ.
