verse|start|end|sentence
1|89434|156907|долдугаар бүлэг
2|219882|345567|Давидтай хийсэн Бурханы гэрээ
3|398972|824317|Хаан өргөөндөө тухлан амьдарч, ЭЗЭН эргэн тойрных нь бүх дайснаас түүнийг амруулсан тэр үед  хаан эш үзүүлэгч Натанд ийн хэлэв.
7|6758413|7402846|Би түүний эцэг болж, тэр Миний хүү болно. Тэр гэм бурууг үйлдвэл, Би хүний саваа, хүний хөвгүүний зодуураар түүнийг гэсгээнэ.
8|7425028|8218431|Би өмнөөс чинь зайлуулсан Саулаас хайр энэрэлээ авсныхаа адилаар эс байж, Өөрийн хайр энэрлийг түүнээс салгахгүй.  Чиний гэр болон чиний хаанчлал Миний өмнө мөнхөд үргэлжилж, чиний хаан ширээ мөнхөд тогтоно гэж байна хэмээн хэл гэв.
