verse|start|end|sentence
1|94991|167932|гуравдугаар бүлэг
2|194922|306009|Абнер Давидад урвав
3|335953|567963|Саулын гэр болон Давидын гэрийн хооронд урт удаан дайн үргэлжлэв.
4|603332|874635|Давид хүчирхэгжин хүчирхэгжсээр, харин Саулын гэр доройтон доройтсоор байлаа.
5|901007|997674|Хебронд Давидын хөвгүүд төрөв.
6|1020297|1220423|Ууган хүү нь иезреел эмэгтэй Ахиноамаас төрсөн Амнон.
7|1242693|1901944|Удаах хүү нь кармел хүн Набалын бэлэвсэрсэн эхнэр Абигаилаас төрсөн Хилеаб. Гурав дахь хүү нь Гешурын хаан Талмаин охин Маахагийн хүү Абсалом юм.  Дөрөв дэх хүү нь Хаггитаас төрсөн Адониа
8|1927081|2301667|тав дахь хүү нь Абиталаас төрсөн Шефатиа,  зургаа дахь хүү нь Давидын эхнэр Еглагаас төрсөн Итреам юм.
9|2326319|2462985|Тэд Давидын хөвгүүд болж Хебронд төрсөн билээ.
10|2489004|3070021|Саулын гэр болон Давидын гэрийн хооронд дайн болох зуур Абнер Саулын гэрт зоригтойгоор туслан дэмжиж байв.  Саулд Ризпа гэдэг татвар эм байсан бөгөөд тэр нь Аиагийн охин байв.
11|3101244|3483062|Иш-бошет, Абнерт Чи яагаад эцгийн минь татвар эм дээр ороод байна гэв.  Абнер, Ишбошетын үгэнд ихэд уурлаж
12|3510359|3925429|Иудад зүтгэдэг нохойн толгой юм уу, би Өнөөдөр би чиний эцэг Саулын гэр, түүний ах дүүс ба нөхдөд энэрэл хайраа илэрхийлж
13|3949110|4234923|та нарыг Давидын гарт тушаагаагүй атал, чи өнөөдөр тэр эмээс болж намайг хилэнцтэй гэж буруушааж байна.
14|4266542|4656563|Тиймээс ЭЗЭН, Давидад юу тангарагласныг хэрэв би түүнд эс гүйцэлдүүлэх аваас Абнерыг Бурхан шийтгэг, бүр ч илүүг үйлдэг.
15|4682582|5168872|Тэрээр Саулын гэрээс хаанчлалыг булаан авч, Давидын хаан ширээг Данаас Беершеба хүртэл, Израиль болон Иудагийн дээр тогтоох болно гэв.
16|5203755|5621691|Ишбошет Абнераас айж байсан учир Абнерт ганц ч үг хариулж зүрхэлсэнгүй.  Дараа нь Абнер өөрийн элч нарыг Давид уруу илгээж
17|5649430|5820406|Энэ газар хэнийх вэ Надтай гэрээгээ байгуулагтун.
18|5847527|6110540|Тэгвэл бүх Израилийг танд авчрахад миний гар тантай хамт байх болно гэж хэлүүлэв.
19|6139337|6170427|Давид
20|6190625|6833250|Болж байна Би чамтай гэрээ байгуулъя. Гэхдээ нэг зүйлийг чамаас би шаардаж байна. Чи миний нүүрийг харахаар ирэхдээ Саулын охин Михалыг дагуулж авчрахаас нааш миний нүүрийг харах ёсгүй гэв.
21|6857109|7035273|Тэгээд Давид Саулын хүү Ишбошетэд элч нарыг илгээн
22|7061733|7976278|Филистчүүдийн зуун тээрхийн арьсаар сүй тавьсан миний эхнэр Михалыг надад өгөгтүн гэж хэлүүлэв.  Ишбошет хүн илгээж, тэр эмэгтэйг түүний нөхөр, Лаишийн хөвгүүн Палтиелаас авахуулав.  Харин нөхөр нь тэр эмэгтэйг уйлан дагаж Бахурим хүртэл явжээ. Тэгээд Абнер түүнд
23|8000136|8473903|Яв, буцагтун гэсэнд тэр буцав.  Абнер Израилийн ахмадуудтай хэлэлцээр хийж Та нар эртнээс Давидыг өөрсдийн хаан болгохыг хүсэж байжээ.
24|8494101|9186471|Одоо үүнийгээ биелүүлэгтүн. Учир нь ЭЗЭН, Давидын талаар Зарц Давидынхаа гараар би Өөрийн ард түмэн Израилийг филистчүүдийн гараас бас хамаг дайсных нь гараас аварна гэж айлдсан билээ гэв.
25|9237671|9818379|Абнер мөн бениаминчуудад ч хандан ярив. Тэгээд тэрээр Хебронд буй Давидын чихэнд Израиль болон Бениамины хамаг гэрийнхэн үүнийг хийхэд бэлэн байна гэдгийг дуулгахаар явлаа.
26|9846692|10025782|Абнер хорин хүнийг дагуулан Хебронд буй Давид уруу иржээ.
27|10055858|10332453|Абнер болон түүний хамт буй хүмүүст зориулан Давид найр хийв.  Абнер, Давидад
28|10368483|11076508|Босон явж, хамаг Израилийг эзэн хаандаа хурааж ирэхийг надад зөвшөөрөөч. Тэд тантай гэрээ байгуулж, та сэтгэлдээ хүсэмжилсэн бүхнээ хаанчлах болтугай гэв. Ийнхүү Давид, Абнерыг илгээсэнд тэр амар тайван гарч одлоо.
29|11116595|11215291|Абнерыг Иоаб хөнөөв
30|11278927|11579557|Тэгэхэд, харагтун, Давидын зарц нар болон Иоаб аян дайнаас их олзтой буцаж ирэв.
31|11612412|11964550|Гэвч Давид, Абнерыг явуулсан ба тэрээр амар тайван явж одсон тул Абнер Давидын хамт Хебронд байсангүй.
32|11994626|12164367|Иоаб болон түүнтэй хамт байсан бүх цэрэг буцаж ирэхэд хүмүүс түүнд
33|12215876|12627902|Нерийн хүү Абнер хаан уруу ирээд, хаан Абнерыг явуулсанд тэр амар тайван явав гэж хэлэв.  Тэгэхэд Иоаб хаанд бараалхан
34|12660845|13132759|Та юу хийчих нь энэ вэ Харагтун, Абнер тан дээр ирсэн атал, яагаад та түүнийг саадгүй явж одохоор суллачихав.  Нерийн хүү Абнерыг та мэднэ шүү дээ.
35|13153839|13496716|Тэр таныг мэхэлж, орж гаран дайтахыг тань харуулдан, хийж байгаа бүхнийг тань мэдэхийн тулд ирсэн билээ гэв.
36|13526043|13884708|Иоаб, Давидын өргөөнөөс гараад, Абнерын араас элч нарыг илгээн тэд түүнийг Сирагийн худгаас буцааж авчрав.
37|13906141|14012907|Гэвч Давид үүнийг мэдсэнгүй.
38|14034516|14580430|Ингээд Абнерыг Хебронд буцаж ирэхэд, Иоаб түүнтэй хувьчлан ярихаар түүнийг хаалга уруу зайдуу аваачиж, өөрийн дүү Асахелын цусны төлөө хэвлий уруу нь дүрж алав.
39|14618312|15057548|Давид сүүлд нь энэ тухай сонсоод Нерийн хүү Абнерын цусны тухайд би болоод миний хаанчлал ЭЗЭНий өмнө мөнхөд гэмгүй
40|15088329|15340229|Түүний цус нь Иоабын толгой дээр болон эцгийнх нь бүх гэрийн дээр буух болтугай.
41|15366336|15790887|Шүүрдэстэнгүүд, уяман өвчтөнүүд, таяг тулагчид, илдэнд цохигдон унагсад, талхаар дутагсад Иоабын гэрээс бүү салаг гэв.
42|15822947|16173013|Абнер дүү Асахелыг нь Гибеоны тулалдаанд алсан тул Иоаб болон түүний дүү Абишаи нар Абнерыг цохисон ажээ.
43|16216496|16608015|Давид тэгээд Иоаб ба түүнтэй хамт байсан хамаг ард олонд Хувцсаа урж, таар өмсөн Абнерын өмнө гашуудагтун гэв.
45|18140182|18424274|Дараа нь өдрийн цаг байсаар атал Давидад талх дөхүүлж өгөхөөр хамаг ард олон ирэв. Харин Давид
46|18467360|18874182|Хэрэв нар жаргахаас өмнө би талх эсвэл ямар нэгэн юмыг амсвал намайг Бурхан шийтгэг, бүр илүүг үйлдэг гэж тангараглав.
47|18923398|19380538|Хамаг ард олон үүнийг ажиглав. Хааны үйлдсэн хамаг хэрэг ардуудын таалалд нийцдэг байсны адилаар энэ нь ч мөн тэдний таалалд нийцэв.
48|19426050|19945548|Ингээд Нерийн хүү Абнерыг алах нь хааны хүсэл байгаагүй юм байна гэдгийг хамаг ард олон болон бүх Израиль даяар тэр өдөр мэдэцгээлээ.  Дараа нь хаан зарц нартаа
49|19966186|20202695|Өнөөдөр Израильд ноён болоод агуу хүн уналаа гэдгийг та нар мэдэхгүй байна уу
50|20239165|20872794|Зеруиагийн хөвгүүд болох эдгээр хүмүүс надаас хатуу байхад, тослогдсон хаан атал би харин өнөөдөр дорой байна. Бузар мууг үйлдэгч нэгэнд муу үйлийнх нь дагуу ЭЗЭН хүртээх болтугай гэв.
