verse|start|end|sentence
1|93359|165022|арвантавдугаар бүлэг
2|261645|455773|Иудагийн хаан Абиам Шүтээн ба дайн
3|506753|796269|Небатын хүү Иеробоам хааны арван наймдугаар онд Абиам Иудагийн хаан болжээ.
4|843809|974169|Тэр Иерусалимд гурван жилийн турш хаанчлав.
5|1007332|1152156|Түүний эх нь Абишаломын охин Маака байв.
7|2790515|3044134|Иеробоам, Рехобоам нарын хооронд амьдралынх нь бүх өдрүүдэд дайн дажин байв.
8|3092600|3349615|Абиамын бусад үйл хэрэг, хийсэн бүхэн нь Иудагийн Хаадын шастир номд бичигдсэн бус уу
9|3379162|3534615|Абиам, Иеробоам нарын хооронд ч дайн байлаа.
10|3562530|3864659|Абиам эцэг өвгөдийнхөө хамт нойрсож, тэд түүнийг Давидын хотод нутаглуулжээ.
11|3903114|4050011|Түүний хүү Аса оронд нь хаан болов.
12|4073252|4170581|Иудаг Аса хаанчлав
13|4212432|4464463|Израилийн хаан Иеробоамын хорьдугаар онд Аса Иудагийн хаан болжээ.
14|4548341|4708116|Тэрээр Иерусалимд дөчин нэгэн жилийн турш хаанчлав.
15|4736648|5176722|Түүний эх нь Абишаломын охин Маака байлаа.  Аса өөрийн эцэг өвөг Давидын адил, ЭЗЭНий мэлмийд зөв зүйтэйг үйлдэв.
16|5207769|5544207|Тэрээр бас шүтээний янхан эрчүүдийг газар нутгаасаа хөөн гаргаж, эцэг өвгөдийнхөө бүтээсэн шүтээнүүдийг зайлуулав.
17|5583280|5768015|Тэр бас өөрийн эх Маакаг эх хатан байхыг нь болиулжээ.
18|5791961|5968670|Учир нь эх нь Ашера мэт жигшүүрт хөргийг бүтээжээ.
19|6012329|6335846|Аса эхийнхээ жигшүүрт хөргийг цавчиж, Кидрон гуунд шатаав. 14 Гэвч мөргөлийн өндөрлөгүүд алга болсонгүй.
20|6366628|6602431|Харин Асагийн зүрх сэтгэл амьдралынх нь турш ЭЗЭНд бүрэн зориулагдсан байв.
21|6628715|6960699|эр эцгийнхээ болон өөрийнхөө ариун өргөл болох алт, мөнгө ба хэрэгслүүдийг ЭЗЭНий өргөөнд авчрав.
22|7042814|7163692|Израилийн эсрэг Арамтай эвсэв
23|7192621|7464586|Аса ба Израилийн хаан Бааша нарын хооронд тэдний бүхий л өдрүүдэд дайн дажин байв.
24|7487209|7910702|Израилийн хаан Бааша Иудаг довтлон ирж Иудагийн хаан Аса уруу хэнийг ч оруулахгүй бас гаргахгүй байхын тулд Рамаг барьж босгов.
25|7941704|9038030|Тэгэхэд ЭЗЭНий өргөө болон хааны өргөөний эрдэнэсийн санд үлдсэн бүх алт, мөнгийг Аса хаман түшмэдийнхээ гарт өгөөд, Дамаскт амьдарч байсан Арамын хаан Хезионы ач Табриммоны хүү Бен-хададад илгээн Миний эцэг, таны эцэг нарын хооронд байсан шиг тийм гэрээг хоорондоо байгуулъя. Харагтун, би танд энэ алт, мөнгийг бэлэг болгон илгээсэн билээ.
26|9062109|9333500|Израилийн хаан Баашатай тогтоосон гэрээгээ цуцлан, түүнийг надаас холдуулахад туслаач” гэж уламжлуулав.
27|9359784|9985871|Бенхадад Аса хааныг сонсож, Израилийн хотуудыг довтлохоор цэргийн жанжингуудаа илгээн Нафталийн бүх нутгаас гадна Ион, Дан, Абелбетмаака болон Хиннеротын бүх нутгийг эзлэн авлаа.
28|10017270|10238917|Бааша үүнийг дуулаад, Рамаг бэхлэн барихаа больж, Тирзад үлдэв.
29|10289500|11037789|Тэр үед Аса хаан нэг ч хүнийг үлдээлгүйгээр бүх иуда хүмүүст тунхагласанд тэд Баашагийн барилгад хэрэглэж байсан Рамагийн чулуу, дүнз моднуудыг авч явав. Аса хаан түүгээр нь Бениамины Геба болон Мизпаг босгов.
30|11099925|11530209|Асагийн бусад бүх түүх, түүний хүч чадал, түүний барьсан бүх хотууд ба хийсэн бүхэн нь Иудагийн Хаадын шастир номд бичигдсэн бус уу
31|11568620|12073124|Гэвч тэрбээр насан өтөл үедээ хөл өвчтэй болов.  Аса эцэг өвгөдийнхөө хамт нойрсон өөрийн эцэг Давидын хотод эцэг өвгөдийнхөө хамт тавигджээ.
32|12103730|12254552|Хүү Иехошафат нь түүний оронд хаан болов.
33|12287715|12396598|Израилийг Надаб хаанчлав
35|14519131|14932833|ЭЗЭН Өөрийн боол Шилогийн хүн Ахиагаар дамжуулан хэлсэнчлэн Бааша, Иеробоамд нэг ч хүн амьд үлдээлгүй бүгдийг устгав.
36|14968289|15308388|Учир нь Иеробоам нүгэл үйлдэж бас Израилиар ч нүгэл үйлдүүлэн Израилийн Бурхан ЭЗЭНийг хилэгнэхэд хүргэсэн юм.
37|15332202|15611135|Надабын бусад үйл хэрэг, хийсэн бүхэн нь Израилийн Хаадын шастир номд бичигдсэн бус уу
38|15645180|15888612|Аса болон Израилийн хаан Бааша нар үргэлж хоорондоо дайтаж байлаа.
39|15916968|16453357|Бааша Израилийг хаанчлав Иудагийн хаан Асагийн гуравдугаар онд Ахиагийн хүү Бааша Тирзад бүх Израилийн хаан болж, хорин дөрвөн жилийн турш хаанчлав.
40|16505747|16860708|Тэрээр ЭЗЭНий мэлмийн өмнө ёрын мууг үйлдэж, Израилиар нүгэл үйлдүүлсэн Иеробоамын замаар замнажээ.
