verse|start|end|sentence
1|86391|155099|хориннэгдүгээр бүлэг
2|201537|324752|Наботын усан үзмийн цэцэрлэг
3|418420|550588|Түүний дараа ийм нэгэн явдал боллоо.
4|595923|911106|Иезреел хүн Набот нь Иезреелд, Самарийн хаан Ахабын ордны хажууд усан үзмийн цэцэрлэгтэй байжээ.
5|957455|1034012|Ахаб, Наботад хандан
6|1082875|1303816|Таны усан үзмийн цэцэрлэг миний гэртэй ойр тул түүнийг надад өгөөч.
7|1338258|1818198|Би түүнийг ногооны тариалан болгох гэсэн юм. Би чамд энэ усан үзмийн цэцэрлэгээс илүү сайныг өгье. Хэрэв хүсэж байвал өртгийг нь мөнгөөр төлье гэв.
8|1855287|1934137|Гэвч Набот, Ахабт
9|1983221|2225594|Эцэг өвгөдийнхөө өмчийг танд өгөх явдлаас ЭЗЭН намайг хол байлгаг гэв.
10|2269782|2719206|Эцэг өвгөдийнхөө өвийг би танд өгөхгүй гэж Иезреел хүн Наботын хэлсэн үгнээс болж Ахаб гэртээ их л дүнсгэр, уур уцаартай орж ирэв.
11|2761674|2932605|Тэрээр орон дээрээ хэвтэж, нүүрээ буруулан юу ч идсэнгүй.
12|2970796|3323552|Харин түүний эхнэр Иезебел түүн дээр ирээд Юунд чи дүнсгэр царайлаад хоол идэхгүй байгаа юм бэ гэлээ.  Хаан түүнд
13|3344367|3619772|Би иезреел хүн Наботтай ярилцаж, түүнд “Усан үзмийн цэцэрлэгээ надад мөнгөөр худалдаач.
14|3663254|3925958|Эсвэл чамд таалагдвал оронд нь би чамд өөр усан үзмийн цэцэрлэг өгье гэсэн боловч тэрээр 
15|3952947|4494495|Би чамд усан үзмийн цэцэрлэгээ өгөхгүй гэв гэж хариулав.Түүний эхнэр Иезебел түүнд Израилийг одоо чи захирч байгаа биш үү Бос, талх ид, зүрх сэтгэлээ баясга.
16|4549708|4783879|Иезреел хүн Наботын усан үзмийн цэцэрлэгийг би чамд өгөх болно гэж хэлэв.
18|6572002|7353586|Тэд мацаг барих өдрийг тунхаглан Наботыг хүмүүсийн тэргүүнд суулгав.  Тэгтэл үл бүтэх хоёр хүн орж ирж, түүний өмнө суув. Тэгээд өнөөх үл бүтэх этгээд нь Наботын эсрэг хүмүүсийн өмнө гэрчлэл хийж Набот, Бурханыг бас хааныг хараасан юм гэв.
19|7374313|7669078|Тэд Наботыг хотоос гадагш гарган түүн уруу чулуу шидлэн алжээ.  Ингээд тэд Иезебелд
20|7695670|7855047|Набот уруу чулуу шидэж, тэр үхсэн хэмээн хэл илгээжээ.
21|7910040|8642629|Набот чулуугаар шидүүлэн үхсэн гэдгийг Иезебел сонсоод, Ахабт хандан Босогтун. Иезреел хүн Наботын мөнгөөр өгөхөөс татгалзаад байсан усан үзмийн цэцэрлэгийг өмчлөн ав. Учир нь Набот амьд биш харин үхсэн гэв.
22|8664723|9123937|Набот үхсэнийг сонсоод Ахаб босож, иезреел хүн Наботын усан үзмийн цэцэрлэгийг өөрийн болгохоор явав. ЭЗЭНий шийтгэлийг Елиа дуулгав
23|9156306|9339145|Тэгэхэд ЭЗЭНий үг тишбе хүн Елиад ирж айлдсан нь
24|9359563|9395769|Босогтун.
25|9416143|9594837|Самарид байгаа Израилийн хаан Ахабтай уулзахаар явагтун.
26|9618165|9852072|Тэр одоо Наботын усан үзмийн цэцэрлэгийг өөрийн болгон авахаар тэр газарт очоод байгаа.
27|9874827|9926469|Чи түүнтэй ярихдаа
28|9961837|10032882|ЭЗЭН ийн айлдаж байна.
29|10055196|10621132|Чи алчихаад мөн эд хөрөнгийг нь авах нь уу ЭЗЭН бас Наботын цусыг ноход долоож буй тэр газарт чиний цусыг ч бас ноход долоох болно» гэж айлдлаа гэж хэлээрэй хэмээжээ.
30|10672993|11255731|Ахаб, Елиад Өө миний дайсан, чи намайг олоод ирэв үү гэсэнд Елиа Би чамайг оллоо. Учир нь ЭЗЭНий мэлмийн өмнө ёрын мууг үйлдэхээр чи өөрийгөө худалджээ. Үзэгтүн.
31|11275708|11705683|Би чам дээр гай гамшгийг буулгаж, чамайг бүрмөсөн шүүрдэн хаях болно. Тэгээд чөлөөт ч бай, боол ч бай Ахабын бүх эр хүйстнийг
32|11782946|11911983|Би, Израильд үндсээр нь устгах болно.
33|11953834|12591211|Чи Израилийг нүгэл үйлдэхэд хүргэж Намайг хилэгнүүлсэн учир Би чиний гэрийг Небатын хүү Иеробоамын гэр шиг бас Ахиагийн хүү Баашагийн гэр шиг болгоно.  ЭЗЭН бас Иезебелийн тухай айлдахдаа
34|12623095|13304176|Иезреелийн хэрмийн дэргэд ноход Иезебелийг идэх болно. Ахабт хамаарах хүмүүсээс хэн нэгэн хот дотор үхэх аваас цогцсыг нь ноход идэж, талд үхсэн нэгнийг нь огторгуйн шувууд тоншин идэх болно гэсэн гэж хэлэв.
35|13342984|13638498|ЭЗЭНий мэлмийд ёрын мууг үйлдэхээр өөрийгөө худалдсан Ахаб шиг хүн үнэндээ байсангүй.
36|13690359|14287826|Түүнийг эхнэр Иезебел нь уруу татсан юм.  Израилийн хөвгүүдийн өмнөөс ЭЗЭНий хөөн зайлуулсан аморичуудын зан үйлийн дагуу Ахаб шүтээнүүдэд мөргөснөөрөө маш бузрыг үйлдсэн юм.
37|14316976|14705497|Ахаб эдгээр үгийг сонсмогцоо хувцсаа уран, биедээ таар өмсөж, мацаг барин, тааран хувцастайгаа хэвтэж, чимээгүй явах болжээ.
38|14735133|14906990|Тэр үед ЭЗЭНий үг тишбе хүн Елиад ирж
39|14947254|15684606|Миний өмнө Ахаб өөрийгөө хичнээн хүлцэнгүй болгосныг чи харсан уу Тэр өөрийгөө Миний өмнө хүлцэнгүй болгосон тул Би түүний өдрүүдэд гай гамшиг буулгалгүй, харин түүний хүүгийн үед түүний гэр дээр гай зовлон авчирна гэв.
