verse|start|end|sentence
1|92654|168550|арвандөрөвдүгээр бүлэг
2|190423|294058|Иеробоамынхны эсрэг шүүлт
3|440911|601127|Тэр үед Иеробоамын хүү Абиа өвчтэй боллоо.
4|631071|696383|Иеробоам эхнэртээ
5|731707|1016372|Босож, өөрийгөө Иеробоамын эхнэр гэж тэдэнд танигдахааргүйгээр зүсээ хувиргаад Шило уруу явагтун.
6|1040936|2195386|Энэ ард түмнийг захирах хаан болно гэж миний тухай хэлсэн эш үзүүлэгч Ахиа тэнд бий.  Арван талх, зөөлөн боов, нэг ваар зөгийн бал аваад түүн дээр оч. Хүүд юу тохиолдохыг тэр чамд хэлж өгнө гэж хэлэв.  Иеробоамын эхнэр тийн үйлдээд босож Шило уруу явж Ахиагийн гэрт ирэв. Ахиа өндөр настай болсноос нүд нь муудаж, харж чадахаа больжээ.  ЭЗЭН, Ахиад
7|2251701|2842641|Харагтун, Иеробоамын эхнэр өвчтэй хүүгийнхээ талаар үг асуухаар чам уруу ирж байна. Чи түүнд ингэж ингэж ярь. Тэр орж ирэхдээ өөрийгөө танигдахааргүйгээр зүсээ хувиргасан байна гэж айлдсан байлаа.
8|2882861|3249640|Үүдээр орж ирэх түүний хөлийн чимээг Ахиа сонсоод Иеробоамын эхнэр, орж ирэгтүн. Юунд чи өөрийгөө танигдахгүй болгов
9|3289815|3469920|Би чам уруу муу мэдээтэй  илгээгдсэн юм. Явж, Иеробоамд
10|3492411|3920445|Израилийн Бурхан ЭЗЭН хэлэхдээ Би чамайг ард түмний дундаас өргөмжилж, Миний ард түмэн болох Израилийг захирах удирдагчаар томилж
11|3945274|4132655|Давидын ургийнхнаас хаанчлалыг таслан авч чамд өгсөн боловч
12|4187162|4328459|чи Миний зарц Давид шиг байсангүй.
13|4351126|4695547|Давид, Миний тушаалуудыг сахиж, Миний мэлмийн өмнө зөв зүйтэйг үйлдэхээр Намайг бүх зүрх сэтгэлээрээ дагасан билээ.
14|4716450|5328735|Бас өөрөөс чинь өмнө байсан бүгдээс чи илүү ёр мууг үйлдэн, өөртөө өөр бурхад болон цутгамал зургууд хийж, Намайг хилэгнэхэд хүргэн эцэстээ Надад нуруугаа харуулсан.  Тийм учраас харагтун
15|5359914|5548882|Би Иеробоамын гэрийн дээр гай зовлонг буулгана.
16|5582222|6102822|Би Иеробоамын эрчүүдийг, насанд хүрээгүй ч бай, хүрсэн ч бай Израильд үр үндсээр нь таслана. Иеробоамын гэрийнхнийг үгүй болтол Би хоргол шүүрддэг шиг цэвэрлэн шүүрдэж хаяна.
17|6139337|7085855|Иеробоамд хамаарагдах хэн боловч хот дотор үхэх аваас ноход цогцсыг нь идэж, талд үхсэн нэгнийг нь огторгуйн шувууд тоншин идэх болно. Учир нь ЭЗЭН үүнийг айлджээ» гэсэн гэж хэл.  Харин одоо чи босож, гэртээ харигтун. Чамайг хотод хөл тавимагц хөвгүүн үхэх болно.
18|7106715|8387864|Бүх Израиль түүний үхэлд гашуудан, түүнийг оршуулна. Иеробоамын гэр бүл дотор тэр хүүхдээс л Израилийн Бурхан ЭЗЭНд тааламжит сайн зүйл олдсон учраас Иеробоамын гэрийнхнээс ганцхан тэр л хүүхэд булшинд оршуулагдана.  Үүнээс гадна ЭЗЭН энэ өдөр, энэ цагаас хойш Өөрийнхөө төлөө Израилийг захирах өөр хааныг босгох бөгөөд тэр нь Иеробоамын гэрийг нэгэн өдөр арчиж хаяна.
19|8411104|9508533|ЭЗЭН Израилийг усанд найгах зэгс адил цохих болно. Тэд өөрсдийн Ашерагийн модон шонг хийж ЭЗЭНийг хилэгнэхэд хүргэсэн тул эцэг өвгөдөд нь өгсөн энэ сайхан газраас Израилийг суга татаж,  Евфрат мөрний чанад уруу тараах болно.  Иеробоамын үйлдсэн төдийгүй Израилиар үйлдүүлсэн гэм нүглийнх нь төлөө Тэр Израилийг хаях болно гэж хэлэв.
20|9554485|9756551|Ингээд Иеробоамын эхнэр босон явж, Тирза уруу буцжээ.
21|9793507|9997249|Тэрээр гэрийнхээ босгоор орж ирж байх үед хүүхэд нас барав.
22|10049860|10582765|Өөрийн зарц эш үзүүлэгч Ахиагаар дамжуулан хэлсэн ЭЗЭНий үгийн дагуу бүх Израиль түүнийг оршуулж, түүний үхэлд гашууджээ.Иеробоамын үхэл
23|10617339|11020634|Иеробоамын хэрхэн дайн хийж, хэрхэн хаанчилсан болон бусад үйл хэрэг Израилийн хаадын шастир номд бичигдсэн юм.
24|11048725|11633006|Иеробоам хорин хоёр жил хаанчлав. Тэр эцэг өвгөдийнхөө хамт нойрссон бөгөөд хүү Надаб нь түүний оронд хаан болжээ. Иуда дахь Рехобоамын хаанчлал
25|11654659|11835381|Соломоны хүү Рехобоам Иудагийн хаан байлаа.
26|11883847|12054867|Рехобоам хаан болохдоо дөчин нэгэн настай байсан бөгөөд
27|12077005|12456838|ЭЗЭН нэрээ тэнд байлгахын тулд Израилийн бүх овгоос ЭЗЭНий сонгосон хот болох Иерусалимд арван долоон жил хаанчилжээ.
28|12488590|12798878|Түүний эх нь аммон эмэгтэй Наама байжээ.  Иуда ЭЗЭНий мэлмийн өмнө ёрын мууг үйлдэв.
29|12828822|13086851|Тэд эцэг өвгөдийнхөө хийсэн бүгдээс илүү нүгэл үйлдсэнээрээ ЭЗЭНийг хилэгнэхэд хүргэв.
31|14570772|15043524|Тэрээр ЭЗЭНий өргөөний болон хааны өргөөний эрдэнэсийг олзлон авав. Тэрээр бүхнийг авсан төдийгүй Соломоны хийсэн алтан бамбайнуудыг ч хүртэл хаман оджээ.
32|15074041|16231225|Тэгэхэд Рехобоам хаан тэдгээрийн оронд гуулин бамбай урлан, хааны өргөөний үүдийг хамгаалдаг харуулын дарга нарт тэдгээрийг даатгав.  Хааныг ЭЗЭНий өргөөнд орж ирэх болгонд харуулууд ирж бамбайнуудыг өргөн яваад дараа нь дахин харуулын өрөөнд буцааж аваачих болжээ. Рехобоамын бусад үйл хэрэг, хийсэн бүхэн нь Иудагийн Хаадын шастир номд бичигдсэн бус уу
33|16252834|16866706|Рехобоам, Иеробоам нарын хооронд бүхий л өдрүүдэд нь дайн дажин үргэлжилсээр байв.  Рехобоам эцэг өвгөдийнхөө хамт нойрссон бөгөөд Давидын хотод эцэг өвгөдийнхөө дэргэд тавигджээ.
34|16898811|17029479|Түүний эх нь аммон эмэгтэй Наама байжээ.
35|17107051|17262063|Хүү Абиам нь түүний оронд хаан болов.
