verse|start|end|sentence
1|96138|159421|наймдугаар бүлэг
2|183235|264776|Өргөөг ЭЗЭНд өргөв
3|371586|1016196|Дараа нь ЭЗЭНий гэрээний авдрыг Давидын хот Сионоос залахын тулд Израилийн ахмадууд болон бүх овгийн удирдагчид буюу Израилийн хөвгүүдийн эцгийн бүлийн тэргүүлэгчдийг Иерусалимд өөрийнхөө өмнө Соломон цуглуулав.
4|1048565|1390649|Долдугаар сар буюу Етаним сард баяр наадмаар Израилийн бүх эрчүүд Соломон хааны өмнө цугларав.
5|1444451|2014311|Ингээд Израилийн ахмадууд бүгд ирж, тахилч нар авдрыг өргөн авлаа.  Тахилч нар ба левичүүд ЭЗЭНий авдар, уулзалтын майхан ба дотор нь байсан бүх ариун эд зүйлсийг авчрав.
6|2054089|2512112|Соломон хаан болон түүний өмнө хүрэлцэн ирсэн Израилийн хотол түмэн түүний хамт авдрын өмнө тоолж тооцоолж барамгүй олон хонь, үхрээр тахил өргөв.
7|2557182|3048368|Тэгээд тахилчид ЭЗЭНий гэрээний авдрыг өргөөний дотоод ариун танхим буюу ариунаас ариун газарт херубуудын далавчин доор байранд нь заллаа.
9|5056991|5275197|Учир нь ЭЗЭНий цог жавхлан ЭЗЭНий өргөөг дүүргэсэн аж.
10|5310654|5355989|Тэгээд Соломон
11|5386285|5584691|Үүл манан дунд Би оршмуй хэмээн ЭЗЭН айлтгалаа
12|5607667|5913810|Үүрд мөнх Түүний залрах газар, цог жавхлант өргөөг би барьж босголоо гэж хэлэв.
13|6017533|6385944|Соломоны үг Тэгээд хаан эргэн харж, Израилийн бүх чуулганыг тэнд зогсож байхад нь тэднийг ерөөлөө.
14|6415932|6437762|Тэрээр
15|6458577|6925772|Өөрийн амаар миний эцэг Давидад айлдсан бүхнээ Өөрийнхөө мутраар биелүүлж өгсөн Израилийн Бурхан ЭЗЭН магтагдах болтугай. Тэрээр айлдахдаа
16|6949586|7451091|Би Өөрийн ард түмэн Израилийг Египетээс гаргасан өдрөөс хойш Өөрийн нэрийг байлгах өргөөг бариулах гэж Израилийн бүх овгоос аль ч хотыг сонгоогүй боловч
17|7472480|7731435|Өөрийн ард түмэн Израилийг захируулахаар Би Давидыг сонгосон билээ гэв.
18|7768656|8062847|Израилийн Бурхан ЭЗЭНий нэр алдрын төлөө өргөө барих нь миний эцэг Давидын зүрхэнд байсан юм.
19|8099846|8451809|Харин ЭЗЭН миний эцэг Давидад Миний нэр алдарт өргөө барих сэтгэл чиний зүрхэнд байгаа нь маш сайн байна.
20|8497011|8908508|Гэсэн ч тэр өргөөг чи өөрөө босгохгүй, харин чамд төрөх хүү чинь Миний нэр алдарт уг өргөөг барих болно гэсэн билээ.
21|8966853|9053465|ЭЗЭН хэлсэн үгээ баталлаа.
22|9083718|10050169|Ийнхүү би ЭЗЭНий амласны дагуу өөрийн эцэг Давидын оронд босож, Израилийн сэнтийд заларч, Израилийн Бурхан ЭЗЭНий нэр алдарт зориулж өргөө барив. Бидний эцэг өвгөдийг Египет нутгаас гаргахдаа тэдэнтэй байгуулсан ЭЗЭНий гэрээг агуулсан авдрыг залах байрыг би тэнд бэлтгэн зэхлээ
23|10073807|10097180|гэв.
24|10142647|10236227|Соломоны залбирал
25|10371438|11345607|Тэгээд Соломон Израилийн бүх чуулганы өмнө ЭЗЭНий тахилын ширээний урд зогсоод, тэнгэр өөд гараа сунгаж Израилийн Бурхан ЭЗЭН минь ээ Бүх зүрхээрээ Таны өмнө явагч зарц нарынхаа төлөө гэрээ ба хайр энэрэлээ сахидаг Тантай адил Бурхан дээр тэнгэрт, доор газар дээр үгүй билээ.
26|11403686|11809627|Та Өөрийн зарц, миний эцэг Давидад амласнаа сахиж, Та Өөрийн амаар хэлснээ энэ өдөр Өөрийн мутраар биелүүллээ.
27|11841776|12080224|Тиймээс, Израилийн Бурхан ЭЗЭН минь, Та Өөрийн зарц, миний эцэг Давидад
28|12108845|12799407|Чи Миний өмнө явсны адил чиний хөвгүүд Миний өмнө явахын тулд тэд өөрсдийн замаа анхааран сахих аваас Израилийн сэнтийд суух хүн Миний өмнө чамд тасрахгүй гэж айлдан амласнаа сахин биелүүлнэ үү.
29|12833232|13362476|Тиймээс, Израилийн Бурхан минь ээ, Та Өөрийн зарц, миний эцэг Давидад хэлсэн үгээ бататгаж өгөөч Гэхдээ Бурхан үнэхээр газар дээр оршино гэж үү Харагтун
30|13384217|13774326|тэнгэр болон тэнгэрсийн тэнгэр ч Таныг багтааж чадахгүй билээ. Тэгвэл Миний барьсан энэ өргөө хичнээн ч өчүүхэн юм бэ
31|13796640|14002852|Гэсэн ч боолынхоо залбирал, айлтгалыг анхааран үзээч.
32|14068561|14128052|Бурхан ЭЗЭН минь ээ
33|14151028|15341993|Өнөөдөр боол тань Таныхаа өмнө залбирсан энэ залбирал, хашхирах гуйлтыг сонсооч.  Энэ газарт хандан залбирах зарцынхаа залбирлыг сонсохын тулд, Миний нэр тэнд байг гэж Өөрийн  айлдсан тэр газар буюу энэ өргөөн дээр Таны мэлмий өдөр ч, шөнө ч тусах болтугай.  Энэ газарт хандсан Таны боол болон Таны ард түмэн Израилийн гуйлтыг Та сонсооч.
34|15370922|15626835|Тэнгэр дэх Өөрийнхөө залрах газраас сонсооч, анхаарч өршөөн соёрхооч.
35|15664540|16303417|Хэрэв хүн хөршийнхөө эсрэг нүгэл үйлдчихээд, ам тангараг өгөхөөр болж, тэрээр энэ өргөөнд Таны тахилын ширээний өмнө ирж тангараглах аваас  Та тэнгэрээс сонсож үйлдээч, боолуудаа шүүгээч.
36|16340328|17358421|Ингэхдээ гэм буруутны арга замыг толгой дээр нь буулган буруутгаж, зөвт хүнийг зөвт байдлынх нь дагуу зөвтгөж болгооно уу.  Таны ард түмэн Израиль Таны эсрэг нүгэл үйлдсэнээс болж дайсандаа цохигдох үед, хэрэв тэд Тан уруу дахин эргэж, Таны нэрд талархаж, энэ өргөөнд Танд хандан залбирч, гуйх аваас
37|17383602|17885460|Та тэнгэрээс сонсож, Өөрийн ард түмэн Израилийн нүглийг уучилж, эцэг өвгөдөд нь Таны өгсөн газар нутагт тэднийг буцаан ирүүлж соёрхоно уу.
38|17925679|18531878|Тэд Таны эсрэг нүгэл үйлдсэнээс болж тэнгэр хаагдаж, хур бороо үгүй болох үед тэд энэ газарт хандан залбирч, Таны нэрд талархаж, Та тэднийг зовооход тэд нүглээсээ эргэх аваас
40|21565385|22532762|Түүнчлэн Таны ард түмэн Израилийнх биш боловч Таны нэрийн төлөө хол газраас ирсэн гаднын хүний хувьд ч, Учир нь тэд Таны агуу нэр, Таны хүчит гар, Таны сунгасан мутрын талаар сонсох билээ. тэр ирж энэ өргөөнд хандан залбирах аваас  Та тэнгэр дэх Өөрийн залрах газраас сонсож
41|22555474|22780119|тэр гаднын хүнээс Таныг дуудсан бүхний дагуу үйлдэж болгооно уу.
42|22808123|23427154|Энэ нь газар дэлхийд орших бүх ард түмэн Таны нэрийг мэдэж, Таны ард түмэн Израилийн адил Танаас эмээн миний барьсан энэ өргөө Таны нэрээр дуудагдсан гэдгийг мэдэж байхын тулд юм.
43|23469843|23815808|Таны ард түмэн дайсантай тулалдахаар явах үед, Та тэднийг ямар ч замаар илгээсэн тэд Таны сонгож авсан хот болон
44|23836005|24586235|Таны нэрд зориулж миний босгосон өргөө тийш хандан ЭЗЭНд залбирах үед,  Та тэдний залбирал гуйлтыг тэнгэртээ сонсож, тэдэнд шийдлийг гаргаж соёрхоно уу.  Тэд Таны эсрэг нүгэл үйлдсэнээр Нүгэл хийдэггүй хүн гэж үгүй.
45|24610269|25149127|Та хилэгнэн, тэднийг дайсанд өгч, дайсан нь тэднийг хол ч бай, ойр ч бай нутагтаа олзлон аваачихад,  хэрэв тэд олзлогдон очсон газартаа сэтгэл зүрх нь эргэн
46|25171883|25561242|Бид нүгэл үйлдлээ, буруутлаа, бузрыг үйлдлээ” хэмээн гэмшиж, олзлогдон очсон газартаа тааллыг тань гуйх аваас
47|25587613|26319673|мөн өөрсдийг нь олзолсон дайснуудын нутагт тэд Тан уруу бүх зүрх, бүх сэтгэлээрээ эргэж, эцэг өвгөдөд нь Таны өгсөн газар ба Таны сонгосон хот, Таны нэрд зориулж миний барьсан энэ өргөө тийш Танд хандан залбирах аваас
48|26340048|27365196|Та тэнгэр дэх Өөрийн орших газраасаа тэдний залбирал ба гуйлтыг сонсон, тэдэнд шийдэл хариуг өгөөч.  Таны эсрэг нүгэл үйлдсэн ард түмнээ болон тэдний үйлдсэн бүх гэмт үйлдлийг уучлан өршөөж, тэднийг олзлон авсан хүмүүс тэднийг энэрэх болтол тэр хүмүүсээр дамжуулж тэднийг нигүүлсээрэй.
49|27415294|27783088|Учир нь тэд Таны ард түмэн бөгөөд Египетээс буюу төмөр хайлуулдаг зуухан дотроос Таны гаргаж авсан өв тань билээ.
50|27817353|28312817|Ингэснээрээ Таныг дуудах бүрд нь Та сонсож байхын тулд Өөрийн зарц ба Өөрийн ард түмэн Израилийн гуйлт бүхэнд мэлмийгээ нээлттэй байлгаач.
51|28341702|28987723|Эзэн БУРХАН минь ээ, Та эцэг өвгөдийг маань Египетээс гаргахдаа Өөрийн зарц Мосегоор дамжуулан айлдсанчлан тэднийг Өөрийн өв болгон дэлхийн бүх ард түмнээс тусгаарласан шүү дээ гэж залбирав.
52|29019740|29131181|Соломон Израилийг ерөөв
53|29159228|29860506|Соломон уг залбирал ба гуйлтыг ЭЗЭНд залбирч дууссаныхаа дараа ЭЗЭНий тахилын ширээний өмнөөс, өвдөг дээрээсээ гараа тэнгэр өөд дэлгэн босов.  Тэр босон зогсоод, Израилийн бүх чуулганыг өндөр дуугаар ерөөн
54|29905621|30183627|Амласан ёсоороо Өөрийн ард түмэн Израильд амар тайвныг өгсөн ЭЗЭН магтагдах болтугай.
56|32484677|32727139|ЭЗЭН л Бурхан гэдгийг дэлхийн бүх ард түмэн мэдэх болтугай.
57|32751526|33227056|Тиймээс  өнөөдрийнх шиг ЭЗЭН Бурханыхаа тушаалуудыг сахин, Түүний тогтоолууд дотор явахын тулд та нарын зүрх Түүнд бүрэн зориулагдах болтугай
58|33251532|33290119|гэж хэлэв.
59|33318123|33402662| Соломон тахил өргөв
60|33427359|33688166|Тэгээд хаан ба түүнтэй хамт байсан бүх Израиль, ЭЗЭНий өмнө тахил өргөв.
61|33714273|34309270|Соломон, ЭЗЭНд өргөсөн эвийн тахилд хорин хоёр мянган үхэр, зуун хорин мянган хонь өргөв. Ингэж хаан болоод Израилийн бүх ард түмэн ЭЗЭНий өргөөний нээлтийг ёслов.
63|36087118|36633958|Өөрийн зарц Давид хийгээд Өөрийн ард түмэн Израильд ЭЗЭНий үзүүлсэн бүхий л сайн сайханд баярласан, хөгжилтэй хүмүүс майхнуудадаа харьцгаалаа.
