verse|start|end|sentence
1|90360|167403|арванесдүгээр бүлэг
2|250223|370925|Елиа Иезебелээс зугтсан нь
3|414363|507458|Елиагийн хийсэн бүх зүйлс болон
4|537579|840942|тэр бүх эш үзүүлэгчдийг хэрхэн илдээр цавчин алсан зэргийг Ахаб, Иезебелд нэгбүрчлэн ярьж өгчээ.
5|880941|991808|Тэгэхэд Иезебел, Елиад хүн илгээн
6|1024398|1412126|Хэрэв би маргааш өдийд чиний амийг тэдгээр эш үзүүлэгчдийн амь шиг болгохгүй бол бурхад намайг шийтгэг, бүр илүү үйлдэг гэж хэлүүлжээ.
7|1455123|1727838|Елиа айн босож, амиа аврахаар зугтан Иудад харьяалагддаг Беершебад ирэв.
8|1750461|1824240|Тэнд өөрийн зарцыг үлдээв.
9|1849818|2110229|Харин тэрээр өөрөө нэг өдөржингөө алхсаар цөлд хүрээд, нэгэн тац модны доор суув.
10|2130735|2292362|Тэрээр үхэхийг хүсэмжлэн Одоо хангалттай. ЭЗЭН минь
11|2315470|2539851|би эцэг өвгөдөөсөө дээрдэх юмгүй тул одоо миний амийг аваач гэж хэлэв.
12|2572794|2688997|Тэрээр тац модны дор хэвтээд унтав.
13|2717838|2847933|Харагтун, нэгэн тэнгэрэлч түүнд хүрч
14|2871880|2966827|Бос, идэгтүн гэжээ.
15|2993949|3405931|Елиа харвал түүний толгойн хавьд халуун чулуунууд дээр жигнэсэн бин, ваартай ус байжээ. Тэрээр идэж уучихаад дахиад л хэвтэв.
16|3434640|3572452|ЭЗЭНий тэнгэрэлч хоёр дахь удаагаа ирээд, түүнд хүрч
17|3593929|4179004|Босоод идэж ав. Учир нь энэ аялал чиний хувьд дэндүү хүнд юм гэв.  Тэрээр босоод идэж уулаа. Тэр хоолны хүчээр дөчин өдөр дөчин шөнө Бурханы уул болох Хореб уруу явлаа.
18|4210844|4462214|Елиа тэнд агуйд орж шөнийг өнгөрөөв. ЭЗЭНий үг түүнд ирж, ЭЗЭН түүнд
19|4487880|5212311|Елиа, чи энд юу хийж байгаа юм бэ гэв.  Тэрээр Би түг түмдийн Бурхан ЭЗЭНд маш их зүтгэсээр ирсэн. Израилийн хөвгүүд Таны гэрээг умартаж, Таны тахилын ширээнүүдийг нураан Таны эш үзүүлэгчдийг илдээр цавчин алсан билээ.
20|5234670|5313741|Одоо ганцхан би л үлдээд байна.
21|5352725|5522643|Тэд миний амийг авахын тулд намайг хайж байна гэж өчив.
22|5556952|5657412|Елиа, Хоребт ЭЗЭН
23|5710200|5909223|Гарч ирээд, уулан дээр ЭЗЭНий өмнө зогсогтун гэж айлдлаа.
24|5944812|6050034|Харагтун, ЭЗЭН хажуугаар нь өнгөрөв.
25|6097883|6731071|асар их хүчтэй салхи ЭЗЭНий өмнөх уулсыг цуулж, хаднуудыг хэсэглэн буталж байсан боловч тэр салхин дотор ЭЗЭН байсангүй. Салхи өнгөрөн одсоны дараа газар хөдөлсөн боловч тэр газар хөдлөлтийн дотор ч ЭЗЭН байсангүй.
26|6760089|7519976|Газар хөдлөлтийн дараа гал гарсан боловч ЭЗЭН гал дотор байсангүй. Харин гал гарсны дараа намуухан хүнгэнэх дуу гарлаа.  Елиа тэр дууг сонсмогц нүүрээ нөмрөгөөрөө ороон агуйн аманд гарч зогсов. Харагтун, дуу чимээ түүнд ирээд
27|7566633|8278540|Елиа, чи энд юу хийж байгаа юм бэ гэв.  Елиа Би түг түмдийн Бурхан ЭЗЭНд маш их зүтгэсээр ирсэн. Израилийн хөвгүүд Таны гэрээг умартаж, Таны тахилын ширээнүүдийг нурааж, Таны эш үзүүлэгчдийг илдээр цавчин алсан билээ.
28|8327138|8398712|Одоо ганцхан би л үлдээд байна.
29|8444091|8601881|Тэд миний амийг авахын тулд намайг хайж байна гэж өчив.
30|8623093|8659035|ЭЗЭН түүнд
31|8694711|8855721|Яв, Дамаскийн цөл уруу явах замаараа буц.
32|8890868|9049187|Чи Хазаелыг Арамын хаанаар томилон тослох болно.
33|9079704|9578916|Мөн Нимшийн хүү Иехүг Израилийн хаанаар томилон тосолж бас Абелмехолагийн Шафатын хүү Елишаг өөрийнхөө оронд эш үзүүлэгчээр томилон тослох болно.
34|9611991|9800563|Хазаелын илднээс зугтсан хүн Иехүгийн гарт орж үхэх болно.
35|9823186|10003247|Иехүгийн илднээс зугтсан хүн Елишагийн гарт орж үхэх болно.
36|10065031|10573283|Гэсэн ч Баалд өвдөг сөгдөөгүй мөн тэдний ам түүнийг үнсээгүй долоон мянган хүнийг Би Израильд үлдээнэ гэж айлдав. Елиша Елиаг дагалдав
37|10622719|10800090|Елиа тэндээс хөдөлж, Шафатын хүү Елишаг олж авлаа.
38|10850584|11243912|Тэр үед Елиша буулгатай арван хоёр хос үхрээр талбайгаа хагалж, өөрөө арван хоёр дахь хос үхрийн араас даган явж байв.
39|11279589|11456606|Елиа, Елишагийн дэргэдүүр гарахдаа нөмрөгөө түүнд нөмөргөв.
40|11509041|11659599|Елиша үхрүүдээ орхиод Елиагийн хойноос гүйн
41|11680678|11832162|Би аав ээжийгээ үнсчихээд таныг даган явахыг зөвшөөрнө үү гэв.
42|11854344|11892491|Елиа түүнд
43|11941001|12784810|Буцаад яв даа. Юуны төлөө би чамайг ингэсэн билээ гэж хариулав.  Тэрээр Елиагаас эргэн явж, хос үхрийг авч, тахил болгон буулгыг нь эвдэн түлж, үхрийн махыг чанаад, хүмүүст өгсөнд тэд идэцгээв. Үүний дараа тэрээр босож, Елиаг даган явж, түүнд үйлчлэв.
