verse|start|end|sentence
1|97020|171769|арванзургаадугаар бүлэг
2|260807|459742|Баашагийн эсрэг ЭЗЭНий үг Хананигийн хүү Иехүд ирж
3|533169|833931|Би чамайг тоос шорооноос татан босгож, Өөрийн ард түмэн Израилийн удирдагчаар тавьсан билээ.
4|864977|1115289|Гэтэл чи Иеробоамын замаар замнан Миний ард түмэн Израилиар нүгэл үйлдүүлж
5|1139764|1274401|тэдний нүглээр Намайг хилэгнэхэд хүргэлээ.
6|1294908|1325778|Үзэгтүн
7|1358456|2120901|Би Бааша болон гэрийнхнийг нь арчин хаяж, чиний гэрийг Небатын хүү Иеробоамын гэр шиг болгоно.  Баашагийнхнаас хотод үхсэн нэгнийх нь цогцсыг ноход идэж, талд үхсэн нэгнийг нь огторгуйн шувууд тоншин идэх болно гэлээ.
8|2153006|2510965|Баашагийн бусад үйл хэрэг түүний хийсэн бүхэн нь болон хүч чадал нь Израилийн Хаадын шастир номд бичигдсэн бус уу
9|2547480|2922595| Бааша эцэг өвгөдийнхөө хамт нойрсож, Тирзад тавигджээ. Түүний хүү Ела нь түүний орыг залгамжлан хаан болов.
10|2954038|3122103|Бааша ЭЗЭНий мэлмийн өмнө бузар мууг үйлдэж
11|3151253|3330123|Иеробоамын гэр шиг түүний гарынх нь үйлс ЭЗЭНийг хилэгнүүлж
12|3353364|3900997|мөн түүгээр барахгүй Иеробоамын гэрийг тэрээр устгасан тул Хананигийн хүү эш үзүүлэгч Иехүгээр дамжин ирсэн, ЭЗЭНий үг Бааша болон түүний гэр бүлийн эсрэг байв.
13|3934116|4046263|Израилийг Ела хаанчлав
14|4153734|4573478|Иудагийн хаан Асагийн хорин зургадугаар онд Баашагийн хүү Ела Тирзад Израилийн хаан болж, хоёр жилийн турш хаанчилжээ.
16|7145919|7438435|Елагийн бусад үйл хэрэг, түүний хийсэн бүхэн нь Израилийн Хаадын шастир номд бичигдсэн бус уу
17|7481388|8149768|Израилийг Зимри хаанчлав Иудагийн Аса хааны хорин долдугаар онд Зимри, Тирзад долоо хоног хаанчлав. Тэр үед Филистэд харьяалагддаг Гиббетоны эсрэг ард олон хуарагнан буусан байлаа.
18|8184078|8777796|Зимри хуйвалдаан зохиож, хааныг хороосныг хуарагнан буй хүмүүс сонсжээ. Тийм учраас бүх Израиль өөрсдийн цэргийн жанжин Омрийг Израилийн хаан гэж тэр өдөр хуарандаа өргөмжлөв.
19|8805447|9011305|Тэгээд Омри бүх Израилийн хамт Гиббетоноос ирээд, Тирзаг бүслэв.
20|9037457|9354183|Хот эзлэгдсэнийг мэдмэгц Зимри, хааны өргөөнд орж, хааны өргөөг галдан шатааж, өөрөө ч үхэв.
22|10871091|11298772|Гэвч Омрийг дагасан ард түмэн Гинатын хүү Тибнийг дагасан хүмүүсээс илүү хүчирхэг болж, Тибни хороогдон Омри хаан болов.
23|11336478|11854432|Иудагийн хаан Асагийн гучин нэгдүгээр онд Омри Израилийн хаан болж, арван хоёр жилийн турш хаанчилжээ. Тэрээр зургаан жил Тирзад хаанчилж байсан юм.
24|11910968|11994185|Шинэ нийслэл Самари
25|12019234|12979203|Тэрээр хоёр мөнгөн талантаар Самарийн толгодыг Шемерээс худалдаж авав. Тэгээд тэрхүү толгодын дээр хот байгуулж, барьсан хотдоо толгодын эзэн Шемерийн нэрээр Самари гэдэг нэр өгчээ.  Омри ЭЗЭНий мэлмийн өмнө ёрын мууг хийсэн бөгөөд түүнээс өмнө байсан бүхнээс илүү муу муухайг тэр үйлджээ.
26|13054085|13583770|Учир нь тэр Небатын хүү Иеробоамын явсан зам бүрээр замнаж, Израилиар нүгэл үйлдүүлэн өөрсдийн хуурамч шүтээнүүдээр Израилийн Бурхан ЭЗЭНийг хилэгнүүлсэн юм.
27|13638498|13992312|Омрийн хийсэн бусад үйл хэрэг болон түүний үзүүлсэн хүчит үйлс Израилийн Хаадын шастир номд бичигдсэн бус уу
28|14027901|14221059|Омри эцэг өвгөдийнхөө хамт нойрсож, Самарид тавигдав.
29|14282270|14434767|Түүний хүү Ахаб оронд нь хаан болов.
30|14582238|14679126|Израилийг Ахаб хаанчлав
31|14703777|15198183|Иудагийн хаан Асагийн гучин наймдугаар онд Омрийн хүү Ахаб Израилийн хаан болж, Самарид суун Израилийг хорин хоёр жилийн турш захирав.
32|15235182|15410480|Омрийн хүү Ахаб өмнөх байсан бүгдээс ч илүүгээр
33|15433324|15593892|ЭЗЭНий мэлмийн өмнө ёрын мууг үйлдэв.
34|15630671|15795605|Ахаб, Иезебелтэй гэрлэж Баалд мөргөв
35|15816906|17144668|Небатын хүү Иеробоамын гэмээр явах нь түүний хувьд жирийн л зүйл байсан учир тэрээр сидончуудын хаан Етбаалын охин Иезебелтэй гэрлэж, Баалд үйлчилж, мөргөдөг болжээ.  Тэрээр Самарид босгосон Баалын өргөөнд Баалд зориулан тахилын ширээ босгожээ.  Ахаб бас Ашераг бүтээв. Ингэснээрээ Ахаб өөрийн өмнөх Израилийн бүх хаадаас ч илүүгээр Израилийн Бурхан ЭЗЭНийг хилэгнүүлэх зүйл хийв.
36|17164954|18022214|Ахабын үед бетел хүн Хиел Иерихог босгон барьжээ. Нуны хүү Иошуагаар дамжуулан хэлсэн ЭЗЭНий үгийн дагуу Хиел хотын суурийг тавихдаа өөрийн ууган хүү Абирамыг алдсан бөгөөд хотын дааман хаалгыг босгохдоо отгон хүү Сегубыг алдсан ажээ.
