verse|start|end|sentence
1|97328|171063|долоодугаар бүлэг
2|317167|439147|Соломоны ордон ба бусад барилга
3|518880|1152553|Соломон өөрийнхөө гэрийг харин арван гурван жил барьж, гэрээ өвч бүрэн гүйцээжээ.  Тэрээр Ливаны ойн модоор зуун тохой урт, тавин тохой өргөн, гучин тохой өндөр байшин барьжээ.
4|1196785|1481230|Энэ нь дөрвөн эгнээ, хушин багана дээр баригдсан бөгөөд багананууд нь хушин хөндлүүдийг тулж байв.
5|1535253|1854360|Дөчин таван хөндлийг хушаар дээвэрлэсэн нь эгнээ бүрдээ арван тав бөгөөд багананууд дээр тогтож байлаа.
6|1887083|2130603|Цонхны хүрээ нь өөд өөдөөсөө харсан байдлаар гурван эгнээгээр гурвантаа байрласан байв.
7|2176996|2495089|Бүх үүд ба цонх нь дөрвөлжин хүрээтэй бөгөөд цонхнууд өөд өөдөөсөө харсан гурван эгнээгээр байрлажээ.
8|2547039|2798365|Тэрээр тавин тохой урт, гучин  тохой өргөн үүдний баганат танхимыг байгуулж
9|2823149|3029581|түүний урд талд баганатай бас нэгэн танхим мөн босго байлаа.
10|3081311|3460835|Тэрээр шүүлт явуулах сэнтийн танхим буюу шүүхийн танхимыг барьж, шалыг нь нэг талаас нөгөө тал хүртэл хушаар бүрэв.
11|3504935|3845431|Соломоны амьдарч байсан өөр хашаан дахь гэрийн үүдний танхим нь дотор талдаа барилгын хэлбэрийн хувьд дээрхийн адил байв.
12|3894426|4162775|Соломон өөрийн гэрлэсэн Фараоны охинд ч энэхүү үүдний танхимтай адил гэрийг барьж өгчээ.
13|4203612|4660708|Энэ бүхэн нь гадна доторгүй, сууриас хамар хүртэл мөн гадна талаас том хашаа хүртэл хөрөөдөж зассан үнэт чулуугаар хийгдсэн байлаа.
14|4701677|5035734|Суурийг үнэт чулуугаар тавьсан бөгөөд зарим нь арван тохой, зарим нь найман тохой хэмжээтэй том чулуунууд байлаа.
15|5075116|5324148|Дээр нь хэмжээгээр нь зассан хавтгай дөрвөлжин үнэт чулуу болон хуш байв.
16|5368381|5930876|ЭЗЭНий өргөөний дотоод хашаа мөн өргөөний үүдний танхимын адилаар гаднах том хашаа эргэн тойрондоо гурван эгнээ зассан чулуу, нэг эгнээ хушин дүнзээр хүрээлэгджээ.
17|5954029|6235784|Дархан Хирамын бүтээл Соломон хаан Тирээс Хирамыг авчруулахаар илгээв.
18|6255893|6535046|Хирам нь Нафтали овгийн бэлэвсэн эхнэрийн хүү бөгөөд эцэг нь тир хүн, хүрлийн дархан байв.
19|6578661|6825224|Тэрээр хүрлээр аливаа зүйлийг хийх мэргэн ухаан мэдлэг чадвар дүүрэн байлаа.
20|6858828|7029936|Ингээд Соломон хаан уруу ирээд, түүний бүх ажлыг гүйцэтгэжээ.
21|7062129|7290082|Тэрээр хос хүрэл багана бүтээсэн бөгөөд тусбүрийнх нь өндөр арван найман тохой
22|7312441|7472656|тойргийг нь олсоор хэмжвэл арван хоёр тохой байлаа.
23|7494662|7679177|Баганын хананы зузаан дөрвөн  хуруу, дотроо хөндий байв.
24|7699639|7877053|Тэдгээрийн оройд тавих хос догийг тэр хүрэл цутган бүтээжээ.
25|7902587|8128776|Нэг баганын дог таван тохой, нөгөө баганын дог ч таван тохой өндөр байв.
26|8159470|8540494|Баганын оройд тогтоосон догийн чимэглэл торон сүлжээс бас тусбүрд нь долоон ширхэг гинжин унжлагыг тэр урлажээ.
27|8586446|8947140|Тэгээд Хирам баганануудын оройд байх догийг хучих нэг торон сүлжээс дээр хоёр эгнээгээр тойруулан анаруудыг бүтээжээ.
28|8985683|9107443|Нөгөө дог дээр ч мөн адил тэгж хийв.
29|9149382|10411701|Баганын орой дахь дог нь дөрвөн тохой өндөр бөгөөд сараана цэцгэн дүрстэй байв.  Хоёр баганын орой дахь догууд нь торны цаана буй цагиргуудын хажууд байв. Хоёр зуун ширхэг хүрэл анар дог тусбүрийг тойроод эгнээ үүсгэн байв.  Тэрээр хос баганыг сүмийн үүдний танхимд босгосон байв. Баруун талд босгосон баганыг Иахин гэж нэрлэн, зүүн талын баганыг Боаз гэж нэрлэжээ.  Баганануудын оройд сараана цэцгэн чимэглэл байв.
30|10435868|10580648|Ийнхүү багана босгох ажлыг дуусгажээ.
31|10638463|11146716|Тэр бас тойрог хэлбэртэй цутгамал тэнгис хийсэн бөгөөд амсраасаа амсар хүртэл арван тохой, өндөр нь таван тохой, бүтэн тойрог нь гучин тохой байлаа.
32|11174587|11565621|Амсрынх нь доор тэнгисийг бүтэн тойруулж арван тохой тутамд чимэглэл урласан бөгөөд хоёр эгнээ чимэглэлийг шууд цутгаж хийсэн байв.
33|11606723|11748901|Тэнгисийг арван хоёр үхэр дээр байрлуулсан байв.
34|11781403|12417854|Тэдгээрийн гурав нь хойт зүг, гурав нь баруун зүг, гурав нь өмнө зүг, нөгөө гурав нь зүүн зүг харсан байжээ. Тэнгис тэдний дээр тогтож бүх үхэр хондлойгоо дотогш чиглүүлжээ.
35|12449959|12794292|Тэнгисийн зузаан нь алганы эн шиг бөгөөд амсар нь аяганы амсар мэт хэлбэртэй буюу сараана цэцгийн дэлбээ адил болой.
36|12815283|12928708|Багтаамж нь хоёр  мянган бат байв
37|12950847|13072210|Дараа нь тэрээр хүрлээр арван тавиур хийжээ.
38|13094657|13377426|Тавиур тусбүр дөрвөн тохой урт, дөрвөн тохой өргөн, гурван тохой өндөр байлаа.
39|13410104|13696445|Тавиуруудын загвар нь ийм байв. Тэдгээр нь таславчтай бөгөөд таславч нь самбаруудын хооронд байжээ.
40|13728947|14320769|Самбаруудын хоорондох таславчин дээр арслан, үхэр, херубуудын дүрс байрлуулжээ. Самбарууд дээр тавцан байсан бөгөөд арслан болон үхрийн дүрсний доод талд цэцгэн хэлхээ урласан байв.
42|15796928|16673283|Дугуйнуудын хийц нь тэрэгний дугуйнуудынхтай адил бөгөөд дугуйны тэнхлэг, мөөр, дугуйны хигээс, түүний тэнхлэгийн булыг бүгдийг цутгаж хийсэн байлаа.  Тавиур бүрийн дөрвөн өнцөгт дөрвөн тулгуурыг хийсэн ба тулгуурууд нь тавиурын нэг хэсэг байв.  Тавиурын оройд хагас тохой өндөр тойрог хийжээ.
43|16702742|17307441|Тавиурын оройд бариул ба хүрээ байх нь түүнтэй нэгэн цул аж.  Тэрээр тавиурын бариул болон хүрээний дээр херубууд, арслан, далдуу модыг зайнд нь багтааж сийлээд тойруулан цэцгэн хэлхээ хийжээ.
44|17339326|17445871|Тэр арван тавиурыг ингэж хийв.
45|17467877|17650098|Тэдгээр нь бүгд ижил хэмжээ, хэлбэртэй цутгаж хийгдсэн байв.
46|17711883|18080559|Хирам тавиур бүрд нэг буюу нийт арван савыг хүрлээр хийсэн бөгөөд сав тусбүр дөчин бат усны багтаамжтай байв.
47|18128098|18514723|Сав бүр дөрвөн тохой хэмжээтэй байв.  Тэрээр таван тавиурыг өргөөний баруун  талд, тавыг өргөөний зүүн талд байрлуулжээ.
48|18547489|18787967|Тэрээр цутгамал тэнгисийг өргөөний зүүн талд буюу зүүн урд зүгт нь байрлуулсан юм.
49|18823423|19001014|Хирам угаалгын сав, утгуур, хул аяга гэх мэтийг урлажээ.
50|19025181|19353593|Ийнхүү Соломон хааны төлөө ЭЗЭНий өргөөнд зориулан гүйцэтгэсэн бүх ажлыг Хирам хийж дуусгажээ.
51|19374100|19822773|Үүнд хос багана, тэдгээрийн оройд суулгасан хоёр хулт дог мөн хулт догийг чимэглэхээр баганын оройд суулгасан хоёр торон сүлжээс
52|19861008|20577765|хоёр торон сүлжээсийг чимэглэх дөрвөн зуун анар, баганын оройн хулт догийг чимэглэх хоёр торон сүлжээс бүрд хоёр эгнээ анар арван тавиур, тавиуруудын дээр арван угаалгын сав,  доороо арван хоёр үхэртэй нэг тэнгис
53|20636683|21057485|сав суулга, утгуур, хул аяга болон бүх хэрэгслийг ЭЗЭНий өргөөнд зориулан өнгөлсөн хүрлээр Соломон хаанд Хирам хийж өгсөн болой.
54|21125796|21844317|Хаан эдгээрийг Иорданы хөндийд Суккот ба Заретаны хоорондох шаварлаг хөрстэй газар цутгуулав.  Эд хэрэглэл асар олон байсан учир Соломон эдгээр бүх хэрэглэлийг хэмжилгүй орхисон бөгөөд хүрлийн жинг тооцоолох аргагүй байлаа.
55|21868616|22063582|Соломон, ЭЗЭНий өргөөнд зориулсан бүх сав суулгыг хийсэн билээ.
56|22109711|22311027|Тухайлбал тахилын алтан ширээ ба тавиг талх тавьдаг алтан ширээ
57|22335591|22923091|дотоод ариун танхимын урдуур зүүн талд нь тав, баруун талд нь таван шижир алтан дэнлүүний сууриуд мөн алтан цэцгүүд, хямсаанууд,  шижир алтан аяга, чимхүүр, утлагын хул аяганууд
58|22950036|23669484|шижир алтан галын хорго мөн өргөөний дотоод ариун танхим буюу ариунаас ариун газрын хаалга болон гол танхимын хаалгануудын алтан нугас зэрэг болой.  Ингээд ЭЗЭНий өргөөнд зориулан Соломон хааны гүйцэтгэсэн бүх ажил дуусав.
59|23712702|24100826|Эцэг Давидынхаа өргөсөн алт, мөнгө болон сав суулгуудыг Соломон авчирч, тэдгээрийг ЭЗЭНий өргөөний эрдэнэсийн санд тавилаа.
