verse|start|end|sentence
1|94374|166389|арваннаймдугаар бүлэг
2|303540|432312|Ахабт хандсан Елиагийн үг
3|539034|770515|Олон өдөр улиран өнгөрч, гурав дахь жилд ЭЗЭНий үг Елиад ирж
4|882044|1182056|Явж Ахабтай уулз. Би газрын гадарга дээр бороо оруулах болно гэж айлдлаа.
5|1214999|1337200|Елиа Ахабт бараалхахаар явав.
6|1367805|1483524|Харин Самарийн өлсгөлөн бэрх байлаа.
7|1513335|1639197|Ахаб гэрийн даамал Обадиаг дууджээ.
8|1673462|1821285|Обадиа ЭЗЭНээс гүнээ эмээдэг нэгэн байлаа.
10|3420087|3578715|Обадиа замдаа явж байтал түүнтэй Елиа таарав.
11|3621800|4124849|Обадиа түүнийг таниад нүүрээрээ газар унан Миний эзэн Елиа та мөн үү гэв.  Елиа түүнд Би байна. Явж, эзэндээ Харагтун, Елиа энд байна гэж хэл гэв.
12|4145488|4178210|Обадиа
13|4201936|4444574|Би ямар нүгэл үйлдсэн гэж та өөрийн зарцаа Ахабын гарт өгч алуулах гэж байна вэ
14|4504594|5234802|Таны Бурхан бөгөөд ЭЗЭН амьд Таныг тэр эрж олуулахаар хүмүүс илгээгээгүй үндэстнүүд, хаанчлалууд байхгүй бөгөөд тэдгээр нь Тэр энд алга гэж хэлэх үед Ахаб уг хаанчлал, үндэстнүүдээр таныг үнэхээр олж чадаагүй гэдгийг нь тангараглуулдаг.
15|5288913|5523392|Гэтэл одоо та Эзэндээ очоод Харагтун, Елиа энд байна гэж хэл гэх юм.
16|5543943|5776570|Би танаас салмагц ЭЗЭНий Сүнс таныг миний мэдэхгүй газар аваачих болно.
17|5806955|6281074|Хэрэв би Ахабт очиж хэлээд, тэр таныг олж чадахгүй бол хэдийгээр таны боол би бага залуугаасаа ЭЗЭНээс эмээж ирсэн боловч Ахаб намайг алах болно.
18|6355251|7311339|Иезебел ЭЗЭНий эш үзүүлэгчдийг алж байхад би ЭЗЭНий зуун эш үзүүлэгчийг тавь тавиар нь агуйд нууж, тэднийг талх усаар хангаж байсан тухай эзэн минь та сонсоогүй гэж үү Гэтэл одоо та Эзэндээ очоод Харагтун, Елиа энд байна» гэж хэл гэх юм. Тэгвэл Ахаб намайг ална шүү дээ гэв.Елиа
19|7370168|7501895|Миний үйлчилдэг түг түмдийн ЭЗЭН амьд
20|7526106|7911363|Би өнөөдөр заавал Ахабт бараалхана гэв. Обадиа, Ахаб дээр очиж хэл дуулгахад Ахаб, Елиатай уулзахаар ирэв.
21|7944173|8023333|Ахаб, Елиаг хармагцаа
22|8050278|8219710|Энэ чинь Израилийн үйлийг үзэгч чи юу гэсэнд  Елиа
23|8291814|8676939|Би Израилийн үйлийг үзээгүй, харин та болон таны эцгийн гэр ЭЗЭНий тушаалуудыг огоорон Баалыг дагаж явснаар ингэсэн.
24|8730300|8941407|Одоо хүн илгээж бүх Израилийг Кармел ууланд над дээр цуглуулагтун.
25|9000192|9430873|Баалын дөрвөн зуун тавин эш үзүүлэгчийг мөн Иезебелийн ширээний ард хооллодог, Ашерагийн дөрвөн зуун эш үзүүлэгчийг хамт дуудан ирүүлэгтүн гэв.
26|9478633|9607493|Баалын тахилчдыг Елиа ялав
27|9677348|10044833|Ахаб Израилийн бүх хөвгүүд даяар уг мэдээг илгээж, Кармел ууланд эш үзүүлэгчдийг бүгдийг нь цуглууллаа.
28|10089330|10222115|Елиа бүх ард түмэнд ойртон зогсоод
29|10290823|10455757|Та бүхэн хэдий болтол хоёр замын хооронд тээнэгэлзэх юм бэ
30|10481776|10637096|Хэрэв ЭЗЭН л Бурхан мөн юм бол Түүнийг дага.
31|10669598|10818788|Харин Баал мөн бол түүнийг дага гэв.
32|10938652|11073774|Ард түмэн түүнд нэг ч үг хариулсангүй.
33|11125239|11219613|Тэгээд Елиа ард түмэнд хандан
34|11270416|11398659|ЭЗЭНий эш үзүүлэгчээр ганцхан би үлджээ.
35|11441039|11617615|Харин Баалын эш үзүүлэгч дөрвөн зуун тавин хүн байна.
36|11675607|12208996|Бидэнд хоёр залуу бух авчирч өгөөч. Баалын эш үзүүлэгчид нэг залуу бух сонгон аваад, хэсэглэн эвдэж, зэрэглэсэн модон дээр байрлуулж, харин доор нь гал бүү асаа.
37|12256933|12534631|Би нөгөө бухыг бэлтгэж, зэрэглэсэн модон дээр тавина. Би түүний доор гал асаахгүй.
38|12574718|12842228|Ийн үйлдсэний дараа та нар өөрсдийн бурхны нэрийг дууд. Би ч ЭЗЭНий нэрийг дуудъя.
39|12873186|13164114|Галаар хариу өгөх бурхан нь л Бурхан мөн гэлээ. Бүгд Зөв зүйл хэллээ гэцгээжээ.
40|13197454|13304088|Елиа, Баалын эш үзүүлэгчдэд
41|13348011|13598940|Та нар олуулаа байгаа тул эхлээд үхрээ сонгон авч, бэлтгээд, бурхныхаа нэрийг дуудагтун.
42|13628222|13760170|Харин гал ноцоож болохгүй шүү гэж хэлэв.
43|13785130|14109177|Ингээд тэд сонгосон залуу бухыг авч бэлтгээд, өглөөнөөс үд дунд болтол Баалын нэрийг дуудан
44|14132374|14271906|Баал аа, бидэнд хариулж өгөөч гэж орилолдов.
45|14293383|14649358|Гэвч дуу чимээ ч үгүй хариу ч үгүй байв. Баалын эш үзүүлэгчид өөрсдийн хийсэн тахилын ширээг тойрон цовхчив.
46|14676127|14801900|Үд дунд болоход Елиа тэднийг егөөдөн
47|14832902|14951708|Тэр чинь бурхан юм чинь чангаар дуудаач.
48|14990957|15720723|Тэр чинь бясалгаж байгаа юм уу эсвэл завгүй байна уу эсвэл аянд гарчихсан юм уу, магадгүй унтаж байгаа бол тэр чинь сэрнэ дээ гэж хэлэв.  Тэд чангаар хашхиран, заншил ёсоороо илд, жадаар өөрсдийгөө зүсэж, цусаа урсгав.
49|15786873|16030305|Үд дунд өнгөрч, оройн тахил өргөх цаг болтол тэд улам улангассаар байлаа.
50|16074979|16345268|Гэвч ямар ч чимээ алга, хариу ч өгсөнгүй, сонссон нэгэн ч байсангүй.
51|16383767|16494061|Үүний дараа Елиа бүх ард түмэнд
52|16521227|16610397|ад уруу ойртон ирэгтүн гэв.
53|16643781|16759719|Бүх ард түмэн түүнд ойртон ирлээ.
54|16892990|17034859|Тэрээр ЭЗЭНий тахилын ширээ нурсан байсныг босгов.
55|17103655|17533939|Чиний нэр Израиль байх болно хэмээн ЭЗЭНий үг ирж байсан тэрхүү Иаковын хөвгүүдийн овгийн тоогоор Елиа арван хоёр чулуу авчээ.
56|17571733|17763965|Елиа эдгээр чулуунуудаар ЭЗЭНий нэр дээр тахилын ширээ босгож
57|17785221|17977541|түүнийгээ тойруулан хоёр хэмжүүр тариа багтах өргөнтэй шуудуу ухав.
58|18063183|18327519|Түүний дараа тэрээр модоо зэрэглэн өрж, залуу бухын эвдсэн махаа дээр нь тавилаа.
59|18357110|18376602|Тэр
60|18409853|18705279|Дөрвөн хөнөг усаар дүүргэж, шатаалт тахил болон модон дээрээ асга гэв.  Елиа
61|18740206|19086656|Хоёр дахь удаа ус хий гэхэд тэд хоёр дахь удаа үүнийг гүйцэтгэв. Тэрээр Үүнийг гурав дахиа хий
62|19108838|19238669|гэсэнд тэд гурав дахь удаа ус асгалаа.
63|19259043|20322250|Ус тахилын ширээг тойрон хальж асгарсан төдийгүй, тэрээр шуудууг ч мөн усаар дүүргэв.  Оройн тахил өргөх цаг болоход эш үзүүлэгч Елиа урагш алхан гарч Абрахам, Исаак, Израилийн Бурхан ЭЗЭН минь ээ, Та Израиль дахь Бурхан мөн бөгөөд би Таны боол гэдгийг мөн энэ бүгдийг би Таны үгээр л хийж байгааг өнөөдөр мэдүүлж өгөөч.
64|20352855|20432059|Надад хариу өгөөч, ЭЗЭН минь.
65|20463105|20893345|ЭЗЭН минь Та Бурхан гэдгээ энэ ард түмэнд мэдүүлж, тэдний зүрх сэтгэлийг эргүүлэн авчрахын тулд надад хариу өгөөч гэж залбирав.
66|20976297|21735081|Тэгтэл ЭЗЭНий гал буун ирж, шатаалт тахил, түлээ мод, чулуу болон шороог шатаан залгиж, шуудуун дахь усыг долоож орхив.  Бүх ард түмэн үүнийг хармагцаа нүүрээрээ газарт унаж ЭЗЭН л Бурхан мөн, ЭЗЭН л Бурхан мөн гэж хашхиралдав.
67|21763746|21820591|Елиа тэдэнд
68|21840569|22352437|Баалын эш үзүүлэгчдийг баригтун. Нэгийг ч зугтаалгаж болохгүй гэв. Ард түмэн тэднийг барьж аваад, Елиа тэднийг Кишон голын дэргэд аваачиж, тэнд тэднийг алав.
69|22383351|22450163|Ган тайлагдав
70|22483767|22545198|Елиа, Ахабт
71|22597016|22826556|Аадрын нүргэлсэн дуу чимээ ойртон ирж буй тул явж, идэж уугтун гэв.
72|22863645|22940334|Ахаб идэж уухаар явлаа.
73|22966927|23077177|Харин Елиа Кармелын оройд гарлаа.
74|23105974|23304953|Тэрээр газарт суун бөхийгөөд, толгойгоо өвдгөн завсраа хавчуулав.
75|23330267|23511650|Тэрээр зарцдаа Яваад, тэнгисийн зүг хараадах гэж хэлэв.
76|23549576|23755170|Зарц нь дээш гаран харчихаад Юу ч алга гэж хариулсанд Елиа
77|23788818|23915033|Дахиад яв гэж дахин долоон удаа тушаав.
78|23939817|24016507|Долоо дахь удаад зарц нь
79|24045172|24297336|Хараач, хүний гарын дайтай жижигхэн үүл далайгаас хөөрөн ирж байна гэж хэлэв.
80|24322649|24351623|Елиа
81|24401808|24472854|Явж Ахабт хандан
82|24518718|24710597|Аадар бороонд саатахгүйн тулд тэргээ бэлтгэн явагтун гэж хэл гэлээ.
83|24739747|25040332|Тун удалгүй тэнгэрт бараан үүл хуралдан салхи ширүүсэж, аадар бороо орж эхэллээ.
84|25062250|25211308|Ахаб тэргэнд суун Иезреел уруу явжээ.
85|25242399|25608076|ЭЗЭНий мутар Елиа дээр ирсэнд тэр ууцаа бүслээд, Ахабын өмнө түрүүлэн гүйсээр Иезреел уруу оров.
