verse|start|end|sentence
1|92654|166036|хорьдугаар бүлэг
2|189365|302702|Ахаб арамчуудтай тулалдав
3|351741|496433|Арамын хаан Бен-хадад бүх цэргээ цуглуулав.
4|517778|865903|Түүнтэй хамт гучин хоёр хаан морьд мөн тэрэгт цэргүүдтэйгээ цуглажээ. Самари хотыг тэрээр бүслэн байлдав.
5|891878|1087638|Тэрээр хот уруу элч нарыг илгээж Израилийн хаан Ахабт хандан
6|1139235|1528329|Бенхадад, Чиний алт, мөнгө минийх. Чиний хамгийн үнэт гэгдэх эхнэр, хүүхдүүд ч бас минийх» гэж хэлэв хэмээн хэлүүлжээ.
7|1562992|1653397|Израилийн хаан хариу үг илгээн
8|1731895|1852155|Хаан эзэн минь ээ, таны үгээр болох болтугай.
9|1872838|2042623|Би болон миний эзэмшиж байгаа бүх юмс таных билээ гэв.
10|2088002|2201560|Тэгэхэд элч нар Ахаб уруу буцаж ирэн
11|2243587|2333904|Бенхадад ийнхүү хэлж байна.
12|2365391|2624832|Өмнө нь би чамд Чи надад алт, мөнгө, эхнэр, хүүхдүүдээ өг гэсэн үг илгээсэн билээ.
13|2677575|3917006|Харин маргааш яг энэ цагийн орчимд би түшмэдээ чам уруу илгээх болно. Тэд чиний гэр болон түшмэдийн чинь гэрийг нэгжиж, чиний хувьд үнэтэй гэгдэх юм болгоныг чинь тэд гартаа авч явах болно гэв.  Израилийн хаан улсынхаа бүх ахмадуудыг дуудан Тэрээр над уруу элч илгээн миний эхнэр хүүхэд алт мөнгийг өөрийнх нь гэхэд, би татгалзаагүй боловч одоо энэ хүн ямар хэцүү зүйл шаардаж буйг хараач
14|4013982|4130009|Ахмадууд ба ард олон цөм, Ахабт
15|4244316|4392712|Түүнийг бүү сонс, түүнд бүү зөвшөөр гэлцэв.
16|4449160|4818189|Ахаб, Бенхададын элч нарт Хаан эзэнд минь Зарцдаа илгээсэн таны анхны бүх шаардлагыг би зөвшөөрөх болно.
17|4856247|5067266|Харин энэ удаагийн шаардлагыг би биелүүлж чадахгүй гэж дамжуул гэв.
18|5132269|5292044|Элч нар явцгааж, Бен хададад үүнийг сонордуулав.
19|5333101|5453714|Бенхадад, Ахаб уруу элч нарыг явуулан
20|5488994|6349870|Хэрэв намайг дагаж буй хүн бүрд атга атгаар ногдох шороо Самарид үлдэх аваас бурхад намайг шийтгэг, бүр үүнээс ч илүүг үйлдэг гэж хэлүүлэв.  Израилийн хаан хариулахдаа Хаандаа Хуяг дуулгаа өмсөж буй хүн хуяг дуулгаа тайлж буй хүн шиг бүү сайрхаг гэж хэл гэв.
21|6391457|6960964|Бен хадад бусад хаадын хамт цацартаа ууж согтуурч байх үедээ энэ үгийг сонсмогц түшмэддээ Тулалдаанд бэлтгэцгээ гэж тушаав. Ингээд тэд хотын эсрэг довтлоход бэлтгэцгээлээ.
22|7005152|7124707|Ахабт эш үзүүллэгийн дэм ирэв
23|7159017|7331536|Харагтун, Израилийн хаан Ахабт нэгэн эш үзүүлэгч ирэн
24|7392394|8085602|ЭЗЭН ийн айлдаж байна. Чи ийм их цэргийг үзсэн үү Харагтун. Өнөөдөр би тэднийг чиний гарт оруулж, чи Намайг ЭЗЭН мөн гэдгийг мэдэх болно гэж хэлэв. Ахаб Хэнээр үүнийг хийлгэх вэ гэсэнд эш үзүүлэгч
25|8159690|8228574|ЭЗЭН ийн айлдаж байна.
26|8254858|8531453|Мужуудын захирагчдад үйлчилдэг залуусаар үүнийг хийлгэнэ гэсэн гэж хариулав. Тэгэхэд Ахаб
27|8566380|8750410|Хэн тулааныг эхлүүлэх вэ гэсэнд эш үзүүлэгч Та гэж хариулав.
28|8781588|9796947|Ингээд Ахаб мужуудын захирагчдад үйлчилдэг залуусыг цуглуулахад хоёр зуун гучин хоёр хүн байв. Тэдний дараа тэрээр бүх хүнийг буюу Израилийн бүх хөвгүүдийг цуглуулахад долоон мянган хүн байв.  Ахабын цэргүүд үд дунд довтолгоогоо эхэлжээ. Тэр үед Бен хадад өөрт нь тусалж буй гучин хоёр хаадын хамт цацартаа согттолоо уусан байлаа.
29|9837254|10542634|Мужуудын захирагчдын дундах хүмүүс тэргүүлэн хөдлөв. Бен хадад туршуулуудыг илгээхэд тэд Самариас хүмүүс гарч ирж байна гэж мэдэгджээ.  Бен хадад Тэд найрамдахаар ирсэн ч бай, дайтахаар ирсэн ч бай тэднийг амьдаар нь барьж ав
30|10563714|10617912|гэж тушаав.
31|10721459|10943679|Мужуудын захирагчдад үйлчилдэг залуус араасаа цэргүүдийг дагуулан хотоос гарчээ.
32|10964362|11089518|Тэд өөр өөрийн нэг дайсныг алжээ.
33|11111921|11268343|Арамчууд зугтаж, израильчууд тэдний хойноос хөөлөө.
34|11307460|11501721|Арамын хаан Бен хадад морин цэргүүдийн хамт мориндоо мордон зугтжээ.
35|11526858|12038065|Израилийн хаан довтолж, морьд мөн тэрэгт цэргүүдийг цохисонз бөгөөд арамчуудыг үй олноор устгав.  Тэгэхэд эш үзүүлэгч, Израилийн хаанд ойртон ирж, түүнд
36|12102759|12285289|Явж, өөрийн хүчийг сэлбээд, юу хийх ёстойгоо харан хүлээгтүн.
37|12307075|12506627|Ирэх жилийн эхэнд Арамын хаан чиний эсрэг довтлон ирнэ гэв.
38|12550815|12629313|Арамчууд ялагдав
39|12680469|12772506|Арамын хааны түшмэл хаандаа
40|12823397|13271365|Тэдний бурхад уулын бурхад учир тэд биднээс хүчтэй байсан юм. Харин тэдэнтэй тал газарт тулалдахыг бидэнд зөвшөөрвөл бид үнэхээр тэднээс хүчтэй байх болно.
41|13309688|13368033|Үүнийг бас хийгтүн.
42|13409928|13605026|Бүх хаадыг тушаалаас нь буулган оронд нь жанжингуудыг тавь.
43|13634573|13824776|Алдсан цэргээ, морийг мориор, тэргийг тэргээр нь нөхөж цуглуул.
44|13850928|14123201|Тэгээд израильчуудтай тал газарт тулалдах бөгөөд бид үнэхээр тэднээс хүчтэй байх болно гэв.
45|14215987|14365001|Хаан тэднийг сонсож, тийнхүү үйлдэв.
46|14422199|14718816|Дараа жилийнх нь эхэнд Бен хадад арамчуудыг шалгаж, Израилийн эсрэг дайтахаар Афек уруу явлаа.
47|14762122|14966172|Израилийн хөвгүүд ч шалгагдан, хоол хүнсээ базаагаад тэднийг угтан хөдөллөө.
48|14989678|15501458|Арамчууд тал газрыг дүүргэхэд, Израилийн хөвгүүдийн хуаран тэдний өмнө хоёр хэсэг багахан ямаан сүрэг шиг л юм байв.  Тэгэхэд Бурханы хүн ойртон ирж, Израилийн хаанд хандан
49|15527257|15599493|ЭЗЭН ийнхүү айлдаж байна.
50|15649590|15691088|Арамчууд
51|15743214|16453357|ЭЗЭН уулын бурхан болохоос тал газрын бурхан биш гэж хэлсэн учир Би энэ их цэргийг чиний гарт өгнө. Тэгээд Намайг ЭЗЭН мөн гэдгийг чи мэдэх болно гэж хэллээ.  Долоо хоногийн турш тэд бие биесийн эсрэг талд хуарагнан байв.
52|16509805|16595138|Долоо дахь өдөр тулалдаан эхэлж,
53|16631829|17227356|Израилийн хөвгүүд нэг өдрийн дотор арамчуудаас зуун мянган явган цэргийг устгалаа.  Харин үлдэгсэд нь Афек хот уруу зугтсан бөгөөд үлдсэн хорин долоон мянган цэргийн дээр хотын хана нуран уналаа.
54|17257520|17562560|Бен хадад зугтан хот уруу орж, байрнаас байр уруу хоргодон байв.  Тэгтэл түшмэд нь түүнд
55|17593077|17621169|Хараач,
56|17641896|18068784|Израилийн гэрийн хаадыг өршөөлт хаад гэж бид сонссон юм. Бид ууц нуруундаа таар өмсөж, толгойдоо олс уяад Израилийн хаан уруу гарч очъё.
57|18099566|18233056|Тэрээр таны амийг өршөөж магадгүй гэж хэлэв.
58|18273981|18761727|Тэд ууц нуруундаа таар бүсэлж, толгойдоо олс уяж, Израилийн хаанд ирээд Таны зарц Бен хадад Миний амийг өршөөгөөч гэж гуйж байна гэв. Ахаб хаан
59|18793435|19345611|Тэр амьд л байгаа юм уу Тэр бол миний дүү шүү гэж хэлэв. Тэд үүнийг сайны тэмдэг гэж үзэн даруй үгийг нь өлгөн авч Таны дүү Бен-хадад мөн гэлцэхэд нь хаан Явж, түүнийг авчир гэж тушаав.
60|19370528|19567963|Бенхадад түүн уруу гарч ирэхэд хаан түүнийг тэргэндээ суулгалаа.
61|19633937|19687563|Бенхадад түүнд
62|19727385|20429942|Миний эцэг чиний эцгээс авсан хотуудыг би буцааж өгөх болно. Мөн Самарид миний эцгийн байгуулсан шиг тийм наймааны гудамжнуудыг Дамаскт чи байгуулаарай гэв. Ахаб Би чамайг энэ гэрээгээр чинь суллая гэв.
63|20468309|20602902|Тэрээр түүнтэй гэрээ байгуулж, түүнийг явууллаа.
64|20650971|20764044|Ахабыг эш үзүүлэгч буруутгав
65|20805453|20956584|Эш үзүүлэгчдийн хөвгүүдийн нэг нь нөгөөдөө ЭЗЭНий үгээр
66|20979296|21594932|Намайг цохиоч гэсэн боловч нөгөө эр түүнийг цохихоос татгалзав. Тэгэхээр нь өнөөх эш үзүүлэгч түүнд Чи ЭЗЭНий дуу хоолойг сонсоогүй тул надаас салж явах үед чинь арслан чамайг барьж ална гэв.
67|21663022|22599265|Нөгөө эр түүнээс салан одонгуут л түүнийг нэгэн арслан олоод барьчихжээ. Дараа нь өнөөх эш үзүүлэгч өөр нэг хүнийг олоод Намайг цохиоч гэж гуйсанд нөгөө хүн эш үзүүлэгчийг цохиж шархдуулав.  Эш үзүүлэгч тэндээс холдож, нүднийхээ дээгүүрх боолтоор өөрийгөө танигдахгүй болгоод, замын хажууд хааныг хүлээн зогсов.
68|22638514|22793658|Хаан хажуугаар өнгөрөх үед тэрээр хааныг дуудан хашхирч
69|22814032|23101123|Таны зарц би дайны талбар дээр очсон билээ. Тэгтэл нэг хүн надад олзны хүнийг дагуулан ирээд,
70|23128641|23591250|Энэ хүнийг манаж бай Хэрэв ямар нэг шалтгаанаар энэ хүн зугтвал чиний амь түүний амийн оронд байх болно эсвэл чи нэг мөнгөн талант төлөх хэрэгтэй гэсэн билээ.
71|23624899|24581648|Таны зарц энд ч, тэнд ч ажилтай байх үед өнөөх хүн алга болсон юм гэв. Израилийн хаан түүнд Чи өөрөө ингэж шийдсэн тул чамд ирэх шийтгэл тийнхүү байх болтугай гэв.  Тэгтэл эш үзүүлэгч нүднээсээ боолтыг даруй мултлан авахад Израилийн хаан түүнийг эш үзүүлэгчдийн нэг болохыг нь танилаа.
72|24608373|24647225|Тэрээр хаанд
73|24689914|24763428|ЭЗЭН ингэж айлдаж байна.
74|24801310|25132325|Цээрлэл болгохоор Миний шийдсэн хүнийг чи гараасаа мултлан явуулсан тул чиний амь түүний амийн оронд өгөгдөж
75|25154419|25654381|мөн чиний ард түмэн түүний ард түмний оронд мөхөх болно гэсэн гэлээ.  Израилийн хаан дүнсгэр царайлан, уцаартайгаар гэр уруугаа явж Самарид ирлээ.
