verse|start|end|sentence
1|86347|161141|хоринхоёрдугаар бүлэг
2|256529|378819|Арамын эсрэг Иудатай хамсав
3|465166|903123|Арам Израилийн хооронд дайн бололгүй гурван жил өнгөрөв.  Гурав дахь жил нь Иудагийн хаан Иехошафат, Израилийн хааныг зорьж ирэв.
4|951413|1029735|Израилийн хаан түшмэддээ
5|1084286|1263641|Рамот гилеад бидэнд харьяалагддаг болохыг та нар мэддэггүй юу
6|1295261|1895329|Бид түүнийг Арамын хааны гараас булаан авахын оронд зүгээр сууцгааж байна шүү дээ гэв.  Тэрээр Иехошафатад хандан Рамот гилеадад байлдахаар чи надтай хамт явах уу гэхэд Иехошафат, Израилийн хаанд
7|1957378|2215054|Би бол чи, миний хүмүүс чиний хүмүүс, миний морьд чиний морьд билээ гэв.
8|2248218|2361334|Тэгээд Иехошафат, Израилийн хаанд
9|2397364|2499235|Өнөөдөр ЭЗЭНий үгийг асууж өгөөч гэж хэлэв.
10|2522696|2759645|Тэгэхэд Израилийн хаан дөрвөн зуугаад эш үзүүлэгчийг цуглуулаад, тэднээс
11|2790471|3036990|Би Рамот гилеадын эсрэг байлдахаар мордох уу эсвэл түдгэлзэх үү гэж асуусанд тэд
12|3064685|3278217|Явагтун Учир нь Эзэн тэр хотыг хааны гарт өгнө гэж хариулцгаав.
13|3312924|3370210|Гэвч Иехошафат
14|3391157|3696506|Бидэнд асуучихаар, ЭЗЭНий өөр эш үзүүлэгч энд алга уу гэж асуулаа.  Израилийн хаан, Иехошафатад
15|3724685|4323387|ЭЗЭНээс асууж болох өөр нэгэн хүн бий. Гэвч тэр миний талаар сайныг хэзээ ч эш үзүүлдэггүй, харин мууг л хэлдэг учир би түүнийг үзэн яддаг юм. Тэр Имлахын хүү Микаиа гэгч юм гэж хэлжээ.
16|4347774|4423362|Харин Иехошафат түүнд
17|4458201|4575375|Хаан хүн ингэж ярьж боломгүй гэжээ.
18|4599012|4710762|Тэгэхэд Израилийн хаан албатаа дуудан
19|4745997|4904713|Имлахын хүү Микаиаг даруй авчрагтун гэж тушаав.
20|4926366|5152732|Израилийн хаан болон Иудагийн хаан Иехошафат нар ёслолын дээлээ өмсөн,
21|5192554|5865520|Самарийн гулдан хаалганы үүдэнд, нэгэн чөлөөтэй талбайд өөр өөрсдийн сэнтийд заларсан байв. Эш үзүүлэгчид бүгд л тэдний өмнө эш үзүүлцгээж байлаа. Хенаанагийн хүү Зедекиа өөртөө төмөр эврүүд хийж ЭЗЭН ийн айлдаж байна.
22|5889599|6109834|Эдгээрээр та арамчуудыг устаж дуустал нь нэвт сүлбэх болно гэжээ.
23|6142027|6202753|Бүх эш үзүүлэгчид
24|6223700|6541397|Рамот гилеад уруу явж ялагтун. Учир нь ЭЗЭН тэр хотыг хааны гарт өгнө гэж эш үзүүлцгээж байлаа.
25|6600270|6702494|Микаиа ялагдлыг зөгнөв
26|6752459|7278175|Микаиаг дуудахаар явсан элч түүнд Харагтун, эш үзүүлэгчдийн үгс бүгд нэгэн дуугаар хааны талд байна. Үгээ тэдний нэгнийх нь үг шиг болгож, сайныг яригтун гэв.
27|7302960|7341371|Харин Микаиа
28|7400024|7444829|ЭЗЭН амьд
29|7464939|7624757|ЭЗЭН надад юу хэлнэ, түүнийг л би ярих болно гэлээ.
30|7661669|7772757|Түүнийг хааны өмнө ирэхэд хаан, түүнээс
31|7833130|8133848|Микаиа, бид Рамот гилеадыг довтлохоор хөдлөх үү эсвэл түдгэлзэх үү гэж асуусанд Микаиа түүнд
32|8172744|8361360|Явж, ялагтун ЭЗЭН тэр газрыг хааны гарт өгөх болно гэжээ.
33|8389892|8439681|Хаан харин түүнд
34|8496217|8866966|ЭЗЭНий нэр дээр надад зөвхөн үнэнээс өөр юуг ч хэлэхгүй байхыг би чамаас хичнээн удаа гуйх юм бэ гэв.  Микаиа хариуд нь
35|8908067|9175754|Бүх Израиль хоньчингүй хоньд мэт Уулсын оройгоор тархан явахыг би харлаа.
36|9199833|9247902|ЭЗЭН айлдахдаа
37|9284858|9593249|Тэдэнд эзэн байхгүй. Тэд бүгд өөр өөрсдийн гэртээ амар тайван харьцгааг гэв гэж өчлөө.
38|9646786|9769605|Тэгэхэд Израилийн хаан, Иехошафатад
39|9819923|10192788|Тэр миний тухай сайн юм эш үзүүлдэггүй, харин ёрын мууг л эш үзүүлдэг гэж би чамд хэлсэн биш бил үү гэв.  Микаиа
40|10225819|10656324|Тиймээс ЭЗЭНий үгийг сонсогтун ЭЗЭН сэнтийдээ залран, Түүний баруун, зүүн талаар тэнгэрийн бүх дайчид хүрээлэн зогсож байхыг би харсан юм.
41|10681328|10705848|ЭЗЭН
42|10732352|10933492|Хэн Ахабыг явуулж, Рамот гилеадад унагахаар уруу татах вэ гэж асуулаа.
43|10976666|11107555|Нэг нь ийм гэхэд нөгөө нь тийм гэж байлаа.
44|11130310|11297052|Тэгтэл нэг сүнс урагш гарч ирэн ЭЗЭНий өмнө зогсоод,
45|11324703|11743521|Би түүнийг уруу татъя гэв. ЭЗЭН түүнээс Яаж гэж асуухад тэрээр хариуд нь Би явж, түүний бүх эш үзүүлэгчийн аманд хуурдаг сүнс болно гэв.
46|11779947|11817918|ЭЗЭН түүнд
47|11850155|12131072|Чи түүнийг уруу татагтун. Үүнийгээ чи бас чадах болно. Явж, үүнийгээ хийгтүн гэлээ.
48|12151666|12431260|иймээс одоо үзэгтүн, ЭЗЭН энэ бүх эш үзүүлэгчдийн аманд хуурдаг сүнсийг хийсэн билээ.
49|12487003|12861015|ЭЗЭН таны эсрэг гай гамшгийг тунхаглажээ гэв.  Тэгэхэд Хенаанагийн хүү Зедекиа дөхөн ирж, Микаиагийн хацрыг алгадаад
50|12896604|13413323|ЭЗЭНий Сүнс чамтай ярих гээд хаагуур надаас явчихаа вэ гэв.  Микаиа Үзэгтүн, дотоод өрөөнд нуугдахаар орох тэр өдөр чи мэдэх болно гэв.
51|13471800|13518237|Израилийн хаан
52|13565468|13820234|Микаиаг аваад, хотын захирагч Амон ба хааны хүү Иоаш уруу буцаагтун.
53|13862570|13940054|Мөн Хаан тушаахдаа
54|13962986|14312610|Намайг эсэн мэнд буцаж иртэл энэ хүнийг шоронд байлган, чангалангийн талх, усаар өл залгуул гэж байна гэж хэл гэв.
55|14348905|14380921|Микаиа
56|14430093|14990604|Хэрэв та үнэхээр эсэн мэнд буцаж ирвэл ЭЗЭН надаар дамжуулан яриагүй гэсэн үг гээд Бүх ард түмэн та нар үүнийг сонсогтун гэв. Ялагдал ба Ахабын үхэл
57|15038541|15406467|Ингээд Израилийн хаан, Иудагийн хаан Иехошафат нар Рамот гилеад өөд хөдлөв.  Израилийн хаан, Иехошафатад
58|15462165|16006491|Би зүсээ хувиргаад, тулалдаанд орно, харин та өөрийн хувцсаа өмсөгтүн гэв. Израилийн хаан зүсээ хувиргаад тулалдаанд орлоо.  Арамын хаан тэрэгт цэргийнхээ гучин хоёр ахмадад тушаан
59|16029864|16327363|Та нар багатай нь ч, ихтэй нь ч бүү тулалд, харин зөвхөн Израилийн хаантай л тулалдагтун гэв.
60|16350692|16469497|Тэрэгт цэргийн ахмадууд Иехошафатыг хараад
61|16493003|17063745|Энэ яг Израилийн хаан мөн байна гээд түүнийг дайрахаар эргэв. Тэгэхэд Иехошафат тусламж гуйн хашхирчээ.  Тэрэгт цэргийн ахмадууд түүнийг Израилийн хаан биш болохыг харангуутаа түүнээс эргэв.
62|17094086|17337209|Нэгэн цэрэг нум сумаараа харваад орхитол, Израилийн хааныг хуягных нь завсраар оножээ.
63|17363316|17988963|Хаан, дэлбэгчдээ Эргээрэй, намайг тулалдааны талбараас авч гар. Би хүнд шархадлаа гэж хэлэв.  Тэр өдөр тулаан ширүүсэж, хаан арамчуудыг харсан чигтээ тэргэн дотроо түшүүлж байгаад, орой болоход үхэв.
64|18040780|18206993|Шархнаас нь урсах цус тэрэгний ёроолд тунасан байв.
65|18258678|18339999|Тэгтэл нар шингэхийн алдад
66|18367561|18646670|Бүгд өөр өөрийн хот уруу, тус тусын нутаг уруу явцгаа гэх уриа цэргийн хуарангаар тархав.
67|18673704|18830303|Ийнхүү хаан үхэж, Самарид иржээ.
68|18858835|18969129|Тэгээд хааныг Самарид нутаглуулжээ.
69|19029811|19520732|Тэд Самарийн цөөрмийн дэргэд хааны тэргийг угаахад ноход түүний цусыг долоож байсан нь ЭЗЭНий хэлсэн үгийн дагуу болсон юм. Тэнд янхнууд усанд ордог байв.
70|19555351|19986031|Ахабын бусад үйл хэрэг, хийсэн бүхэн нь мөн түүний босгон барьсан зааны ясан ордон болон бүх хотын тухай Израилийн Хаадын шастир номд бичигдсэн бус уу
71|20042876|20362160|Ахаб эцэг өвгөдийнхөө хамт нойрсож, түүний хүү Ахазиа орыг нь залгамжлан хаан болжээ.
72|20387738|20510821|Иудаг Иехошафат хаанчлав
73|20535385|21148243|Израилийн хаан Ахабын дөрөвдүгээр онд Асагийн хүү Иехошафат Иудагийн хаан болов.  Иехошафат хаан болохдоо гучин таван настай байсан бөгөөд хорин таван жил Иерусалимд хаанчлав.
74|21181979|22001578|Түүний эх нь Шилхигийн охин Азуба юм.  Тэрээр эцэг Асагийнхаа замаар замнаж, ЭЗЭНий мэлмийн өмнө зөв зүйтэйг үйлдсэнээрээ эс гажив. Гэвч мөргөлийн өндөрлөгүүдийг устаагүй багөөд ард түмэн мөргөлийн өндөрлөгүүд дээр нядлах тахил ба утлага өргөсөөр байв.
75|22031345|22641469|Иехошафат мөн Израилийн хаантай эв найрамдлыг тогтоов.  Иехошафатын бусад үйл хэрэг, түүний үзүүлсэн хүч чадал, хэрхэн дайтан тулалдсан зэрэг нь Иудагийн Хаадын шастир номд бичигдсэн бус уу
76|22682746|22973057|Эцэг Асагийнх нь өдрүүдэд үлдсэн шүтээний янхнуудыг Иехошафат нутгаасаа хөөн гаргасан юм.
77|22999781|23215959|Тэр үед Едомд хаан байгаагүй бөгөөд захирагч нь хаанчилдаг байв.
78|23260324|23866390|Иехошафат Офироос алт авчруулахаар Таршишийн усан онгоцнуудыг босгосон боловч тэдгээр нь Езион геберт сүйрсэн учир явж чадсангүй.  Тэгэхэд Ахабын хүү Ахазиа Иехошафатад
79|23921383|24224174|Миний зарц нарыг өөрийнхөө зарц нарын хамт хөлөг онгоцоороо явуулаач гэсэн боловч Иехошафат хүсээгүй юм.
80|24262364|24735778|Иехошафат эцэг өвгөдийнхөө хамт нойрсож, эцэг Давидынхаа хотод эцэг өвгөдтэйгөө тавигдсан бөгөөд түүний хүү Иехорам залгамжлан хаан болов.
81|24785170|24899345|Израилийг Ахазиа хаанчлав
82|24974667|25131399|Иудагийн хаан Иехошафатын арван долдугаар онд
83|25161784|25479657|Ахабын хүү Ахазиа нь Самарид Израилийн хаан болов. Тэрээр хоёр жил Израилийг захирчээ.
84|25518332|26323951|ЭЗЭНий мэлмийн өмнө тэрээр ёрын мууг үйлдэн эцэг, эхийнхээ замаар болон Израилийг нүгэлд хүргэсэн Небатын хүү Иеробоамын замаар замнасан юм. Эцэг нь хэрхсэний адил тэрээр ч Баалд үйлчлэн түүний өмнө мөргөж, Израилийн Бурхан ЭЗЭНийг хилэгнүүлжээ.
