verse|start|end|sentence
1|90934|159156|аравдугаар бүлэг
2|225262|331720|Шебагийн хатан хаан айлчлав
3|436590|1403967|ЭЗЭНий нэрийн тулд алдаршсан Соломоны алдар сууг Шебагийн хатан хаан сонсоод, бэрх хүнд асуултаар сорьж үзэхийн тулд иржээ.  Тэрээр асар олон бараа бологч, их хэмжээний анхилуун үнэртэн болон алт, эрдэнийн чулуу тээсэн тэмээдтэйгээ Иерусалимд ирэв. Тэрээр Соломонтой уулзан зүрх сэтгэлдээ байсан бүхний тухай ярилцав.
5|3037167|3249464|Би ирж, энэ бүхнийг өөрийн нүдээр үзэх хүртэлээ энэ үгэнд итгээгүй байлаа.
6|3271029|3503480|Гэтэл, хараач, миний сонссон зүйлс энэ бүгдийн хагаст нь ч хүрэхгүй байж.
10|8816075|9604539|Хаан эдгээрийг Ливаны ойн өргөөндөө тавьж хадгалав.  Мөн хаан зааны ясаар асар том сэнтий урлаж, шижир алтаар бүрэв.  Сэнтий нь зургаан гишгүүртэй, ар тал нь дээгүүрээ дугуй, хоёр талдаа тус тус арслангийн баримал бүхий гарын түшлэгтэй аж.
