verse|start|end|sentence
1|97902|167580|гуравдугаар бүлэг
2|254633|367970|Соломон мэргэн ухаан гуйв
3|471473|1506059|Соломон Египетийн хаан Фараоны хүргэн хүү болж, Фараоны охиныг аваад өөрийн гэр, ЭЗЭНий өргөө болон Иерусалимын эргэн тойрны хана хэрмийг бүхэлд нь барьж дуустал түүнийгээ Давидын хотод байлгав.  Харин тэр өдрүүдийг хүртэл ЭЗЭНий нэрд зориулан босгосон өргөө байгаагүй тул ард түмэн мөргөлийн өндөрлөгүүд дээр тахил өргөсөөр байлаа.
4|1549982|2187933|Соломон эцэг Давидынхаа тогтоолуудаар алхаж, ЭЗЭНд хайртай байсан хэдий ч мөргөлийн өндөрлөгүүд дээр тахил тахиж, утлага өргөдөг байжээ.  Гол мөргөлийн өндөрлөг байдаг Гибеон уруу хаан тахил тахихаар зорив.
5|2214657|2405434|Соломон тэр тахилын ширээн дээр мянган шатаалт тахил өргөлөө.
6|2467703|2644059|Гибеонд байхад шөнө нь Соломоны зүүдэнд ЭЗЭН үзэгдэж
7|2687013|2974280|Би чамд юу өгөх вэ Надаас гуйгтун гэж Бурхан айлдав.  Тэгэхэд Соломон
8|2998447|4185134|Та Өөрийн боол, миний эцэг Давидыг өмнө тань үнэн, зөвт бас шулуун шударга зүрх сэтгэлээр явсны учир агуу их хайр энэрлийг үзүүлсэн билээ. Та энэ агуу  хайр энэрэлээ түүнд хадгалж, өнөөдөр түүний сэнтийд залрах хүүг түүнд өгсөн билээ. Одоо ЭЗЭН Бурхан минь ээ, хэдийгээр би балчир хөвгүүн боловч Та Өөрийн зарц намайг эцэг Давидын минь оронд хаан болгосон юм.
9|4212961|4328547|Би хэрхэн орж гарахаа ч мэдэхгүй билээ.
10|4355845|4679539|Таны зарц би тоолж бүртгэж чадахааргүй тоо томшгүй, Таны сонгосон агуу их ард түмний дунд байна.
11|4703750|5541517|Тиймээс Таны ард түмнийг засаглахын тулд ухааран ойлгох зүрх, сайн мууг ялгаж салгах ухааныг Өөрийн зарцдаа өгөөч. Учир нь таны энэ агуу их ард түмнийг хэн засаглаж чадах билээ гэв. Соломон энэ зүйлийг гуйсан нь ЭЗЭНий мэлмийд таашаагдав.
12|5568992|5860934|Тиймээс Бурхан түүнд Чи урт нас, эд баялаг, дайснуудынхаа амийг гуйсангүй
13|5890569|6043905|харин зөвийг ялгах ухаарлыг өөртөө гуйсан тул
14|6068248|6221539|харагтун, Би чиний үгсийн дагуу үйлдлээ.
15|6274371|6468191|Би чамд мэргэн агаад ухааран ялгах зүрхийг өглөө.
16|6502368|7740123|Ингээд чамтай адил хүн чиний өмнө ч байгаагүй, чиний дараа ч гарч ирэхгүй юм.  Би бас чиний гуйгаагүй баян тансаг байдал, нэр хүндийг ч чамд өгч байна. Иймээс чиний бүх өдрүүдэд хаадын дундаас чамтай адил хүн байхгүй болно.  Хэрэв чи Давид эцгийнхээ явсан шиг Миний тогтоол, тушаалуудыг сахин, Миний замаар явбал Би чиний өдөр хоногуудыг уртасгана
17|7780166|8568894|гэж айлдлаа.  Тэгэхэд Соломон сэрсэн ба харагтун, энэ нь зүүд байв. Тэрээр Иерусалимд ирж, ЭЗЭНий гэрээний авдрын өмнө зогсож, шатаалт тахил ба эвийн тахил тахиж, бүх зарц нартаа зориулан найр хийжээ. Соломоны мэргэн шүүлт
18|8605718|8840241|Дараа нь хоёр янхан эмэгтэй хаан дээр ирж, түүний өмнө зогсов.  Нэг эмэгтэй нь
19|8873140|8902422|Эзэн минь
20|8922576|9218884|энэ эмэгтэй бид хоёр нэг гэрт амьдардаг юм. Намайг хүүхэд төрүүлэх үеэр энэ бид хоёр мөнөөх гэртээ байсан билээ.
22|10884497|11166164|Тэгтэл нөгөө эмэгтэй Үгүй Амьд буй нь миний хүү, харин үхсэн нь чиний хүү гэж арцав.
23|11198489|12137378|Тэгтэл эхний эмэгтэй Үгүй Үхсэн нь чиний хүү, харин амьд буй нь миний хүү гэж маргав. Тэд хааны өмнө ийн хэрэлджээ. Тэгэхэд хаан Нэг нь Амьд буй нь миний хүү, харин үхсэн нь чиний хүү гэж байхад, нөгөө нь Үгүй, чиний хүү үхсэн, харин миний хүү амьд гээд байдаг гэж хэлэв.
24|12165337|13322301|Тэгээд хаан Надад илд аваад ир гэхэд хааны өмнө илд авчрав.  Хаан Амьд буй хөвгүүнийг хоёр хэсэгт хувааж, талыг нь нэг эмэгтэйд, нөгөө талыг нь нөгөө эмэгтэйд өгөгтүн гэж тушаав.  Амьд хүүхдийн эх хүүгээ өрөвдөж дотор нь өмөрсөн тул хаанд хандан Өө эзэн минь, амьд буй хүүхдийг түүнд өг дөө. Түүнийг харин битгий алаач гэж гуйв.
25|13347791|13642952|Харин нөгөө эмэгтэй нь Тэр минийх ч болохгүй, чинийх ч болохгүй. Хуваатугай гэж хэлжээ.  Хаан хариулан
26|13665796|13873110|Эхний эмэгтэйд амьд буй хүүхдийг өгөгтүн. Хүүг бүү ал.
27|13899438|14471547|Түүний эх нь тэр мөн гэжээ.  Хааны гаргасан шүүхийн тогтоолыг бүх Израиль даяар сонсож, шүүлт явуулах Бурханы мэргэн ухаан хаанд буйг тэд үзээд, хаанаас эмээв.
