verse|start|end|sentence
1|105090|182970|арвангуравдугаар бүлэг
2|341642|452377|Иудагаас ирсэн, Бурханы хүн
3|582913|613342|Харагтун
4|635216|1008478|Иеробоам утлага өргөхөөр тахилын ширээний хажууд зогсож байх үед Бурханы хүн, Иудагаас Бетелд ЭЗЭНий үгээр ирэв.
5|1034145|1179366|Тэрээр ЭЗЭНий үгээр тахилын ширээ өөд хашхиран
6|1235241|1446303|Тахилын ширээ, тахилын ширээ, ЭЗЭН ийнхүү айлдаж байна.
7|1468574|1500590|Үзэгтүн
8|1526080|2121651|Давидын гэр бүлд Иосиа гэгдэх нэгэн хүү төрнө. Тэр чам дээр утлага өргөдөг мөргөлийн өндөрлөгийн тахилч нарыг чиний дээр тахилгалах бөгөөд чам дээр хүний ясыг шатаах болно гэж байна гэлээ.
9|2171263|2284468|Тэр өдөртөө тэрээр дохио тэмдэг үзүүлж
10|2309825|2417297|Энэ нь ЭЗЭНий айлдсан дохио тэмдэг юм.
11|2441817|3151562|Үзэгтүн, энэ тахилын ширээ бутарч, түүн дээрх үнс асгарах болно гэв. Бетел дэх тахилын ширээний эсрэг хашхирах, Бурханы хүний үгийг Иеробоам хаан сонсмогц тахилын ширээнээс гараа татан Түүнийг баригтун гэж зандарлаа.
12|3204658|3542773|эвч тэр хүний зүг чичлэн сунгасан Иеробоамын гар нь хатангиршиж, буцаад өөр уруугаа татаж чадахгүй болов.
13|3596090|3954711|Бурханы хүн ЭЗЭНий үгээр үзүүлсэн дохио тэмдгийн дагуу тахилын ширээ бутарч, үнс нь тахилын ширээн дээрээс асгарав.
14|3983376|4077397|Хаан, Бурханы хүнд хандан
15|4110913|4337676|ЭЗЭН Бурханаасаа гуйн, гарыг минь эдгээж өгөөч гэж миний төлөө залбирч өгнө үү гэв.
16|4379967|4602628|Бурханы хүн ЭЗЭНээс  гуйсанд хааны гар эдгэж урьдын адил болов.
17|4650124|4723903|Тэгээд хаан Бурханы хүнд
18|4793052|5032074|Надтай хамт гэрт очиж, алжаалаа тайлагтун. Би танд шагнал өгье гэв.
19|5070573|5379582|Харин Бурханы хүн хаанд Та өөрийнхөө гэрийн тэн хагасыг надад өгөх байсан ч би тантай хамт явахгүй
20|5404499|5684269|мөн энэ газарт байхдаа би талх ч идэхгүй, ус ч уухгүй.  Учир нь ЭЗЭНий үгээр надад
21|5710332|5828035|Чи талх ч идэж, ус ч ууж болохгүй
22|5848056|6065249|тэр ч бүү хэл ирсэн замаараа ч буцаж явж болохгүй” гэж тушаагдсан юм гэв.
23|6092370|6298450|Тэрээр Бетелд ирсэн замаараа буцалгүй өөр замаар эргэж явлаа.
24|6350620|6504661|Бетелд настай нэгэн эш үзүүлэгч амьдарч байв.
25|6531871|6951527|Түүний хөвгүүд ирээд, тэр өдөр Бетелд Бурханы хүний хийсэн бүх ажлыг мөн хаанд хандан хэлсэн үгсийг ч эцэгтээ ярьж өгөв.  Эцэг нь тэднээс
26|6984293|7099614|Тэр аль замаар буцсан бэ гэж асуув.
27|7150726|7438523|Иудагаас ирсэн, Бурханы хүний буцаж явсан замыг хөвгүүд нь харсан байжээ.  Тэгтэл эцэг нь хүүхдүүддээ
28|7492942|7596489|Миний илжгэнд эмээл тох гэв.
29|7621229|8088336|Хөвгүүд нь түүнд илжгийг эмээллэн бэлтгэсэнд тэр илжгээ унаад явав. Тэрээр Бурханы хүний араас явсаар, царс модны доор сууж байхад нь түүнийг олж хараад
30|8123616|8366211|Иудагаас ирсэн, Бурханы хүн та юу гэж асуув. Тэрбээр Би гэлээ.
31|8388305|8478930|Настай эш үзүүлэгч түүнд хандан
32|8500275|8659255|Надтай хамт гэрт очиж талх иднэ үү гэсэнд  Бурханы хүн
33|8679894|8830010|Би тантай хамт буцаж ч чадахгүй, явж ч чадахгүй
34|8861321|9236921|мөн энэ газар тантай хамт талх ч идэхгүй, ус ч уухгүй.  Учир нь ЭЗЭНий үгээр надад Чи тэнд талх идэж, ус ууж болохгүй.
35|9258133|9437664|ирсэн замаараа бүү буцаарай гэсэн тушаал өгөгдсөн юм гэв.
36|9470607|9514089|Өнөөх нь түүнд
37|9581210|10136958|Би ч бас чамтай адил эш үзүүлэгч. Тэнгэрэлч, ЭЗЭНий үгээр надад хэлэхдээ Түүнийг гэртээ дагуулж ирээд талх идүүлж ус уулгаарай гэсэн юм гэв. Тэрээр түүнийг хуурчээ.
38|10173870|10898080|Бурханы хүн түүнтэй хамт явж, гэрт нь талх идэж, ус уулаа. Тэднийг ширээний ард сууж байх үед, Бурханы хүнийг эргүүлэн авчирсан эш үзүүлэгч дээр ЭЗЭНий үг буун ирсэнд  тэрээр Иудагаас ирсэн, Бурханы хүнд хандан хашхиран уйлж
39|10926745|11000745|ЭЗЭН ийн айлдаж байна.
40|11046388|11797058|Чи ЭЗЭНий үгэнд тэрсэлж, ЭЗЭН Бурханыхаа чамд тушаасан тушаалыг мөрдсөнгүй,  харин буцан ирж, ЭЗЭНий чамд Талх бүү ид, ус бүү уу» гэсэн газарт талх ч идэж, ус ч уусан тул чиний шарил эцэг өвгөдийн чинь булшинд орохгүй хэмээлээ гэж хэлэв.
41|11842878|12110036|Тэгээд тэр, эргүүлж авчирсан эш үзүүлэгчээ идэж, ууж дуусахаар нь түүнд илжиг эмээллэв.
42|12168998|12372255|Түүнийг цааш явж байтал замд нь арслан таарч, түүнийг барьчихжээ.
43|12425880|12562458|Түүний цогцос зам дээр хаягдан хэвтэж
44|12601619|12821986|илжиг нь түүний дэргэд мөн арслан цогцосны хажууд зогсож байлаа.
45|12870717|13600969|Ингээд хажуугаар нь өнгөрсөн хүмүүс зам дээр хэвтэх цогцсыг болон зогсох арсланг харжээ. Тэд настай эш үзүүлэгчийн суудаг хотод ирээд, үзсэн харснаа ярив.  Бурханы хүнийг замаас нь эргүүлж авчирсан мөнөөх эш үзүүлэгч үүнийг сонсоод
46|13637925|13953548|Тэр ЭЗЭНий үгийг зөрчсөн, Бурханы хүн юм. ЭЗЭН түүнд хэлсэн ёсоороо түүнийг арсланд өгч тасчуулжээ гэв.
47|13989798|14157422|Тэгээд хөвгүүддээ Надад илжиг эмээллэ гэсэнд тэд эмээллэв.
48|14180310|14689842|Тэр явсаар зам дээр хөсөр хэвтэх цогцсыг нь болон хажууд нь зогсох илжиг арслан хоёрыг харав. Арслан тэр цогцсыг идээгүйгээр үл барам илжгэнд ч хүрээгүй байлаа.
49|14733942|15108615|Бурханы хүний цогцсыг эш үзүүлэгч өргөж илжгэндээ тэгнэн түүнийг гашуудан нутаглуулахаар хотдоо буцааж авчрав.
50|15140808|15343448|Тэрээр шарилыг өөрийнхөө булшинд тавьсан бөгөөд түүний дээр гашуудан
51|15384240|15537929|Ай хөөрхий, дүү минь! гэж харуусаж байлаа.
