verse|start|end|sentence
1|90890|160303|нэгдүгээр хаад
2|211062|277962|нэгдүгээр бүлэг
3|327354|438309|Хааныг залгамжлахаар тэмцэлдэв
4|468694|582605|Давид хаан нас өндөр болж өтөллөө.
5|611005|811351|Түүнийг хучлагаар хучаад ч дулаацахаа больжээ.  Зарц нар нь түүнд
6|857745|1956717|Бидний хаан эзний өмнө үйлчлэн зогсож, асарч, өвөрт нь хэвтсэнээр хаан эзэн маань дулаацах тийм нэгэн онгон охиныг эрж олцгооё гэлцэв.  Тэд Израилийн нутаг дэвсгэр даяар гоо үзэсгэлэнтэй охиныг хайж, шунем охин Абишагийг олж, хаан дээр авчирлаа.  Тэр охин маш гоо үзэсгэлэнтэй байсан бөгөөд хааныг асарч, хаанд үйлчлэв. Гэвч хаан түүнтэй энгэр зөрүүлсэнгүй.
7|1992393|2097484|Тэр үед Хаггитын хүү Адониа
8|2128971|2257611|Би хаан болно хэмээн өөрийгөө дөвийлгөж байв.
9|2295669|2543158|Тэрээр өөртөө тэрэгт цэрэг, морьтонгууд мөн өөрийнх нь урд гүйх тавин хүнийг бэлдүүлжээ.
10|2590742|3012735|Эцэг нь амьд байхдаа түүнийг Чи яах гэж ингэв? гэж хэзээ ч зэмлэдэггүй байсан ажээ. Абсаломын дараа тэр төрсөн бөгөөд маш сайхан эр байлаа.
11|3062656|3887547|Тэрээр Зеруиагийн хүү Иоаб, тахилч Абиатар нартай хэлэлцсэн бөгөөд тэд Адониагийн ард туслахаар зогсож байв.  Гэвч тахилч Задок, Иехоиадагийн хүү Бенаиа, эш үзүүлэгч Натан, Шимеи, Реи бас Давидын хүчит эрс Адониатай нийлсэнгүй.
12|3913875|4274039|Адониа Ен-рогелын ойролцоох Зохелетын хадны дэргэд хонь, үхэр, тарган тугалуудыг тахил өргөхөөр нядалж
13|4303807|5132799|өөрийн ах дүү болох хааны бүх хөвгүүдийг бас Иудагийн эрчүүд буюу хааны бүх албат нарыг урьж дуудав.  Харин тэрээр эш үзүүлэгч Натан, Бенаиа, хүчит эрсийг бас өөрийн дүү Соломоныг урьсангүй. Тэгэхэд Соломоны ээж Батшебад Натан өгүүлэн
14|5155201|5552807|Хаггитын хүү Адониа хаан болчихсон бөгөөд бидний эзэн Давид үүнийг мэдээгүй байгаа гэдгийг та сонсоогүй юу Одоо ирж, таны амийг
15|5575871|5858111|мөн хүү Соломоны тань амийг аврах зөвлөгөө өгөхийг надад зөвшөөрнө үү.  Давид хаанд бараалхан, түүнд
16|5877956|7045680|Хаан эзэн минь, та өөрийн шивэгчин надад нэгэнтээ тангараглан Чиний хүү Соломон л миний дараа хаан болж, миний сэнтийд залрах болно» гэж амласан биш үү Гэтэл яагаад Адониа хаан болчихсон байгаа юм бэ гэж хэлэгтүн.  Харагтун, та хаантанд тийн айлтгаж байх үед би араас тань орж, үгийг тань гүйцээе гэв.  Хаантныг өрөөндөө хажуулан байх үед нь Батшеба бараалхав.
17|7079637|7477904|Хаан ихэд өтөлсөн бөгөөд шунем охин Абишаг түүнд үйлчлэн  байлаа.  Тэгээд Батшеба бөхийж, хаанд мөргөлөө. Хаан
18|7501542|7611439|Чи юу хүсэв гэж асуув.  Тэрээр хаанд
19|7640633|7669519|Эзэн минь
21|9840385|11102968|Харагтун, Батшеба хаанд айлтгаж байх үед эш үзүүлэгч Натан орж ирлээ.  Хаанд Эш үзүүлэгч Натан ирээд байна гэж дуулгав. Тэрээр хааны өмнө орж ирээд, нүүр газарт доор мэхийн хаанд мөргөв.  Тэгээд Натан Миний хаан эзэн та Адониа миний дараа хаан болж, миний сэнтийд заларна гэж хэлсэн юм уу Учир нь тэр өнөөдөр явж, үй олон үхэр, тарган тугал болон хоньдыг тахил өргөхөөр нядалж
22|11128414|12416928|хааны бүх хөвгүүд, цэргийн жанжингууд ба тахилч Абиатар нарыг урьж дуудсан байх юм. Тэд Адониагийн өмнө ууж идэн Адониа хаан мандтугай гэж уухайлцгааж байна.  Харин тэрээр таны зарц намайг мөн тахилч Задок, Иехоиадагийн хүү Бенаиа, таны зарц Соломон нарыг урьсангүй.  Энэ бүхнийг та зөвшөөрч, хаан эзний минь дараа сэнтийд тань хэн залгамжлан суухыг өөрийн зарц нартаа та дуулгасангүй гэж үү гэв.
23|12439242|12530265|Соломоныг өргөмжлөв
24|12560032|12657052|Тэгэхэд Давид хаан хариуд нь
25|12706136|12833364|Батшебаг над уруу дуудагтун гэлээ.
26|12872216|13058362|Батшеба орж ирээд хааны өмнө зогсов.  Хаан түүнд
27|13088394|13284772|Миний сэтгэлийг зовлон шаналан бүхнээс аварсан ЭЗЭН амьд
28|13322257|13460863|Чамд Израилийн Бурхан ЭЗЭНээр тангараглан
29|13482737|13881665|Чиний хүү Соломон л миний дараа хаан болж, миний сэнтийд миний оронд суух болно гэж хэлсэн тэр ёсоор өнөөдөр би үйлдэнэ
30|13901687|14184103|гэж тангараглав.  Тэгэхэд Батшеба нүүр газарт доор мэхийн, хаанд бөхийж
31|14231863|14525878|Миний эзэн Давид хаан та мөнх наслах болтугай гэж хэлэв.  Дараа нь Давид хаан
32|14552911|14990207|Тахилч Задок, эш үзүүлэгч Натан, Иехоиадагийн хүү Бенаиа нарыг нааш дуудагтун гэсэнд тэд хааны өмнө ирлээ.  Хаан тэдэнд
35|18648478|19441396|Адониа болон түүнтэй хамт байсан бүх зочин идэж дуусах үедээ үүнийг сонсжээ. Иоаб эвэр бүрээн дууг сонсоод Ямар учраас хотод ийм их чимээ шуугиан гараад байна вэ гэв.  Тэрээр хэлж дуусаагүй байтал, харагтун, тахилч Абиатарын хүү Ионатан ирэв.
36|19468562|19756535|Тэгэхэд Адониа түүнд Та зохист хүмүүн агаад сайхан мэдээ авчирдаг тул морилон орогтун гэв.
37|19782554|19874855|Харин Ионатан, Адониад
38|19904711|19938271|Тийм биш
40|22170701|22778046|Нүдний минь өмнө миний сэнтийд залрах нэгнийг өнөөдөр өгсөн Израилийн Бурхан ЭЗЭНд магтаал байх болтугай гэж хэлж байсан гэж хариулав. Тэгтэл Адониагийн бүх зочин цочирдов.
41|22802875|23237039|Тэд босож, өөр өөрсдийн замаар одоцгоов.  Адониа ч Соломоноос айж байв. Тэр босож очоод, тахилын ширээний эврээс зуурч авлаа.
42|23257810|23294502|Соломонд
43|23315405|23907624|Соломон хаанаас Адониа айж байна. Хараач, тэрээр тахилын ширээний эврээс зууран Өөрийн зарцыг сэлэмдэж алахгүй гэж Соломон хаан өнөөдөр надад тангараглаг хэмээн үглэж байна гэж дуулдсанд  Соломон
44|23937744|24816834|Хэрэв тэр зохист хүн бол түүний ширхэг үс ч газарт унахгүй. Харин хэрэв бузар муу нь түүнээс олдвол тэр үхэг гэж хэлэв.  Соломон хаан түүнийг тахилын ширээнээс авчруулахаар илгээсэн билээ. Тэр ирж, Соломон хааны өмнө мөргөхөд Соломон түүнд Гэртээ харигтун гэв.
