verse|start|end|sentence
1|85289|150204|есдүгээр бүлэг
2|209827|313595|ЭЗЭН дахин Соломонд үзэгдэв
3|337276|596320|ЭЗЭНий өргөө, хааны өргөө болон хийе хэмээн санасан бүхнээ Соломон босгон барьж гүйцээсэнд
4|617267|900433|ЭЗЭН Гибеон ууланд үзэгдсэн шигээ хоёр дахь удаагаа Соломонд үзэгдэв. ЭЗЭН түүнд
5|949164|1137427|Миний өмнө гуйсан чиний залбирал ба гуйлтыг Би сонслоо.
6|1178352|1457284|Би Өөрийн нэрийг энд үүрд мөнхөд гаргахаар, чиний барьсан энэ өргөөг ариусган тусгаарлалаа.
7|1512894|1715004|Миний мэлмий, Миний зүрх сэтгэл үргэлж энэ газарт байх болно.
8|1752048|1794693|Чиний хувьд
10|4168684|4461023|ЭЗЭН юунд энэ газар нутаг, энэ өргөөг ийм болгож орхисон юм бол доо гэж хэлэх болно.  Тэгэхэд хүмүүс
12|6199974|6336155|Тэр хотууд сэтгэлд нь нийцсэнгүй.  Тэрээр
13|6376551|6600094|Миний дүү, чиний надад өгсөн хотууд яасан ч горьгүй юм бэ дээ гэв.
14|6634800|7042946|Тэр тэдгээрийг Кабулын газар гэж нэрлэсэн нь өнөөг хүртэл хэвээрээ ажээ. 14 Соломон хаанд Хирам зуун хорин талант алт илгээсэн байжээ.
15|7073772|7162545|Соломоны бусад үйлс
17|11110686|11422120|Фараоны охин Давидын хотоос Соломоны түүнд барьж өгсөн гэрт ирмэгц Соломон Миллог барьжээ.
18|11476539|12225181|Соломон ЭЗЭНд зориулан зассан тахилын ширээнд жилд гурван удаа шатаалт тахил, эвийн тахил тахиж бас ЭЗЭНий өмнө байрлах уг ширээн дээр утлага өргөдөг байлаа. Ингээд тэр өргөөг дуусгалаа. Соломоны худалдааны үйл хэрэг
19|12250186|13249889|Соломон хаан бас Едом нутагт Улаан тэнгисийн эргийн Елотын ойролцоо байдаг Езионгеберт хөлөг онгоцнуудыг хийв. Хирам өөрийн зарц нарыг хөлөг онгоц ба далайг сайн мэддэг далайчдын хамт, Соломоны зарц нартай цуг явуулжээ.  Тэд Офирт очоод, тэндээс дөрвөн зуун хорин талант алт авч Соломон хаанд авчирсан юм.
