verse|start|end|sentence
1|93006|169123|арванхоердугаар бүлэг
2|221646|332514|Хойд овгууд салан тусгаарлав
3|428211|773690|Ингээд хамаг Израиль бүгдээр Рехобоамыг хаан болгох гэж Шехемд цугларсан учир Рехобоам тэнд очжээ.
4|862816|1074187|Небатын хүү Иеробоам үүнийг сонсоод Египетээс буцаж ирэв.
5|1134604|1306109|Тэр Соломон хаанаас зугтан гараад Египетэд амьдарч байжээ.
6|1379977|1705611|Тэгээд тэд хүн илгээж Иеробоамыг дуудуулан, тэрээр Израилийн бүх чуулгантай хамт Рехобоамд бараалхахдаа
7|1750637|1874602|Эцэг тань бидний буулгыг хүнд болгожээ.
8|1925273|2339946|Тэгэхээр одоо бидний дээр тохсон эцгийнхээ бэрх алба болон  хүнд буулгыг хөнгөлж өгөөч. Тэгвэл бид танд үйлчилье гэв.
9|2369493|2431674|Рехобоам тэдэнд
10|2475774|2629418|Гурван өдөр явцгаа, дараа нь над уруу дахин ирэгтүн
11|2685293|2729481|гэж тушаав.
12|2783195|2886124|Ингээд ард түмэн явцгаав.
13|2978381|3267324|Амьд байх үед нь эцэг Соломоных нь өмнө зогсдог байсан ахмадуудтай Рехобоам хаан зөвлөлдөн
14|3338061|3632737|Энэ ард түмэнд ямар хариу өг хэмээн та нар зөвлөх вэ гэж асуув.  Тэд Рехобоамтай ярилцаж
15|3688744|4150118|Хэрэв та өнөөдөр энэ ард түмний зарц болж тэдэнд үйлчилж, тэдэнд хариулахдаа эелдэг үгсийг хэлбэл тэд үүрд таны зарц болох юм гэж зөвлөв.
16|4224162|4593985|Гэвч түүнд өгсөн ахмадуудын зөвлөгөөг тэр үл хайхран өөртэй нь хамт өссөн, өөрт нь шадарлаж ирсэн залуустай зөвлөлдөв.
17|4619475|4661766|Тэрээр тэдэнд
18|4715657|5121333|Бидний дээр тохсон эцгийнхээ буулгыг хөнгөлж өгөөч гэж хэлж буй энэ ард түмэнд ямар хариулт өг хэмээн та нар надад зөвлөх вэ гэв.
19|5183293|5654061|Түүнтэй хамт өссөн залуус түүнд Эцэг тань бидний буулгыг хүнд хүчир болгосон, харин та үүнийг хөнгөлж өгнө үү гэж чамд хандаж буй энэ ард түмэнд хариулахдаа
20|5698249|6132457|Миний чигчий хуруу эцгийн минь ууц нуруунаас ч бүдүүн юм.  Миний эцэг та нарт хүнд буулга үүрүүлсэн бол би түүнийг чинь илүү хүнд болгоно.
21|6159667|6502544|Эцэг минь та нарыг ташуураар сахилгажуулж байсан бол би та нарыг хилэнцэт хорхойгоор сахилгажуулах болно гэж хэлээрэй гэв.
22|6563138|6591538|Хаан
23|6633345|6990026|Гурав дахь өдөр над уруу буцаж ир гэж тушаасны дагуу Иеробоам ба бүх ард түмэн гурав дахь өдөр Рехобоамд бараалхав.
24|7019441|7310016|Тэгээд ахмадуудын өөрт нь өгсөн зөвлөгөөг хаан үл хайхран ард түмэнд хатуу ширүүнээр хариуллаа.
25|7342870|7456383|Тэрээр залуусын зөвлөсний дагуу тэдэнд
26|7537748|7783429|Миний эцэг буулгыг чинь хүнд болгосон бол би илүү хүнд болгох болно.
27|7812711|8121852|Эцэг минь та нарыг  ташуураар сахилгажуулж байсан бол би та нарыг хилэнцэт хорхойгоор сахилгажуулах болно гэж хэлэв.
28|8151135|8298473|Ийнхүү хаан ард түмнийг сонссонгүй.
29|8327226|9060345|Учир нь ЭЗЭН, Шилогийн хүн Ахиагаар дамжуулан Небатын хүү Иеробоамд хэлсэн үгээ биелүүлэхийн тулд бүх зүйлийг ийн эргүүлсэн юм. Өөрсдийг нь хаан сонсохгүй байгааг израильчууд бүгд хараад, ард түмэн хаанд хариулан
30|9100564|9229997|Давидын дотор бидэнд ямар хувь байгаа вэ
31|9267085|9416187|Иессийн хүүгээс залгамжлан авах өв бидэнд байхгүй.
32|9440575|9814763|Израиль аа, өөр өөрсдийн майхан уруу буцацгаа Давид аа, одоо чи өөрийнхөө гэрийг л харж ханд гэцгээв.
33|9870682|10026002|Ингээд израильчууд өөр өөрсдийн майхан уруу одоцгоов.
34|10051404|10333115|Гэвч Иудагийн хотуудад амьдарч байсан Израилийн хөвгүүд Рехобоамын захиргаан дор үлджээ.
35|10360280|10725516|Рехобоам хаан албадлагын ажил харгалзагч Адорамыг илгээсэн боловч бүх израильчууд түүн уруу чулуу шидлэн алжээ.
36|10761105|10955233|Рехобоам хаан ч Иерусалим уруу зугтахаар шалавхан тэргэндээ суув.
37|10984339|11663038|Израильчууд энэ өдрийг хүртэл Давидын гэрийнхэнтэй тэрсэлсээр байгаа юм. Иеробоам Израилийг хаанчлав Иеробоамын эргэж ирснийг хамаг Израиль сонсоод, хүн илгээн түүнийг хотол түмэнд дуудаж
38|11686676|11804952|бүх Израилийг захирах хаан болгов.
39|11846671|12023600|Давидын гэрийнхнийг Иуда овгоос өөр хэн ч дагасангүй.
40|12054338|12910716|Ингээд Рехобоам Иерусалимд ирж, Соломоны хүү Рехобоамын хаанчлалыг дахин сэргээхийн тулд Израилийн гэрийн эсрэг дайтахаар бүх Иудагийн гэрийнхэн болон Бениамин овгийнхон буюу зуун наян мянган шилдэг дайчдыг цуглуулав.  Гэвч Бурханы үг Бурханы хүн Шемаиад, ирж
41|12971970|13344351|Чи Иудагийн хаан Соломоны хүү Рехобоамд болон Иуда ба Бениамины бүх гэрийнхэнд, мөн үлдсэн хүмүүст хандан
42|13389068|13967969|Та нар өөрсдийн төрөл садан болох Израилийн хөвгүүдийн эсрэг босон дайтаж болохгүй. Энэ зүйл Надаас ирсэн учир хүн бүр өөр өөрсдийн гэртээ харигтун гэж ЭЗЭН айлдаж байна гэж хэл гэжээ.
43|14046952|14248930|Тэд ЭЗЭНий үгийг сонсоод, ЭЗЭНий үгийн дагуу гэртээ харьцгаав.
44|14269613|14369676|Иеробоамын алтан тугалууд
45|14424668|14820995|Иеробоам Ефраимын уулархаг нутагт Шехемийг босгон барьж тэндээ амьдарсан билээ. Тэндээс тэрээр нүүн Пенуелийг босгон барив.
46|14841369|15054725|Иеробоам сэтгэлдээ Одоо хаанчлал Давидын гэрийнхэнд дахин очих нь.
47|15092872|15762883|Хэрэв энэ хүмүүс Иерусалим дахь ЭЗЭНий өргөөнд өргөл өргөхөөр явбал тэдний зүрх сэтгэл өөрсдийн эзэн буюу Иудагийн хаан Рехобоам уруу эргэнэ. Тэд намайг алаад Иудагийн хаан Рехобоамд буцаж очно гэж бодов.
48|15785859|15942370|Хаан зөвлөлдөөд хоёр алтан тугал бүтээлээ.
49|15992424|16051473|Тэрээр ард түмэндээ
50|16124988|16244896|Иерусалим уруу явах нь та нарт хэт хол юм.
51|16272459|16306901|Израиль аа
52|16343107|16525019|та нарыг Египет газраас гаргасан бурхдаа харагтун гэв.
53|16582614|16765408|Тэрээр нэгийг нь Бетелд байрлуулан нөгөөг нь Данд өгөв.
54|16798219|17068464|Ард олон түүнд нь мөргөхөөр Даныг хүртэл явж байсан тул энэ явдал нь нүгэл болов.
55|17095541|17866938|Иеробоам бас мөргөлийн өндөрлөгүүдэд шүтээн босгож, Левийн хөвгүүд бус янз бүрийн өөр хүмүүсийг тахилч нар болгожээ.  Иудад хийдэг баяртай адил баярыг Иеробоам наймдугаар сарын арван тавны өдөр товлож, тахилын ширээн дээр очдог байв.
56|17896265|18006603|Тэрээр Бетелд ч үүнтэй адил үйлдэж
57|18039193|19094329|өөрийн хийсэн тугалууддаа тахил тахиж байлаа. Мөн тэрээр өөрийн бий болгосон мөргөлийн өндөрлөгүүдийн тахилч нарыг Бетелд томилов.  Хаан өөрийн дураар зохион товлосон наймдугаар сарын арван тавны өдөр Бетелд босгосон тахилын ширээндээ очив. Тэрээр Израилийн хөвгүүдэд зориулж баяр зохион байгуулж, тахилын ширээн дээр утлага өргөхөөр гарчээ.
