verse|start|end|sentence
1|90360|265129|арван нэгдүгээр бүлэг Соломоны алдас
2|373218|780702|Харин Соломон хаан Фараоны охины хажуугаар моаб, аммон, едом, сидон, хит гэх мэт олон харь эмэгтэйг хайрладаг байлаа.
3|859332|1032160|Эдгээр үндэстнүүдийн талаар ЭЗЭН Израилийн хөвгүүдэд хандан
4|1084242|1571679|Та нар тэдэнтэй мөн тэд ч та нартай холбогдож болохгүй. Учир нь тэд та нарын зүрх сэтгэлийг өөрсдийнхөө бурхад уруу заавал хөтлөх болно гэж хэлж байсан билээ.
5|1601403|1761442|Эдэнтэй Соломон хайр дурлалаар холбогдсон байлаа.
6|1816258|2253995|Тэрээр сурвалжит удамтай долоон зуун эхнэртэй бас гурван зуун татвар эмтэй байсан бөгөөд эхнэрүүд нь түүний зүрх сэтгэлийг урвуулжээ.
7|2327906|2853710|Соломоныг хөгшрөхөд эхнэрүүд нь түүний сэтгэлийг өөр бурхад уруу хандуулсан учир түүний зүрх сэтгэл Бурханы төлөө эцэг Давидынхаа зүрх сэтгэл шиг бүрэн  зориулагдсангүй.
8|2881890|3206114|Ингээд Соломон сидончуудын охинтэнгэр Ашторэт, аммончуудын жигшүүрт шүтээн Милкомыг дагав.
9|3247568|3568395|ЭЗЭНийг Соломон эцэг Давид шигээ үнэнчээр дагалгүй, ЭЗЭНий мэлмийн өмнө ёрын мууг үйлдэв.
10|3615273|3961767|Дараа нь Соломон Моабын жигшүүрт шүтээн Хемошт болон Аммоны хөвгүүдийн жигшүүрт шүтээн Молехт зориулан
11|3988007|4210050|Иерусалимын зүүн зүгт орших уулан дээр мөргөлийн өндөрлөг босгов.
12|4241846|4567878|Өөрсдийн бурхдад утлага ба нядлах тахил өргөж байсан бүх харь эхнэрүүддээ Соломон мөн тийнхүү хандав.
13|4599100|4868022|Соломон зүрх сэтгэлээ Израилийн Бурхан ЭЗЭНээс эргүүлсэн тул ЭЗЭН Соломонд хилэгнэжээ.
14|4916356|5029075|ЭЗЭН түүнд хоёр ч удаа үзэгдэн
15|5094123|5341392|өөр бурхдыг бүү дага гэж тушаасан боловч ЭЗЭНий тушаалыг Соломон сахисангүй.
16|5403925|5473427|Тэгэхэд ЭЗЭН, Соломонд
17|5544031|6107629|Нэгэнт чи үүнийг үйлдэж, Миний гэрээг бас чамд тушаасан журмыг минь сахиагүй учир Би чамаас хаанчлалыг зайлшгүй таслан авч, зарцад чинь өгөх болно.
18|6135059|6364467|Гагцхүү чиний эцэг Давидын тусын тулд Би үүнийг чиний өдрүүдэд хийхгүй
19|6391236|6584703|харин чиний хөвгүүний гараас Би үүнийг тастан авах болно.
20|6634139|7183448|Гэвч Би хаанчлалыг бүхэлд нь таслан авахгүй, харин Өөрийн боол Давидын төлөө ба Өөрийн сонгосон Иерусалимын төлөө нэг овгийг чиний хөвгүүнд өгнө гэж айлдлаа.
21|7219346|7305826|Соломоны өстнүүд
22|7394114|7622905|Үүний дараа ЭЗЭН, едом хүн Хададыг Соломоны сөргөлдөгч болгов.
23|7664139|8552004|Тэр Едомд хааны удмын хүн байв.  Урьд нь Давид Едомыг цохих үед цэргийн жанжин Иоаб алагдагсдыг нутаглуулахаар очихдоо, Едомд байсан бүх эрчүүдийг хүйс тэмтрэхэд Учир нь Иоаб болон бүх Израиль Едомын бүх эрчүүдийг хүйс тэмтэрч дуустлаа зургаан сарын турш тэндээ байсан юм.
24|8575950|8813120|Хадад эцгийнхээ зарц болох хэсэг едомын хамт Египет уруу зугтан гарсан билээ.
25|8845181|8944141|Тэр үед Хадад балчир хөвгүүн байв.
26|8997678|9960867|Тэд Мидианаас босон гарч Паранд ирээд, тэндээс хэдэн эрийг дагуулан Египетэд ирж Египетийн хаан Фараонд бараалхсанд Фараон түүнд гэр орон өгч, түүнийг хоол хүнсээр хангаж мөн газар ч өгчээ.  Хадад, Фараоны таалалд маш их нийцсэн тул Фараон түүнд өөрийн эхнэр Тахпенез хатны дүүг эхнэр болгон өгчээ.
27|9984151|10521598|Тахпенезын охин дүү түүнд хүү Генубатыг төрүүлсэнд Тахпенез түүнийг Фараоны ордонд тэжээн хөхнөөс гаргасан ажээ. Генубат, Фараоны ордонд Фараоны хөвгүүдтэй хамт өслөө.
28|10546338|11014151|Харин Хадад Египетэд байхдаа Давидыг эцэг өвгөдтэйгөө нойрсож, цэргийн жанжин Иоабыг үхсэн гэдгийг сонсоод Намайг төрсөн нутагт минь явуулаач гэж Фараонд хэлэв.
29|11035451|11098955|Тэгэхэд Фараон түүнд
30|11119462|11367701|Надтай хамт байхад чамд юу дутлаа гэж чи нутагтаа буцах гээд байна гэв. Хадад
31|11399232|11585907|Үгүй дээ, гэлээ ч намайг заавал явуулж өгөөч гэж хариулжээ.
32|11607164|12098658|Бурхан бас өөр нэг хүнийг буюу өөрийн эзэн Зобагийн хаан Хададезераас зугтсан, Елиадагийн хүү Резоныг Соломоны өстөн болгон босгов.
33|12140112|12478932|Зобад харьяалагдах хүмүүсийг Давид устгасны дараа Резон хүмүүс цуглуулж дээрэмчдийн бүлгийн толгойлогч болжээ.
34|12501468|12729376|Тэд Дамаскт очиж суурьшаад, Дамаскийг хаад лугаа адил захирч байв.
35|12764304|13158822|Соломоны амьдралынх нь турш Резон, Израилийн сөргөлдөгч байсан бөгөөд Хададын үйлдсэн шиг бузар мууг хийн, Израилийг зэвүүцэж байлаа.
36|13189868|13305675|Тэр мөн Арамын хаан болжээ.
37|13341881|13426112|Иеробоамын бослого
38|13465449|13739663|Соломоны албан хаагч байсан, Небатын хүү Иеробоам бас хааны эсрэг нударгаа өргөв.
39|13801624|14053699|Тэр Зередагийн ефраим хүн бөгөөд түүний эх нь бэлэвсэн эмэгтэй Зеруа байв.
40|14095771|14228997|Хааны эсрэг босох болсон  шалтгаан нь энэ болой.
41|14274508|14566582|Соломон, Миллог барьж босгон, эцэг Давидынхаа хотын хэрмэн дэх цөмөрсөн хэсгийг битүүлж байсан юм.
42|14611256|15029103|Иеробоам чадвартай хүн байсан бөгөөд Соломон энэ залуугийн хөдөлмөрч байдлыг хараад, түүнийг Иосефын гэрийн бүх хөлсний ажилчдын дээр тавьжээ.
43|15085331|15443114|Тэр үед Иеробоамыг Иерусалимаас гарч явж байхад нь эш үзүүлэгч, Шилогийн хүн Ахиа түүнтэй зам дээр уулзжээ.
44|15466178|15559758|Ахиа шинэ дээл өмссөн байв.
45|15593760|15920144|Хээр газар тэр хоёр хоёулхнаа байхад  Ахиа өөрийн өмсөж явсан шинэ дээлээ тайлж арван хоёр хэсэг болгон урлаа.
46|15946912|16007285|Тэрээр Иеробоамд
47|16083270|16561931|Энэ арван хэсгийг чи өөртөө ав. Учир нь Израилийн Бурхан ЭЗЭН Үзэгтүн. Би Соломоны гараас хаанчлалыг нь салгаж, арван овгийг нь чамд өгөх болно.
48|16592007|17068287|Гэвч Миний зарц Давидын тусын тулд мөн Израилийн бүх овгуудаас Миний сонгосон хот Иерусалимын төлөө зөвхөн нэг л овгийг түүнд үлдээнэ.
49|17098716|17614069|Учир нь тэд Намайг орхин сидончуудын охинтэнгэр Ашторэт, Моабын бурхан Хемош, Аммоны хөвгүүдийн бурхан Милкомд мөргөж, Миний замаар явсангүй.
50|17651377|17838009|Эцэг Давид шигээ Миний мэлмийн өмнө зөв зүйтэйг үйлдсэнгүй.
51|17868790|17996724|Миний зарлиг, Миний тогтоолыг сахисангүй.
52|18017672|18543388|Харин Миний тушаал болоод журмыг сахиж байсан Өөрийн минь сонгосон зарц Давидынхаа төлөө Соломоны амьдралынх нь бүх өдрүүдэд түүний гараас бүхэл хаанчлалыг авахгүй
53|18584225|18702324|харин Би түүнийг ноён хэвээр байлгана.
54|18746513|18999338|Харин Би хүүгийнх нь гараас хаанчлалыг авч, арван овгийг чамд өгөх болно.
55|19044849|19506664|Өөрийн нэрийг байлгахын тулд Миний сонгосон хот Иерусалимд зарц Давид минь Миний өмнө үргэлж гэрэлтэж байхын тулд нэг овгийг Би Соломоны хүүд өгнө.
56|19543356|19897346|Би чамайг авах бөгөөд чи хүсэж буй бүгдийнхээ дээр хаан болон захирч, Израилийн дээр хаанчлах болно.
57|19933905|20904767|Тэгээд Миний чамд тушаасан бүхнийг чи сонсож, Миний замаар явж, Миний журам болоод тушаалуудыг Миний зарц Давид шиг мөрдөн Миний мэлмийн өмнө зөв зүйтэйг үйлдвэл Би чамтай хамт байх болно. Би Давидад барьж өгсөн шиг мөнхийн гэрийг чамд босгон өгч, Израилийг чамд даатгана.
58|20925317|21372756|Соломоны үйлдсэн гэмээс болж Давидын үр хүүхдүүдийг Би ингэж зовоох боловч үргэлжид ийм байхгүй” гэж айлдсан гэв.
59|21402920|21954964|Үүний учир Соломон, Иеробоамыг алах гэж эрсэн боловч Иеробоам босож, Египет уруу, Египетийн хаан Шишак уруу зугтан Соломоныг үхэх хүртэл Египетэд хоргодож байв.
60|21995492|22081663|Соломон нас барав
61|22116238|22468509|Соломоны бусад үйл хэрэг, хийсэн бүхэн мөн түүний мэргэн ухаан нь Соломоны түүхийн номд бичигдсэн бус уу
62|22527029|22762611|Соломон Иерусалимд суун хамаг Израилийг захирсан хугацаа нь дөчин жил байв.
63|22810901|23087584|Соломон эцэг өвгөдийнхөө хамт нойрсож, түүнийг эцэг Давидынх нь хотод тавьжээ.
64|23143239|23294193|Хүү Рехобоам нь түүний оронд хаан болов.
