verse|start|end|sentence
1|90625|166389|арвандолоодугаар бүлэг
2|190732|311346|Елиа ган болохыг зөгнөв
3|472796|836444|Гилеадад түр суугчдын нэг тишбе хүн Елиа, Ахабт Миний хүндэтгэдэг, Израилийн Бурхан ЭЗЭН амьд
4|869916|1242252|Намайг тушаахаас нааш энд хэдэн жилийн турш бороо ч бүү орог, шүүдэр ч бүү бууг гэв.  ЭЗЭНий үг Елиад ирж
5|1284500|1620057|Эндээс явж, зүүн зүг уруу эргэгтүн. Иордан голын зүүн талд орших Херит горхины хөвөөнд нуугдан амьдар.
6|1639946|1902782|Горхины уснаас уу. Би хэрээнүүдэд чамайг тэнд тэжээхийг тушаав гэж айлдлаа.
7|1961391|2095984|Елиа явж, ЭЗЭНий үгийн дагуу үйлдлээ.
8|2143348|2356439|Тэрээр яваад, Иорданы зүүн талд байх Херит горхины хөвөөнд амьдрав.
9|2400848|2719735|Хэрээнүүд түүнд өглөө, орой болгон талх, мах авчирдаг байсан бөгөөд тэрээр горхины уснаас ундаалдаг байв.
10|2755632|2986275|Тэр нутагт бороо ороогүйгээс болж удалгүй өнөөх горхи хатаж ширгэжээ.
11|3110902|3238483|Зарефатын нэгэн бэлэвсэн эхнэр
12|3272660|3382602|Тэгэхэд ЭЗЭНий үг түүнд ирж
13|3477681|3677763|Босож, Сидонд харьяалагддаг Зарефат уруу явж, тэндээ бай.
14|3731565|3943422|Тэнд чамайг тэжээхийг нэгэн бэлэвсэн эмэгтэйд Би тушаасан гэв.
15|3996209|4140196|Елиа даруй босон Зарефат уруу явлаа.
16|4185575|4270247|Тэрээр хотын үүд хүрээд хартал
17|4355845|4475135|нэгэн бэлэвсэн эмэгтэй мод түүж байв.
18|4496480|4578770|Елиа тэр эмэгтэйг дуудаад
19|4690035|4847780|Надад уух ус вааранд хийж авчирч өгөөч гэж гуйв.
20|4942066|5119039|Тэр эмэгтэй ус авчрахаар явах гэж байхад Елиа түүнийг дуудан
21|5224879|5421609|Надад зүсэм талх авчирч өгөөч гэж хэлэв.  Харин тэр эмэгтэй хариуд нь
22|5465533|6113803|Таны Бурхан ЭЗЭН амьд Надад саван дахь атгахан гурил, домбон дахь жаахан тосноос өөр юу ч үгүй. Харагтун, би гэртээ харьж, өөртөө болон хүүдээ хоол хийхээр одоо түлээ түүж байна. Дараа нь бид үхэх байх даа гэв.
23|6164606|6246853|Тэгэхэд Елиа эмэгтэйд
24|6314370|6646311|Бүү ай. Явж, хэлснээрээ л хий. Харин байгаа юмнаасаа эхлээд надад жижигхэн бин хийгээд над уруу авч ир.
25|6668846|6817198|Үүний дараа өөртөө болон хүүдээ идэх юм хийгтүн.
26|6847451|7364126|Учир нь ЭЗЭН энэ газрын гадаргад дахин бороо буулгаж өгөх өдрийг хүртэл саван дахь гурил ч дуусахгүй, тостой домбо ч хоосрохгүй гэж Израилийн Бурхан ЭЗЭН айлдсан юм гэв.
27|7437641|7862412|Тэр эмэгтэй явж, Елиагийн үгээр үйлдсэн бөгөөд тэр эмэгтэй, Елиа болон эмэгтэйн гэрийнхэн олон өдрийн туршид хоол ундтай байв.
28|7897824|8013146|Елиагаар дамжин ЭЗЭНий айлдсанчлан
29|8041767|8251462|саван дахь гурил ч, мөн домбон доторх тос ч дууссангүй.
30|8291902|8440387|Елиа бэлэвсэн эхнэрийн хүүг амилуулав
31|8486780|8626886|Ийн байтал гэрийн эзэгтэйн хүү өвджээ.
32|8684172|8850649|Түүний өвчин хүндэрсээр эцэстээ хүү амьсгал хураав.
33|8881828|8947757|Тэр эмэгтэй Елиад
34|8992078|9038691|Бурханы хүн ээ
35|9067489|9170859|танд намайг буруутгах юм юу байна
36|9199877|9404721|Та хилэнцийг минь сануулж, хүүг минь үхэлд хүргэх гэж ирээ юү гэв.
37|9425493|9468755|Елиа түүнд
38|9502800|9959764|Надад хүүгээ өгөөч гэв. Тэрээр эмэгтэйн тэврээс хүүг нь аваад, өөрийн амьдарч байсан дээд давхрын өрөөнд үүрэн авчирч орон дээрээ хэвтүүлжээ.
39|10009377|10075174|Тэрээр ЭЗЭНийг дуудан
40|10134047|10798855|Миний Бурхан ЭЗЭН, миний буудаллан байгаа энэ гэрийн бэлэвсэн эмэгтэйн хөвгүүнийг үхэлд хүргэж Та түүнд гай авчираа юу гэж хашхирав.  Тэгээд тэрээр хөвгүүний дээрээс гурвантаа алдлан хэвтээд, ЭЗЭНийг дуудан
41|10819802|11113729|Миний Бурхан ЭЗЭН, энэ хөвгүүний амийг буцаан өгөөч гэж би Танаас гуйж байна гэв.
42|11134720|11763983|ЗЭН, Елиагийн дууг сонсож, хөвгүүний амь буцан ирж тэр амилжээ.  Елиа, хүүг аваад, дээд өрөөнөөс буулган гэрт нь оруулж эхэд нь өгөв. Елиа Хараач, хөвгүүн чинь амьд байна гэлээ.
43|11789914|12228400|Тэгэхэд эмэгтэй Елиад Одоо л би таныг Бурханы хүн гэдгийг мэдэж, таны аманд буй ЭЗЭНий үг үнэн болохыг ойлголоо гэж хэлжээ.
