verse|start|end|sentence
1|86612|292118|хорингуравдугаар бүлэг Иосиагийн шинэчлэл
3|355357|669614|Тэгээд хаан, хүн илгээж, тэд түүн дээр Иуда болон Иерусалимын бүх ахмадыг цуглуулав.
5|2215407|2970840|Бүх ард түмэн уг гэрээнд нэгджээ. Тэгээд Баал, Ашера болон тэнгэрийн бүх эрхэст зориулан хийгдсэн бүх эдлэлийг ЭЗЭНий сүмээс гаргахыг тэргүүн тахилч Хилкиа, удаах зэргийн тахилч нар болон хаалгач нарт хаан тушаав.
6|2993684|3285185|Тэр тэдгээрийг Иерусалимын гадна Кидрон гуунд шатаан, үнсийг нь Бетелд аваачжээ.
7|3308514|4656122|Иудагийн хотууд болон Иерусалимын ойр орчимд мөргөлийн өндөрлөгүүд дээр утлага уугиулахаар Иудагийн хаадын томилсон шүтээнүүдийн тахилч нарыг мөн Баал, нар, сар, оддын ордууд болон тэнгэрийн эрхэст утлага уугиулагчдыг тэр бас хөөн зайлуулав.  Тэрээр Ашераг ЭЗЭНий өргөөнөөс Иерусалимын гадна гарган, Кидроны гуунд аваачаад, Кидрон гуунд түүнийг шатаан, үнс болгон буталж, үнсийг нь ард олны булшин дээр цацжээ.
8|4697355|5105148|Тэр бас ЭЗЭНий өргөөний дэргэдэх дуганы янхан эрчүүдийн байрыг нураав. Тэнд эмэгтэйчүүд Ашерад зориулан хөшиг нэхдэг байсан юм.
9|5130153|6051357|Тэрээр Иудагийн хотуудаас бүх тахилч нарыг авчран, тахилч нар утлага уугиулж байсан мөргөлийн өндөрлөгүүдийг Гебагаас Беершеба хүртэл бузарлав. Тэрээр хотын захирагч Иошуагийн дааман хаалганы үүдэнд буюу хотын гулдан хаалганы зүүн гар талд байсан хаалганы мөргөлийн өндөрлөгүүдийг ч нураан хаясан юм.
10|6073452|6537648|Үнэндээ мөргөлийн өндөрлөгүүдийн тахилч нар Иерусалим дахь ЭЗЭНий тахилын ширээ уруу очоогүй харин тэд өөрсдийн ах дүүсийн дунд исгээгүй талх иджээ.
11|6567592|7659640|Мөн ямар ч хүн өөрийн хүү эсвэл охиноо Молехт зориулан гал дундуур гаргахгүй байхын тулд тэр бас Бенхинномын хөндийд буй Тофетыг бузарлажээ.  Мөн наранд зориулан Иудагийн хаадын өргөсөн, ЭЗЭНий өргөөний үүдэнд, Натанмелех тайганы хашаан дахь танхимын ойролцоо байсан морьдыг зайлуулав. Тэрээр нарны тэрэгнүүдийг галдан шатаав.
13|9158599|9524541|Тэрээр онго баганануудыг хэсэг болгон хагалж, Ашерагийн модон шонг цавчиж, тэр газруудыг хүний ясаар дүүргэв.
15|11013842|11797808|Миний харж буй энэ хөшөө юу вэ гэж асуусанд тэр хотын хүмүүс түүнд Иудагаас ирж, Бетелийн тахилын ширээнд таны хийсэн энэ зүйлсийг тунхагласан Бурханы хүнийх гэцгээв. Хаан Түүнийг орхи. Түүний ясыг хэн ч бүү хөндөг гэв.
16|11824003|12697536|Ингээд тэд түүний ясыг Самариас ирсэн эш үзүүлэгчийн ясны хамт хөндөлгүй орхив.  Түүнчлэн Самарийн хотуудад Израилийн хаад ЭЗЭНийг уурлуулахаар босгосон мөргөлийн өндөрлөгүүдийн бүх байрыг Иосиа бас зайлуулж, Бетелд үйлдсэнийхээ адилаар тэдэнд тийнхүү үйлджээ.
17|12721218|13340558|Тахилын ширээнүүд дээр байсан мөргөлийн өндөрлөгүүдийн бүх тахилч нарыг тэр алж, тэдний дээр хүний ясыг шатаав. Тэгээд тэрээр Иерусалим уруу буцав. Алгасалыг тэмдэглэв
18|13363667|13512239|Тэгээд хаан бүх ард түмэнд
19|13538214|14294265|Гэрээний энэ номд бичигдсэн ёсоор өөрийн Бурхан ЭЗЭНд Алгасалыг тэмдэглэгтүн гэж тушаав.  Израилийг шүүдэг байсан шүүгчдийн өдрүүдээс ч, Израиль болон Иудагийн хаадын бүх өдрүүдэд ч энэ мэтээр Алгасалыг тэмдэглэж байгаагүй билээ.
20|14322974|15366865|Харин Иосиа хааны арван наймдугаар онд Иерусалим хотноо ЭЗЭНд Алгасалыг сахисан юм.  Түүнчлэн ЭЗЭНий өргөөнөөс тахилч Хилкиагийн олсон номд бичигдсэн хуулийн үгсийг гүйцэлдүүлэхийн тулд сүнс дуудагчид, шидтэнүүд, терафим, шүтээнүүд болон Иудагийн газарт ба Иерусалимд үзэгдсэн бүх л бузрыг Иосиа хөөн зайлуулжээ.
21|15398441|16352985|Мосегийн бүх хуулийн дагуу өөрийн бүх зүрх, бүх сэтгэл, бүх хүч чадлаараа ЭЗЭН өөд эргэсэн түүн шиг хаан түүний өмнө ч байгаагүй, түүнээс хойш ч гарсангүй.  Хэдий тийм боловч, Өөрийг нь хилэгнүүлсэн Манассегийн бүх өдөөлтүүдээс болж Иудагийн эсрэг шатсан уур хилэнгийнхээ хатуу ширүүнээс ЭЗЭН эргэсэнгүй.
23|18128848|18491085|Түүний зарц нар түүний үхсэн биеийг тэргэн дотор Мегиддогоос Иерусалимд авч ирээд, өөрийнх нь булшинд оршуулжээ.
24|18516752|18873036|Тэр газрын ард түмэн Иосиагийн хүү Иехоахазыг авч, түүнийг тосолж, эцгийнх нь оронд түүнийг хаан болгов.
26|20757693|21378136|Фараон Неко Иосиагийн хүү Елиакимыг эцгийнх нь оронд хаан болгож, түүний нэрийг Иехоиаким болгон өөрчлөв. Харин Иехоахазыг Египетэд аваачсанд тэр тэндээ үхэв.
27|21402303|22235881|Ингээд Иехоиаким Фараонд алт, мөнгийг өгчээ. Гэхдээ Фараоны тушаалаар мөнгө өгөхийн тулд тэрээр уг нутгаас татвар авчээ. Фараон Некод өгөхийн тулд тэрээр тэр нутгийн ард түмнээс хүн бүрийн хөрөнгөний хэмжээний дагуу алт мөнгийг авав.
28|22260136|22450560|Иудаг Иехоиаким хаанчлав
29|22473756|22790394|Иехоиаким хаан болохдоо хорин таван настай байсан бөгөөд Иерусалимд арван нэгэн жил хаанчлав.
31|22855310|23092700|Түүний эхийг Румагийн Педаиагийн охин Зебида гэдэг байв.
32|23116558|23475620|Тэрээр эцэг өвгөдийнхөө үйлдсэн бүхний дагуу ЭЗЭНий мэлмийд ёрын мууг үйлджээ.
