verse|start|end|sentence
1|86436|328412|хоринхоердугаар бүлэг Иудаг Иосиа хаанчлав
3|404617|687166|Иосиа хаан болохдоо найман настай байсан бөгөөд Иерусалимд гучин нэгэн жил хаанчлав.
6|783039|1022238|Түүний эхийг Бозкатын Адаиагийн охин Иедида гэдэг байв.
7|1049139|1614853|Тэрээр ЭЗЭНий мэлмийд зөв зүйтэйг үйлдэж, өвөг эцэг Давидынхаа бүх замаар замнан зүүн тийш ч, баруун тийш ч хазайсангүй. Хилкиа хуулийн номыг олов
8|1644841|2051046|Иосиа хааны арван наймдугаар онд Мешулламын ач, Азалиагийн хүү, гүүш Шафаныг хаан, ЭЗЭНий өргөө уруу илгээн
9|2075478|2764188|Дааман хаалганы сахиулуудын ард түмнээс цуглуулсан буюу ЭЗЭНий өргөөнд авчирсан мөнгийг тоолуулахын тулд тэргүүн тахилч Хилкиа дээр өгсөж очигтун.Үүнийг ЭЗЭНий өргөөг хариуцан ажиллаж буй хүмүүсийн гарт даатга.
14|11163077|11348738|Ингээд тэд хариу үгийг хаанд авчрав.
