verse|start|end|sentence
1|92345|167624|хориннэгдүгээр бүлэг
2|200390|340319|Иудаг Манассе хаанчлав
3|414760|770691|Манассе хаан болохдоо арван хоёр настай байсан бөгөөд тэрээр Иерусалимд тавин таван жил хаанчлав.
4|796269|1363748|Түүний эхийг Хефзиба гэдэг байв.  Израилийн хөвгүүдийн өмнөөс ЭЗЭНий хөөн гаргасан үндэстнүүдийн жигшмээр үйлийг даган тэрээр ЭЗЭНий мэлмийд ёрын мууг үйлджээ.
5|1402335|2098013|Тэр өөрийн эцэг Хезекиагийн нурааж хаясан мөргөлийн өндөрлөгүүдийг сэргээн барьж, Израилийн хаан Ахабын үйлдсэн шиг, Баалд зориулан тахилын ширээг босгон, Ашераг бүтээж бас тэнгэрийн бүх эрхэст мөргөн, үйлчлэв.
6|2128133|2739580|Иерусалимд Би Өөрийн нэрийг тавина гэж ЭЗЭНий айлдсан ЭЗЭНий өргөөнд тэрээр тахилын ширээнүүд босгов.  Тэрээр ЭЗЭНий өргөөний хоёр хашаанд тэнгэрийн бүх эрхэст зориулан тахилын ширээнүүд босгов.
8|4272011|5488597|Тэд зөвхөн Миний тушаасан болгоны дагуу мөн Миний боол Мосегийн тэдэнд тушаасан бүх хуулийн дагуу сахин үйлдэх аваас Би эцэг өвгөдөд нь өгсөн газар нутгаас Израилийн хөлийг дахин хэзээ ч тэнүүчлүүлэхгүй гэсэн билээ.  Гэвч тэд сонсоогүй бөгөөд Израилийн хөвгүүдийн өмнөөс ЭЗЭНий устгасан үндэстнүүдээс ч илүүгээр ёрын мууг хийлгэхээр тэднийг Манассе уруу татсан юм.
9|5513514|6456240|ЭЗЭН Өөрийн зарц эш үзүүлэгчдээр дамжуулан айлдахдаа Иудагийн хаан Манассе эдгээр бузрыг хийж, өөрөөс нь өмнө байсан бүх аморичуудын хийснээс илүүгээр ёрын мууг үйлдэн, шүтээнүүдээрээ дамжуулан Иудаг нүгэл үйлдүүлсэн учраас  Израилийн Бурхан ЭЗЭН ийн айлдаж байна. Үзэгтүн
10|6477628|6888684|Би Иерусалим болон Иуда дээр бузар гамшгийг илгээх бөгөөд үүний талаар сонссон хэний ч хоёр чих нь хангинах болно.
11|6925199|7961064|Би Иерусалимын дээгүүр Самарийн хэмжигч олсыг болон Ахабын гэрийн тэгшлүүрийг татна. Тавгаа арчаад, эргүүлэн хөмөрдөг шиг Би Иерусалимыг арчиж хаях болно.  Би Өөрийн өвийн үлдэгсдийг орхиж, дайсных нь гарт өгөх бөгөөд тэд бүх дайсандаа дээрмийн зүйл ба олз омог нь болно.
12|7994227|8477695|Тэдний эцэг өвгөд Египетээс гарсан өдрөөс авахуулан энэ өдрийг хүртэл Миний мэлмийд ёрын мууг үйлдэж, Намайг уурлуулсан учраас ингэх боллоо гэжээ.
13|8510726|9102857|ЭЗЭНий мэлмийд ёрын мууг хийснээрээ Иудагаар нүгэл үйлдүүлсэн нүглээс гадна Манассе гэмгүй цусыг үлэмж их урсган Иерусалимын нэг захаас нөгөө зах хүртэл дүүргэсэн билээ.
14|9166185|9566392|Манассегийн бусад үйл хэрэг болон түүний хийсэн бүхэн нь мөн түүний үйлдсэн нүглүүд Иудагийн Хаадын шастир номд бичигдсэн бус уу
15|9594881|9916281|Манассе эцэг өвгөдийнхөө хамт нойрсож, өөрийн гэрийн цэцэрлэг буюу Уззагийн цэцэрлэгт тавигджээ.
16|9940051|10115040|Түүний хүү Амон оронд нь хаан болжээ.
17|10153098|10254308|Иудаг Амон хаанчлав
18|10290867|10592423|Амон хаан болохдоо хорин хоёр настай байсан бөгөөд Иерусалимд хоёр жил хаанчлав.
19|10622984|10817553|Түүний эхийг Иотбагийн Харузын охин Мешуллемет гэдэг байв.
20|10838148|11109936|Тэр өөрийн эцэг Манассегийн үйлдсэний адил ЭЗЭНий мэлмийд ёрын мууг үйлдэв.
21|11137675|11486682|Тэрээр эцгийнхээ явсан бүх замаар замнаж, эцгийнхээ үйлчилж байсан шүтээнүүдэд үйлчилж, тэдгээрт мөргөсөн билээ.
22|11522933|11758603|Тэр эцэг өвгөдийнхөө Бурхан ЭЗЭНийг түлхэж хаяад, ЭЗЭНий замаар явсангүй.
23|11781270|12471700|Амоны зарц нар түүний эсрэг хуйвалдаж, хааныг өөрийнх нь гэрт алав.  Гэвч тэр газрын ард түмэн Амон хааны эсрэг хуйвалдагчдыг бүгдийг нь алж, оронд нь түүний хүү Иосиаг хаан болгожээ.
24|12513375|12734757|Амоны хийсэн бусад үйл хэрэг нь Иудагийн Хаадын шастир номд бичигдсэн бус уу
25|12756542|12950626|Тэрээр Уззагийн цэцэрлэг дэх өөрийн газарт тавигджээ.
26|12978806|13125394|Хүү Иосиа нь түүний оронд хаан болсон юм.
