verse|start|end|sentence
1|88552|492420|зургаадугаар бүлэг Сүхний толгойг олсон гайхамшиг Эш үзүүлэгч хөвгүүд Елишад Харагтун,
3|3054189|3202321|Арамчуудын довтолгоо няцаагдсан нь
4|3229398|3843756|Арамын хаан Израилийн эсрэг тулалдаж байлаа. Тэр өөрийн түшмэдтэй зөвлөлдөн Ийм ийм газруудад миний хуаран байх болно гэв. Бурханы хүн Израилийн хаанд
5|3871098|4534141|Арамчууд тийшээ очсон тул тэр газраар дайран явахаас та нар болгоомжил гэж хэл хүргүүлэв. Бурханы хүний өөрт нь заан хэлж мөн анхааруулсан тэр газар уруу Израилийн хаан хүн илгээн сайн хамгаалдаг байв.
7|6280589|7072669|Тэр тийшээ морьд, тэрэгнүүд болон их цэргийг илгээв. Тэд шөнөөр ирж, хотыг бүслэв. Бурханы хүний зарц нар эрт босоод гадагш гартал, харагтун, морьд болон тэрэг бүхий их цэрэг хотыг бүслээд байв. Зарц нь Елишад
8|7097365|7965827|Аяа, эзэн минь Бид яах билээ? гэв.  Тэрээр хариулахдаа Бүү айгтун. Учир нь бидэнтэй хамт байгчид нь тэдэнтэй хамт байгчдаас илүү олон юм гэв.  Тэгээд Елиша залбиран Өө, ЭЗЭН, түүнд харуулахын тулд нүдийг нь нээгээч гэж хэлжээ.
9|7990919|8867716|ЭЗЭН зарцын нүдийг нээж, тэр харав. Харагтун, Елишагийн бүхий л эргэн тойрон дахь уул нь галан морьд, тэргээр дүүрсэн байв.  Тэд түүн уруу буун ирэхэд Елиша, ЭЗЭНд залбиран Энэ хүмүүсийг сохор болгооч, би гуйж байна гэв.
11|11035892|11397424|Чи алж болохгүй. Чи өөрийн илд, өөрийн нум сумаар олзолсон хүмүүсийг алах байсан гэж үү
