verse|start|end|sentence
2|88993|192717|хориндөрөвдүгээр бүлэг
3|217942|360032|Иуда дайсанд эзлэгдэв
4|394386|761915|Иехоиакимын өдрүүдэд Вавилоны хаан Небухаднезар довтлон ирсэнд Иехоиаким гурван жил түүний боол болжээ.
5|786655|948414|Дараа нь тэр эргэж, Небухаднезарын эсрэг тэрслэн босов.
9|8991063|9750024|Зедекиа хаан болохдоо хорин нэгэн настай байсан бөгөөд тэрээр Иерусалимд арван нэгэн жил хаанчлав. Түүний эхийг Либнагийн Иеремиагийн охин Хамутал гэдэг байв.  Тэрээр Иехоиакимын үйлдсэний адилаар ЭЗЭНий мэлмийд муу муухайг үйлдэв.
10|9775735|10136120|Өөрийнхөө оршихуйгаас хөөн зайлуулахад тултлаа Иерусалим ба Иудад ЭЗЭН уурлан хилэгнэсэн юм.
