verse|start|end|sentence
1|72765|172078|аравдугаар бүлэг
2|193995|331632|Ахабын хөвгүүдийг хядав
4|405896|594291|Самарид Ахаб далан хүүтэй байв.
5|616959|1834119|Иехү захидлууд бичиж, тэдгээрийг Самари уруу, Иезреелийнр захирагчид болох ахмадуудад мөн Ахабын үрсийн асрамжлагчдад илгээн Та нарт эзний тань хөвгүүд, тэрэг, морьд, бэхлэгдсэн хот болон зэвсгүүд байгаа тул энэ захидал та нарт очингуут  өөрийн эзний хөвгүүдээс хамгийн сайн, хамгийн зохистойг сонгож, эцгийнх нь хаан ширээнд залаад, эзнийхээ гэрийн төлөө тулалдагтун гэжээ.
6|1861152|2270400|Харин тэд ихэд айн Харагтун, хоёр хаан түүний өмнө тэсэж чадаагүй юм. Тэгвэл бид хэрхэн тэсэж чадах вэ гэцгээв.
7|2290245|3248802|Ордны даамал, хотын захирагч, ахмадууд болон асрамжлагч нар Иехүд үг илгээн Бид таны боолууд билээ. Бидэнд хэлсэн бүгдийг тань бид гүйцэтгэнэ. Бид ямар ч хүнийг хаанаар өргөмжлөхгүй. Өөрийн таалалд нийцсэн зүйлийг үйлдэгтүн гэв.  Тэгэхэд Иехү хоёр дахь удаагаа тэдэнд захидал бичиж
8|3279408|4110913|Хэрэв та нар миний талд бөгөөд миний дууг сонсох бол өөрсдийн эзний хөвгүүд болох эрчүүдийн толгойг авч, маргааш яг өдийд над уруу Иезреелд ирэгтүн гэжээ. Тэр үед хааны хөвгүүд болох далан хүн өөрсдийг нь өсгөж буй хотын хүндэт хүмүүсийн хамт байв.
9|4133845|5150042|Тэдэнд захидал ирэхэд тэд хааны хөвгүүд болох далан хүнийг барьж алаад, тэдний толгойнуудыг сагснуудад хийн, Иезреелд буй Иехү уруу илгээв.  Элч ирээд, түүнд Тэд хааны хөвгүүдийн толгойнуудыг авчирлаа гэж мэдэгдэхэд Иехү Тэдгээрийг гулдан хаалганы үүдэнд өглөө болтол хоёр хэсэг болгон овоологтун гэв.
10|5170504|5328117|Өглөө Иехү гадагшаа гарч зогсоод, бүх ард түмэнд
11|5352858|5708304|Та нар гэмгүй. Үзэгтүн, би эзнийхээ эсрэг хуйвалдан түүнийг алсан, харин энэ бүгдийг хэн алсан бэ
12|5730839|6308681|Ахабын гэрийн тухайд ЭЗЭНий айлдсан Түүний үгнээс юу нь ч газарт унаагүй гэдгийг мэдэгтүн. Учир нь ЭЗЭН Өөрийн боол Елиагаар дамжуулан айлдсанаа гүйцэтгэсэн юм гэв.
13|6335538|6907030|Ингээд Иехү нь Ахабын гэрийнхнээс Иезреелд үлдсэн бүгдийг, тухайлбал түүний хүндэт хүмүүс, дотнын хүмүүс, тахилч нарыг нэгийг ч үлдээлгүй бүгдийг нь хороов.
15|8869965|10170562|Иехү түүнтэй мэндлээд, түүнд Миний зүрх чамд үнэнчийн адил чинийх ч бас надад тийм байна уу гэхэд Иехонадаб Тийм байна гэж хариулав. Хэрэв тийм бол гараа өгөгтүн гэхэд тэрээр түүнд гараа өгсөнд Иехү түүнийг тэргэнд оруулав.  Иехү Надтай хамт явж, ЭЗЭНий төлөөх миний зүтгэлийг харагтун гэв. Ингээд Иехү түүнийг тэргэндээ суулган явлаа.
17|10238256|10812570|Иехү Самарид ирээд Елиад айлдсан ЭЗЭНий үгийн дагуу Самарид байсан, Ахабт үлдсэн бүгдийг дуустал нь хядав. Баалд мөргөгчдийг хядав
18|10838721|11028439|Дараа нь Иехү бүх ард түмнийг цуглуулаад, тэдэнд
19|11054767|11973194|Ахаб, Баалд бага зэрэг үйлчилдэг байсан бол Иехү түүнд маш их үйлчилнэ.  Одоо Баалын бүх эш үзүүлэгчийг, бүх мөргөгч болон бүх тахилчийг нь цуглуул. Би Баалд үлэмж их тахил өргөх тул нэгийг нь ч бүү үлдээ. Үлдсэн хэн боловч амьд үлдэхгүй гэв.
21|13379146|14690724|Иехү хувцасны агуулахыг хариуцсан хүнд Баалын бүх мөргөгчдөд хувцас авчрагтун гэж тушаасанд өнөөх хүн тэдэнд хувцас авч ирэв.  Иехү, Рехабын хүү Иехонадабын хамт Баалын сүм уруу ороод, Баалын мөргөгчдөд Энд та нарын хамт ЭЗЭНий зарц нараас нэг ч хүн байхгүй, харин гагцхүү Баалд мөргөгчид л байгаа эсэхийг олж харагтун гэв.  Тэгээд тэд өргөл болон шатаалт тахилуудыг өргөхөөр дотогш оров.
22|14711583|15281796|Иехү өөртөө зориулж наян хүнийг гадаа байрлуулан зогсоогоод Та нарын гарт миний оруулах хүмүүсийн нэгэнд нь ч гэсэн зугтах боломж олгосон хэн боловч түүний оронд өөрийн амийг өгнө шүү
24|17615259|17711574|ЭЗЭН, Иехүд
26|19160523|19262968|Иехү өөд болов
27|19289207|20633904|Тэр өдрүүдэд ЭЗЭН, Израилийг бутраан тасалж эхэлсэн юм. Израилийн бүх газар нутагт Хазаел тэднийг ялж байв.  Иорданы зүүнтээд Гилеадын бүх нутгийг буюу гадчууд, реубенчүүд, манассечуудыг мөн Арноны хөндий дэх Ароераас Гилеад, Башан зэргийг хүртэл ялав.Иехүгийн бусад үйл хэрэг, түүний хийсэн бүхэн мөн түүний хүч чадал зэрэг нь Израилийн Хаадын шастир номд бичигдсэн бус уу
29|20749005|21062027|Иехү эцэг өвгөдийнхөө хамт нойрссон бөгөөд тэд түүнийг Самарид нутаглуулсан юм.
30|21087208|21569089|Түүний хүү Иехоахаз оронд нь хаан болов.  Самарид Израилийг захирсан Иехүгийн хугацаа нь хорин найман жил байлаа.
