verse|start|end|sentence
2|1497371|2159003|Тэгэхэд Елиша Үзэгтүн, чи үүнийг нүдээрээ үзэх боловч чи үүнээс идэхгүй гэж хэлэв. Арамчууд зугтав Гулдан хаалганы үүдэн дээр уяман өвчтэй дөрвөн хүн байжээ.
3|2183920|2243455|Тэд нэг нэгэндээ
5|6171839|6617601|Хэрэв бид өглөөний гэгээ тустал хүлээвэл бидэн дээр шийтгэл буух болно. Тиймээс одоо явж, хааны өргөөнийхөнд айлтгая гэцгээв.
6|6641901|6828752|Ингээд тэд ирж, хотын хаалгачдыг дуудан тэдэнд
9|10203902|10793960|Ингээд ард түмэн гарч, арамчуудын хуаранг тонов. Тэгэхэд ЭЗЭНий үгийн дагуу нэг хэмжүүр сайн гурилыг нэг шекелээр, хоёр хэмжүүр арвайг нэг шекелээр худалдав.
10|10819979|11478921|Хаан өөрийн гарын түшмэлийг гулдан хаалгыг хариуцуулахаар томилжээ. Гэвч хүмүүс гулдан хаалганы дэргэд түүнийг дайран гишгэчсэн бөгөөд хааныг Бурханы хүн дээр очих үед яг түүний хэлж байсан ёсоор тэрээр үхжээ.
11|11502294|11602180|Бурханы хүн хаанд
