verse|start|end|sentence
1|73382|296175|дөрөвдүгээр бүлэг Бэлэвсэн эмэгтэйн тос
2|318534|901624|Эш үзүүлэгч хөвгүүдийн нэгнийх нь эхнэр Елиша уруу хашхиран  Таны зарц болох миний нөхөр өөд болсон бөгөөд түүнийг ЭЗЭНээс эмээдэг байсныг та мэдэх билээ.
5|4355051|4760903|Нэгэн өдөр Елиша Шунем уруу явлаа. Тэнд нэгэн чинээлэг эмэгтэй байсан бөгөөд тэр түүнийг хоол зооглогтун гэж ятгав.
6|4784982|5833239|Ингээд Елиша тэр газраар өнгөрөн явах болгондоо тэднийд хооллодог болжээ. Тэр эмэгтэй Үзэгтүн, манайхаар үргэлж дайран өнгөрдөг тэрхүү Бурханы хүн бол ариун гэдгийг би мэдсэн.  Иймд ханаар хүрээлэгдсэн жижиг дээд өрөө хийцгээе. Тэнд түүнд зориулан ор, ширээ, сандал, дэнлүүний суурь тавья.
7|5857317|6046771|Тэр ирэхдээ тэнд орж байг гэж нөхөртөө хэлэв.
8|6070982|7161487|Нэгэн өдөр Елиша тэнд ирээд, дээд өрөөнд орж, амрав.  Тэгээд тэр өөрийн зарц Гехазид Тэр шунем эмэгтэйг дууд гэв. Гехази тэр эмэгтэйг дуудсанд өнөөх эмэгтэй Елишагийн өмнө ирж зогсов.  Елиша Гехазид Түүнд хэлэхдээ Үзэгтүн, энэ бүх халамжаараа чи биднийг анхаарлаа. Би чамд юу хийж өгөх вэ
12|18420129|19084583|Тэрээр тэр эмэгтэйг дуудлаа. Эмэгтэйг түүн дээр орж ирэхэд Елиша Хүүгээ ав гэж хэлэв.  Тэгтэл эмэгтэй дотогш орж, түүний хөлд унан газарт доор мэхийж, хүүгээ аваад, гарч явлаа.
13|19106545|19940300|Тогоотой шөлийг цэвэршүүлэв Елишаг Гилгал уруу буцаж ирэхэд газар нутагт нь өлсгөлөн болсон байв. Эш үзүүлэгч хөвгүүд түүний өмнө сууцгааж байхад тэрээр зарцдаа Том тогоо тавьж, эш үзүүлэгч хөвгүүдэд зориулан шөл буцалга гэж хэлэв.
14|19962702|20756899|Тэгтэл нэг нь ногоо цуглуулахаар талбай уруу гарч, зэрлэг ороонго ургамал олоод, түүнээс хормойгоо дүүртэл зэрлэг жимс цуглуулан буцаж ирээд, тэдгээрийг шөлтэй тогоондоо хэрчиж хийв. Учир нь тэд мэдээгүй ажээ.  Ингээд тэд хүмүүст идүүлэхээр аягалав.
15|20781110|21184625|Тэд шөлнөөс идэж байтал хашхиран Бурханы хүн ээ, тогоон дотор үхэл байна гэцгээлээ. Тэд идэж чадахгүй байв.
16|21206675|21870998|Харин Елиша Гурил аваад ир гээд түүнийг тогоонд хийгээд Хүмүүст аягалж өг, тэд идэцгээг гэж хэлэв. Тэгтэл тогоонд ямар ч хор үгүй болсон байлаа. Зуун хүнийг хооллов
