verse|start|end|sentence
1|85906|194966|наймдугаар бүлэг
2|229364|406734|Шунем эмэгтэй газраа авав
3|430019|620707|Хүүг нь амь оруулсан тэр нэгэн эмэгтэйд Елиша хандан
6|9929952|10571828|Иудаг Иехорам хаанчлав Израилийн хаан Ахабын хүү Иорамын тавдугаар онд Иехошафат Иудагийн хаан байсан ба Иудагийн хаан Иехошафатын хүү Иехорам хаан болжээ.
8|12350469|12548655|Тэгэхэд Иорам бүх тэрэгт цэрэгтэйгээ Заир уруу гатлан очив.
9|12572248|13055319|Тэрээр шөнөөр босож, өөрийг нь бүслэн байсан едомчуудыг болон тэрэгт цэргийн дарга нарыг нь цохисон боловч түүний цэргүүд өөр өөрсдийн майхан уруугаа зугтан одоцгоов.
10|13078604|13407149|Едом энэ өдрийг хүртэл Иудаг эсэргүүцлээ. Яг тэр үед Либна эсэргүүцэн босжээ.
11|13430258|14087833|Иорамын бусад үйл хэрэг болон түүний үйлдсэн бүхэн нь Иудагийн хаадын шастир номд бичигдсэн бус уу Иорам эцэг өвгөдийнхөө хамт нойрссон бөгөөд эцэг өвгөдийнхөө хамт Давидын хотод тавигдав.
12|14112396|15113996|Түүний хүү Ахазиа оронд нь хаан болжээ. Иудаг Ахазиа хаанчлав Израилийн хаан Ахабын хүү Иорамын арван хоёрдугаар онд Иудагийн хаан Иехорамын хүү Ахазиа хаанчилж эхлэв. Ахазиа хаан болохдоо хорин хоёр настай байсан бөгөөд Иерусалимд нэг жил хаанчлав.
