verse|start|end|sentence
1|84186|1139191|хоёрдугаар бүлэг Елиа дээш авагдав ЭЗЭН, Елиаг хуй салхиар тэнгэр өөд авах гэж байх үед Елиа Елишатай хамт Гилгалаас гарч явав.  Елиа, Елишад ЭЗЭН намайг Бетел хүртэл илгээсэн учир чи энд үлдээч гэсэн боловч Елиша
2|1162123|1391443|ЭЗЭН амьд Бас та амьд Таныг би орхихгүй гэв.
3|1414639|1819257|Тиймээс тэд Бетел уруу явав.  Тэгтэл Бетел дэх эш үзүүлэгчдийн хөвгүүд Елиша уруу гарч ирээд, түүнд
4|1842498|2249673|Эзнийг тань таны хажуугаас өнөөдөр ЭЗЭН авч явах болно гэдгийг та мэдэх үү гэж хэлэв. Елиша хэлэхдээ
5|2272428|3036108|Тийм ээ, би мэднэ. Дуугүй байгтун гэв. Елиа түүнд ЭЗЭН намайг Иерихо уруу илгээсэн учир чи энд үлдээч гэсэн боловч Елиша ЭЗЭН амьд Бас та амьд Би таныг орхихгүй гэж хэлэв.
6|3060628|3465907|Тиймээс тэд Иериход ирлээ. Иерихо дахь эш үзүүлэгчдийн хөвгүүд Елишад дөхөн ирээд, түүнд
8|3531219|4106724|Эзнийг тань таны хажуугаас өнөөдөр ЭЗЭН авч явах болно гэдгийг та мэдэх үү гэж хэлэв. Елиша хэлэхдээ Тийм ээ, би мэднэ. Дуугүй байгтун гэв.
10|6471322|6619498|Чи хэцүү юм гуйж байна.
11|6645340|7049429|Хэрэв намайг чамаас авагдаж байхад чи намайг олж харвал тэр нь чамд биелнэ. Харин харахгүй бол биелэхгүй гэв.
12|7074213|7960050|Тэднийг ярилцсаар явж байтал, харагтун, галан тэрэгнүүд болон галан морьд тэр хоёрыг салгав. Елиа хуй салхиар тэнгэр өөд одов.  Елиша үүнийг хараад Эцэг минь, эцэг минь, Израилийн тэрэг ба морьтон минь гэж хашхирав.
13|7983070|9031768|Тэрээр Елиаг дахин харсангүй. Тэгээд тэр өөрийнхөө хувцсыг зууран хоёр хэсэг болгон урав. Елиша Елиаг залгамжлав Тэр мөн Елиагаас унасан түүний нөмрөгийг авч буцаад Иорданы эрэг дээр ирж зогсов.  Елиагаас унасан түүний өнөөх нөмрөгийг тэр аваад, усыг цохиж
14|9055273|9201244|Елиагийн Бурхан ЭЗЭН хаана байна вэ гэв.
16|13557442|13964088|ЭЗЭН ингэж айлдаж байна Би энэ усыг цэвэршүүлсэн юм. Энд дахин үхэл ба үргүйдэл үгүй болно гэв.
17|13987461|14352609|Ийнхүү Елишагийн хэлсэн үгийн дагуу цэвэршсэн мөнөөх ус нь өнөөдрийг хүртэл цэвэр хэвээр үлджээ.
18|14377922|14563628|Дараа нь тэр тэндээс Бетел уруу явав.
19|14589823|14823509|Түүнийг замаар өгсөн явж байтал хотоос хөвгүүд гарч ирээд, түүнийг дооглон
20|14843839|15250441|Халзан толгойт оо, өгсөөд бай. Халзан толгойт оо, өгсөөд гэцгээв.  Тэрээр арагшаа харж, ЭЗЭНий нэрээр тэднийг хараав.
21|15274520|15850818|Тэгэхэд хоёр эвш модон дотроос гарч ирээд, тэднээс дөчин хоёр хөвгүүнийг тасчиж хаяв. Тэр тэндээс Кармел уул уруу яваад, тэндээс Самари уруу буцав.
