verse|start|end|sentence
2|95300|374056|есдүгээр бүлэг Иехүг тослон томилсон нь
4|3354334|4361975|Би чамайг ЭЗЭНий ард түмэн дээр болон Израилийн дээр хаан болгон тосоллоо.  Иезебелийн гарт үрэгдсэн Өөрийн зарц нар болох эш үзүүлэгчдийн цус болон ЭЗЭНий бүх зарц нарын цусны өшөөг Би авна. Иймд чи өөрийн эзэн Ахабын гэрийг цохигтун.  Учир нь Ахабын бүх гэр мөхөх ёстой.
6|5833856|6036584|Тэр галзуу яагаад чам уруу ирсэн юм бэ гэж асуув. Тэрээр тэдэнд
7|6057487|6467882|Та нар иймэрхүү хүнийг, бас юу ярьдгийг нь мэднэ шүү дээ гэв.  Тэд Худлаа даа, алив бидэнд хэл л дээ гэсэнд Иехү
8|6489050|7574307|Тэрээр надад ингэж ингэж яриад ЭЗЭН айлдахдаа Би чамайг Израилийн хаан болгон тосоллоо гэж байна гэж мөн хэлсэн билээ гэв.  Тэгэхэд тэд яаравчлан хүн бүр хувцсаа авч Иехүгийн хөлийн доор, гишгэх газарт нь дэвсэн тавиад, бүрээ үлээн Иехү бол хаан гэцгээв. Израилийн Иорам хааныг хөнөөв
9|7600414|7878420|Ингээд Нимшийн ач, Иехошафатын хүү Иехү, Иорамын эсрэг хуйвалдав.
11|10489052|11187817|Хаантан Амар тайван уу гэсэн билээ гэв. Иехү Амар тайвнаар ирсэн эсэх нь чамд хамаагүй. Миний хойноос яв гэв. Харуул мэдээлэхдээ Элч тэдэн уруу очсон боловч буцаж ирсэнгүй гэв.
12|11210925|11615102|Тэгэхэд хаан хоёр дахь морьтон эрийг илгээсэнд тэрээр тэдэн уруу ирээд Хаан Амар тайван уу гэж асууж байна гэв. Иехү
13|11641121|11917010|Амар тайвнаар ирсэн эсэх нь чамд хамаагүй. Миний хойноос яв гэж хариулав.  Харуул
14|11938266|12451370|Элч тэдэн уруу хүрч очсон боловч буцаж ирсэнгүй. Тэдний давхилт нь Нимшийн хүү Иехүгийн давхихтай адил юм. Учир нь тэрээр галзуурсан мэт давхидаг гэж мэдэгдэв.
15|12477433|12727612|Тэгэхэд Иорам Бэлэн байгтун гэв. Тэд түүний тэргийг бэлтгэв.
16|12749927|13837036|Израилийн хаан Иорам болон Иудагийн хаан Ахазиа тус тусын тэргэндээ суун Иехүг угтахаар гарч, иезреел хүн Наботын эзэмшил дээр түүнтэй тулгарав.  Иорам, Иехүг хараад Иехү, амар тайван уу гэж асуусанд Иехү Чиний эх Иезебелийн завхайрал болон ид шид олширсоор байхад юун амар тайван байх билээ гэв.
19|17931721|18045808|Иезебелийн аймшигт үхэл
22|20664245|20689382|Тэрээр
23|20714122|21618172|Энэ бол ЭЗЭНий үг юм. Тэрээр Өөрийн зарц тишбе хүн Елиагаар дамжуулан Иезреелийн эзэмшил дээр ноход Иезебелийн махыг иднэ.  Иезебелийн цогцос нь Иезреелийн эзэмшлийн талбай дээрх бууц мэт болж, хэн ч Энэ бол Иезебел» гэж хэлж чадахгүй гэсэн билээ гэв.
