verse|start|end|sentence
1|99754|203080|арваннэгдүгээр бүлэг
2|230819|419038|Аталиа Иудиаг захирав
3|446821|799577|Хүүгээ үхсэнийг Ахазиагийн эх Аталиа хараад босож хааны удмын бүх хөвгүүдийг устгав.
4|832696|1483876|Харин Иорам хааны охин буюу Ахазиагийн эгч Иехошеба нь Ахазиагийн хүү Иоашийг алуулж байсан хааны хөвгүүдийн дундаас хулгайлан авч, хүүг асрагчтай нь хамт унтлагын өрөөндөө байлгав.
5|1505485|1698467|Ингэж тэд түүнийг Аталиагаас нууж тэрээр алагдсангүй.
6|1726382|2213687|Аталиа уг газрыг захирч байх хооронд тэрээр түүний хамт ЭЗЭНий өргөөнд зургаан жил нуугдаж байв. Иоаш хүүг Иехоиадиа тослов
8|2280852|3060319|Харин долоо дахь жилд нь Иехоиада хүн илгээж, каричуудын болон хамгаалагчдын зуутын дарга нарыг ЭЗЭНий өргөөнд өөр дээрээ ирүүлэв. Тэгээд тэрээр тэдэнтэй гэрээ байгуулсан ба ЭЗЭНий өргөөнд тэднийг тангараглуулж, тэдэнд хааны хүүг харуулав.
9|3087882|3159324|Тэрээр тэдэнд тушаан
10|3180933|3290653|Та нарын хийх зүйл энэ юм.
11|3312880|4562674|Амралтын өдөр үүрэггүй байсан ч та бүгдийн гуравны нэг нь ирж хааны өргөөг харгалзаг.  Гуравны нэг нь бас Суур дааман хаалган дээр мөн гуравны нэг нь хамгаалагчдын арын дааман хаалган дээр хамгаалалтын төлөө ордныг харгалзах ёстой. Амралтын өдөр хамгаалалтын үүрэгтэй байдаг бүх хүн буюу та нарын үлдсэн хоёр хэсэг нь хааны төлөө ЭЗЭНий өргөөг хамгаалагтун.
13|6566666|7724732|Тэгээд тэд хааны хүүг гарган ирж, түүнд титэм өмсгөн, гэрчлэлийг өгч түүнийг хаан болгов. Тэд түүнийг тосолж, алга ташин Хаан мөнх наслаг гэцгээв. Аталиагийн үхэл Харуулын ба ард түмний дуу чимээг Аталиа сонсоод, хүмүүс уруу ЭЗЭНий өргөөнд орж иржээ. 14 Түүнийг харахад хаан заншлыг даган баганын дэргэд зогсож байв.
14|7748546|8085558|Ахмадууд болон бүрээчид хааны дэргэд зогсож, тэр газрын бүх ард түмэн баярлалдан бүрээгээ хүнгэнүүлж байлаа.
15|8116340|8349232|Тэгэхэд Аталиа хувцсаа ураад Тэрслэл Тэрслэл гэж хашхирав.
16|8383189|8636455|Тахилч Иехоиада цэргийг захирахаар томилогдсон зуутын дарга нарт тушаан тэдэнд
18|11299831|11787400|Тэд хааныг ЭЗЭНий өргөөнөөс аваад, хамгаалагчдын дааман хаалганы замаар хааны өргөөнд ирэв. Тэрээр хаадын сэнтийд заларчээ.
19|11815360|12293404|Ингээд тэр газрын бүх ард олон баярлан хөөрсөн бөгөөд Аталиаг хааны өргөөнд илдээр цавчин хороосны дараа хот нам гүм болов.
20|12320128|12518005|Иехоаш хаанаар өргөмжлөгдөхдөө долоон настай байлаа.
