verse|start|end|sentence
1|87538|345876|арвангуравдугаар бүлэг Израилийн хаан Иехоахаз
3|2302593|2580908|Арамын хаан тэднийг хэрхэн дарангуйлж байгааг болон Израилийн дарлагдлыг Тэр харжээ.
4|2603399|3089160|ЭЗЭН, Израильд чөлөөлөгчийг илгээсэнд тэд арамчуудын гараас мултран гарав. Израилийн хөвгүүд хуучин янзаараа өөр өөрсдийн майхнууддаа амьдарчээ.
5|3114650|3519135|Хэдий тийм боловч тэд Израилиар нүгэл үйлдүүлсэн Иеробоамын гэрийн нүглүүдээс эргэсэнгүй, харин тэдгээрийн дотор явсан юм.
6|3545375|3685657|Ашера ч Самарид хэвээрээ үлдэв.
9|7402802|8363035|Елиша өөд болов Елиша үхэлд хүргэх өвчин тусах үед Израилийн хаан Иоаш түүн дээр ирээд, түүний өмнө уйлан Эцэг минь, эцэг минь, Израилийн тэрэг ба түүний морьтон минь гэв.  Елиша түүнд Нум сумаа ав гэхэд тэрээр нум сумаа авав.
10|8386188|8492469|Тэгээд Елиша, Израилийн хаанд
11|8515180|8954769|Гараа нуман дээр тавигтун гэхэд тэрээр гараа тавьсан бөгөөд дараа нь Елиша түүний гар дээр өөрийн гарыг тавив.  Елиша
12|8980479|9166581|Зүүн зүг харсан цонхыг нээ гэхэд тэрээр онгойлгов.
13|9195864|10157905|Дараа нь Елиша Харвагтун гэсэнд тэр харвав. Елиша ЭЗЭНий ялалтын сум буюу Арамыг ялах ялалтын сум. Учир нь та нар Афект арамчуудыг цохин, хүйс тэмтрэх болно гэв.  Дараа нь тэр Сумнуудаа ав гэхэд хаан сумнуудаа авав. Тэрээр Израилийн хаанд
14|10187364|10365175|Газрыг цохигтун гэхэд хаан гурван удаа цохиод болив.
16|13662488|14580694|Тэгэхэд Иехоахазын хүү Иехоаш Хазаелын хүү Бен-хададын гараас хотыг дахин авчээ. Эдгээр хотуудыг тэр Иехоашийн эцэг Иехоахазын гараас дайн хийж булаан авсан байсан юм. Иоаш гурван удаа Бенхададыг дийлж, Израилийн хотуудыг буцаан авав.
