verse|start|end|sentence
1|73735|169785|арванхоердугаар бүлэг
2|199067|301776|ЭЗЭНий өргөөг засварлав
5|2772126|3077209|Гэвч Иехоаш хааны хорин гуравдугаар он гэхэд тахилч нар өргөөний эвдрэлийг засаагүй л байв.
6|3101641|3343353|Тэгэхэд Иехоаш хаан тахилч Иехоиада болон тахилч нарыг дуудан тэдэнд
7|3372723|3940731|Яагаад та нар өргөөний эвдрэлийг засварлахгүй байна вэ Тиймээс одоо хандивлагч хүмүүсээс дахин мөнгө авахаа больж, харин үүнийгээ өргөөний эвдрэлийг засварлахад зарцуул гэв.
8|3974821|4808355|Ингээд ард түмнээс мөнгө авахаа ч, өргөөний эвдрэлийг засварлахаа ч болихыг тахилч нар зөвшөөрөв.  Тэгээд тахилч Иехоиада нэг авдар авч, таган дээр нь нүх гаргаад, тэр авдраа ЭЗЭНий өргөөнд ордог хаалганы баруун талд тахилын ширээний хажууд тавьжээ.
9|4834727|5491817|Босгыг хамгаалдаг тахилч нар ЭЗЭНий өргөөнд авчирсан бүх мөнгийг тэр авдарт хийв. Авдран дотор маш их мөнгө байгааг хараад хааны гүүш, тэргүүн тахилч нар ирж, уутанд хийн, ЭЗЭНий өргөөнд олдсон мөнгийг тоолжээ.
10|5557967|5790330|Тооцоолсон мөнгөө тэд ажил хийгчид буюу ЭЗЭНий өргөөг хянагчдын гарт өгөв.
12|8395184|8926810|Иерусалимыг Хазаел сүрдүүлэв Тэр үед Арамын хаан Хазаел хөдлөн Гатын эсрэг дайтан түүнийг эзэлж аваад, Хазаел Иерусалим уруу явахаар чиглэв.
14|10534784|11324703|Түүний зарц нар хуйвалдаан зохиож түүний эсрэг босов. Силла уруу урууддагийн тэндэх Миллогийн ордонд Иоашийг тэд цохив.  Түүний зарц нар болох Шимеатын хүү Иозакар ба Шомерын хүү Иехозабад нар цохисонд тэр үхэв.
15|11359454|11750445|Тэрээр эцэг өвгөдтэйгөө хамт Давидын хотод тавигдаж, түүний хүү Амазиа оронд нь хаан болжээ.
