verse|start|end|sentence
1|93888|173004|арван наймдугаар бүлэг
2|201537|310860|Давидын хаант улс өргөжсөн нь
3|353593|492861|Дараа нь Давид филистчүүдийг цохиж, номхтгов.
4|526377|991544|Тэрээр филистчүүдийн гараас Гат болон үүний гацаануудыг авав. Тэрээр Моабыг ялсанд моабчууд Давидын харьяат болж алба гувчуур төлөх болов.
5|1016681|1407716|Дараа нь Давид Зобагийн хаан Рехобын хүү Хададезерыг Евфрат мөрний хөндийд ноёрхолоо сэргээхээр Хаматад ирэхэд нь цохив.
6|1445465|1740318|Давид түүний мянган тэрэг, долоон мянган морьтон, хорин мянган явган цэргийг олзлон авчээ.
7|1778553|2889917|Давид зуун тэрэгний морьдыг үлдээгээд, үлдсэн бүх тэрэгний морьдын шөрмөсийг тастжээ.  Дамаскийн арамчууд Зобагийн хаан Хададезерт туслахаар ирсэнд Давид арамчуудаас хорин хоёр мянгыг цохив.  Тэгээд Дамаскийн Арамд Давид цэргийн ангиудаа байрлуулж, арамчууд алба гувчуур төлдөг, Давидын зарц нар болов.
8|2918317|3393098|Ийнхүү Давидын явсан газар бүрд нь ЭЗЭН түүнд туслав.  Хададезерын зарц нарт байсан алтан бамбайнуудыг Давид булааж, Иерусалимд авчирлаа.
9|3416074|3739150|Түүнчлэн Хададезерын хотууд болох Тибхат ба Кунаас Давид маш их хэмжээний хүрэл олзлон авчрав.
10|3771432|4013188|Түүгээр Соломон хүрэл тэнгис, багананууд болон хүрэл сав суулгыг хийсэн билээ.
11|4049923|4772766|Зобагийн хаан Хададезерын хамаг дайчдыг Давид бут цохисон гэдгийг Хаматын хаан Тоу сонсоод,  Хададезертэй тулалдаж түүнийг ялсан учраас Давид хааны амар мэндийг асуун баяр хүргэхийн тулд өөрийн хүү Хадорамыг илгээв.
12|4799314|4965660|Учир нь Хададезер Тоутай үргэлж дайтаж байсан билээ.
13|4989077|5147352|Тэрээр бүх төрлийн алт, мөнгө, хүрэл эдлэлүүдийг явуулав.
14|5170195|5698381|Давид хаан тэдгээрийг бусад үндэстнүүдээс буюу Едом, Моаб, Аммоны хөвгүүд, филистчүүд болон амалекчуудаас авчирсан мөнгө, алттай нийлүүлэн ЭЗЭНд зориулжээ.
15|5727531|6011182|Түүнчлэн Зеруиагийн хүү Абишаи арван найман мянган едомыг Давст хөндийд хядав.
16|6042537|6318559|Тэрээр Едомд цэргийн ангиудыг байрлуулсанд едомчууд бүгд Давидын зарц болов.
17|6344181|6661216|Тийнхүү ЭЗЭН явсан газар бүрд нь Давидад туслав. Давидын түшмэлүүд
18|6699319|7033200|Ийнхүү Давид бүх Израилийн хаан болж, тэрээр ард түмнээ зөв шударгаар засаглав.
19|7069318|7327611|Зеруиагийн хүү Иоаб цэргийн жанжин, Ахилудын хүү Иехошафат бичээч
20|7354380|7551287|Ахитубын хүү Задок болон Абиатарын хүү Ахимелех нар тахилч
21|7571264|7641912|Шавша нь гүүш болж
22|7663080|8042958|Иехоиадагийн хүү Бенаиа нь керетчүүд ба пелетчүүдийг захирч, Давидын хөвгүүд хааны хажууд түшмэд болов.
