verse|start|end|sentence
1|90140|166433|арвангуравдугаар бүлэг
2|211900|317343|ЭЗЭНий авдрыг буцааж авчирсан нь
3|369072|601744|Тэгээд Давид мянгат, зуутын дарга нар буюу бүх удирдагчтай зөвлөлджээ.
4|636759|753492|Давид Израилийн бүх чуулганд хандан
5|810866|1770262|Хэрэв энэ зүйл та нарт сайн бөгөөд энэ нь бидний Бурхан ЭЗЭНээс бол, Израилийн бүх нутагт үлдсэн өөрсдийн ах дүүст мөн бэлчээр бүхий тэдний хотуудад тэдэнтэй хамт байгаа тахилч ба левичүүдэд газар бүрд зар илгээн тэднийг бидэнтэй уулзуулахаар дуудацгаая.  Бид өөрсдийн Бурханы авдрыг өөрсдөдөө авчирцгаая.
6|1790945|1990365|Учир нь Саулын өдрүүдэд бид түүнийг хайгаагүй шүү дээ гэв.
7|2017663|2283409|Бүх ард түмний нүдэнд энэ нь зөв байсан тул бүх чуулган тийн үйлдэнэ гэж хариулав.
9|4469314|5036440|Тэрээр авдарт гар хүрсэн тул ЭЗЭНий хилэн Уззагийн эсрэг шатаж, Тэр түүнийг цохисонд тэрээр тэнд Бурханы өмнө үхэв.  ЭЗЭН, Уззагийн эсрэг ийнхүү дайрсан тул Давид огшжээ.
10|5072117|5275815|Тиймээс тэр газрыг Перез-узза гэж өнөөг хүртэл нэрлэжээ.
11|5307964|5584559|Тэр өдөр Давид, Бурханаас эмээж Би яаж Бурханы авдрыг өөртөө авчирч болох билээ дээ гэв.
12|5615958|5812071|Тиймээс Давид авдрыг Давидын хот уруу өөртөө авч явсангүй.
13|5838310|5995394|Харин түүнийг гит хүн Обед едомын гэрт аваачив.
14|6018591|6285087|Ийнхүү Бурханы авдар гит хүн Обед едомын гэрт гурван сар байжээ.
15|6309254|6501442|ЭЗЭН, Обед Едомыг болон түүнд байсан бүгдийг ерөөв.
