verse|start|end|sentence
1|93227|165463|наймдугаар бүлэг
2|205020|287973|Бениамины үр удам
3|318269|1221481|Бениамин нь ууган хүү Бела, удаах хүү Ашбел, гуравдугаар хүү Ахара,  дөрөвдүгээр хүү Ноха, тавдугаар хүү Рафа нарын эцэг болов.  Бела хөвгүүдтэй байсан бөгөөд тэднийг Аддар, Гера, Абихуд,  Абишуа, Нааман, Ахоа,  Гера, Шефуфан, Хурам гэдэг байв.
4|1283574|1651456|Эдгээр нь Ехүдийн хөвгүүд, Гебад амьдардаг эцгийн бүлийн тэргүүнүүд бөгөөд Геба иргэдийг Манахат уруу олзлон аваачжээ.
5|1703715|2075919|Тэднийг нэрлэвэл Нааман, Ахиа, Гера бөгөөд тэднийг олзлон аваачсан Гера нь Узза, Ахихуд нарын эцэг болжээ.
6|2125090|2931679|Шахараим нь Хушим, Баара хэмээх өөрийн эхнэрүүдийг явуулсны дараа Моаб газарт хүүхдүүдтэй болов.  Тэр өөрийн эхнэр Ходешаар дамжуулан Иобаб, Зибиа, Меша, Малкам,  Иеуз, Сахиа, Мирма нарыг төрүүлжээ. Түүний хөвгүүд нь эцгийн бүлийн тэргүүнүүд байв.
8|7273368|7677236|Нер Кишийг төрүүлж, Киш нь Саулыг төрүүлж, Саул нь Ионатан, Малхи-шуа, Абинадаб, Ешбаал нарыг төрүүлсэн юм.
9|7697566|7906777|Ионатаны хүү нь Мериб-баал бөгөөд Мериб-баал нь Микаг төрүүлжээ.
10|7933281|8898674|Микагийн хөвгүүд нь Питон, Мелек, Тареа, Ахаз нар билээ.  Ахаз нь Иехоаддаг, Иехоадда нь Алемет, Азмавет, Зимри нарыг, Зимри нь Мозаг төрүүлжээ.  Моза нь Бинеаг төрүүлэв. Бинеагийн хүү нь Рафа, түүний хүү нь Елеаса, түүний хүү нь Азел билээ.
11|8938761|9348097|Азел зургаан хүүтэй болсон бөгөөд тэдний нэрс нь Азрикам, Бохеру, Ишмаел, Шеариа, Обадиа, Ханан юм.
12|9369221|10275741|Тэд бүгд Азелын хөвгүүд юм.  Түүний дүү Ешекийн хөвгүүдийн ууган нь Улам, хоёрдугаарх нь Иеуш, гуравдугаарх нь Елифелет байв.  Уламын хөвгүүд нь сайн харваач зоригтой баатар эрчүүд бөгөөд олон хүү, ач нартай бөгөөд тэдгээр нь бүгд зуун тавин хүн байв.
13|10300613|10417434|Эд бүгд Бениамины хөвгүүд билээ.
