verse|start|end|sentence
1|84142|160391|хоринтавдугаар бүлэг
2|186013|279064|ЭЗЭНий өргөөний хөгжимчид
3|328986|998071|Давид болон цэргийн жанжингууд нь ятга, босоо ятга, цан тоглон эш үзүүлэх үйлчлэлд зориулан Асаф, Хеман, Иедутуны хөвгүүдээс тусгаарлан авчээ. Энэ үйлчлэлд орсон хүмүүсийн тоо нь дараах болой.
4|1024046|2196003|Асафын хөвгүүдээс Асафын хөвгүүд болох Заккур, Иосеф, Нетаниа, Ашарела нар бөгөөд хааны заавраар эш үзүүлдэг Асафын удирдлага дор байв.  Иедутунаас, Иедутуны хөвгүүд болох Гедалиа, Зери, Иешаиа, Шимеи, Хашабиа, Маттитиа нар зургуулаа болой.ЭЗЭНд талархаж магтахаар ятга дарж эш үзүүлдэг эцэг Иедутунаараа тэд удирдуулдаг байв.
5|2262771|3424497|Хеманаас, Хеманы хөвгүүд болох Буккиа, Маттаниа, Уззиел, Шебуел, Иеримот, Хананиа, Ханани, Елиатан, Гиддалти, Ромамти-езер, Иошбекаша, Маллоти, Хотир, Махазиот нар болой.  Хааны нэр алдрыг өргөмжлөхөөр Бурханы үгээр хааны үзмэрч болох Хеманы хөвгүүд эд бүгд юм.
6|3512697|4341556|Бурхан, Хеманд арван дөрвөн хүү, гурван охин өгөв.  Эд бүгд Асаф, Иедутун, Хеман нарт өгөх хааны заавар ёсоор эцгүүдийнхээ удирдлага дор Бурханы өргөөний үйлчлэлд зориулан цан, босоо ятга, ятган дээр ЭЗЭНий өргөөнд дуу дуулдаг байв.
7|4393462|4957281|Тэд ба тэдний ах дүүс буюу ЭЗЭНд дуулахаар бэлтгэгдсэн, чадварлаг бүгдийн тоо хоёр зуун наян найм байв. Тэд их бага, багш сурагч гэлгүй бүгд үүргийнхээ төлөө шавга хаяв.
9|6464574|6973224|Долдугаарх нь Иешарелад бөгөөд түүний хөвгүүд, ах дүүс нь арван хоёулаа байв.  Наймдугаарх нь Иешаиад бөгөөд түүний хөвгүүд, ах дүүс нь арван хоёулаа байв.
10|7022880|7738491|Есдүгээрх нь Маттаниад бөгөөд түүний хөвгүүд, ах дүүс нь арван хоёулаа байв.  Аравдугаарх нь Шимеид бөгөөд түүний хөвгүүд, ах дүүс нь арван хоёулаа байв.  Арван нэгдүгээрх нь Азарелд бөгөөд түүний хөвгүүд, ах дүүс нь арван хоёулаа байв.
11|7769141|9060918|Арван хоёрдугаарх нь Хашабиад бөгөөд түүний хөвгүүд, ах дүүс нь арван хоёулаа байв.  Арван гуравдугаарх нь Шубаелд бөгөөд түүний хөвгүүд, ах дүүс нь арван хоёулаа байв.  Арван дөрөвдүгээрх нь Маттитиад бөгөөд түүний хөвгүүд, ах дүүс нь арван хоёулаа байв.  Арван тавдугаарх нь Иеремотод бөгөөд түүний хөвгүүд, ах дүүс нь арван хоёулаа байв.  Арван зургадугаарх нь Хананиад бөгөөд түүний хөвгүүд, ах дүүс нь арван хоёулаа байв.
12|9092802|9320843|Арван долдугаарх нь Иошбекашад бөгөөд түүний хөвгүүд, ах дүүс нь арван хоёулаа байв.
13|9392638|9627559|Арван наймдугаарх нь Хананид бөгөөд түүний хөвгүүд, ах дүүс нь арван хоёулаа байв.
14|9652828|9857761|Арван есдүгээрх нь Маллотид бөгөөд түүний хөвгүүд, ах дүүс нь арван хоёулаа байв.
15|9902478|10093519|Хорьдугаарх нь Елиатанд бөгөөд түүний хөвгүүд, ах дүүс нь арван хоёулаа байв.
16|10130828|10337789|Хорин нэгдүгээрх нь Хотирт бөгөөд түүний хөвгүүд, ах дүүс нь арван хоёулаа байв.
17|10382198|11198709|Хорин хоёрдугаарх нь Гиддалтид бөгөөд түүний хөвгүүд, ах дүүс нь арван хоёулаа байв.  Хорин гуравдугаарх нь Махазиотод бөгөөд түүний хөвгүүд, ах дүүс нь арван хоёулаа байв.  Хорин дөрөвдүгээрх нь Ромамтиезерт бөгөөд түүний хөвгүүд, ах дүүс нь арван хоёулаа болой.
