verse|start|end|sentence
1|84098|172739|хоринесдүгээр бүлэг
2|205373|304466|Өргөөний төлөөх өргөл
3|342216|438045|Давид хаан бүх чуулганд
5|2070098|3265825|Ариун өргөөний төлөө бэлтгэсэн бүхий л зүйлээс гадна, миний Бурханы өргөө сэтгэлд минь нийцсэн тул би өөрийн эзэмшдэг алт, мөнгөн хөрөнгийг Бурханыхаа өргөөнд өгч байгаа юм. Үүнд Офирын алтнаас гурван мянган талант алт, өрөөнүүдийн ханыг бүрэхэд долоон мянган талант цэвэршүүлсэн мөнгө, урчуудын гараар бүтэх бүх ажлын алтан эдлэлд алт, мөнгөн эдлэлд мөнгө байна.
6|3292241|3903070|Тиймээс хэн энэ өдөр өөрийн гарыг ЭЗЭНий төлөө дүүргэхэд бэлэн байна вэ гэв. Тэгэхэд эцгүүдийн бүлийн тэргүүн нар сайн дурын өргөл өргөж, Израилийн овгийн удирдагчид, мянгатын болон зуутын дарга нар
7|3923665|4060375|мөн хааны үйлчлэлийн ахлагчид мөн үүнчлэн хийв.
8|4087099|4990664|Бурханы өргөөний ажилд зориулан таван мянган талант ба арван мянган дарик алт, арван мянган талант мөнгө, арван найман мянган талант хүрэл, зуун мянган талант төмрийг өгөв. Үнэт чулуутай байсан нь түүнийгээ ЭЗЭНий өргөөний эрдэнэст зориулан гершон хүн Иехиелийн гарт өгөв.
9|5017168|5579267|Ард олон бүхий л зүрхээрээ ЭЗЭНий төлөө бэлэн буйгаа харуулсан учраас ийнхүү дуртайяа үйлчилсэндээ баярлацгаав. Давид хаан ч бас маш ихээр баярлав.
10|5638096|5728678|Давидын талархал
11|5772734|6119977|Ингээд Давид бүх чуулганы нүдэн дээр ЭЗЭНийг талархан магтахдаа Бидний эцэг өвөг Израилийн Бурхан ЭЗЭН
12|6141145|6302154|Та мөнхийн мөнхөд магтагдах болтугай.
13|6333509|6393397|Өө, ЭЗЭН минь
14|6424443|6864120|тэнгэрт болоод газар дээрх бүх юмс Таных учир агуу сүр, хүч чадал, яруу алдар, ялалт, цог жавхлан Таных билээ.
15|6909102|6953335|Өө, ЭЗЭН минь
16|6977369|7207704|Та, бүхний дээр эрхэм дээд тэргүүн тул хаанчлал Таных билээ.
17|7231209|7483240|Эд баялаг, алдар хүндлэл аль аль нь Танаас ирдэг ба Та бүхнийг захирдаг.
18|7522754|8146945|Таны мутарт эрх мэдэл, хүч чадал байдаг бөгөөд агуу болгох хийгээд хүчирхэгжүүлэх нь Таны мутарт  атгаастай байдаг.  Тиймээс, Бурхан минь ээ, бид Танд талархаж, Таны яруу алдарт нэрийг магтъя.
19|8170715|8469934|Гэхдээ би хэн болоод, миний ард түмэн юу болоод ийнхүү сайн дураар өргөж чадсан бэ
20|8499348|8717247|Учир нь бүх зүйл Танаас бөгөөд Таны мутраас бид Танд өгсөн юм.
21|8746838|8979642|Бид бүх эцэг өвгөдийнхөө адил Таны өмнө ирмэл хүмүүс бөгөөд түр суугчид билээ.
22|9002309|9216150|Дэлхий дээрх өдрүүд маань сүүдэр адил бөгөөд ямар ч найдвар алга.
23|9242169|9306114|Өө, Бурхан ЭЗЭН минь
24|9337337|9801886|Таны ариун нэрд зориулан Танд өргөө барихаар бидний бэлтгэсэн энэ үлэмж их юмс бүгдээрээ Таны мутраас бөгөөд бүгд Таных билээ.
25|9846383|10443762|Бурхан минь, Та хүний зүрхийг тэнсэн үзэж, чигч шударгыг таалан соёрхдог гэдгийг би нэгэнт мэдэв. Би чин үнэнч зүрхээрээ энэ бүх зүйлийг дуртайяа өргөсөн юм.
26|10497696|10791711|Гэтэл одоо энд байгаа Таны ард түмэн Танд дуртайяа өргөж байгааг би баяртайгаар харлаа.
27|10842117|11088856|Өө, ЭЗЭН, бидний эцэг өвгөд Абрахам, Исаак, Израилийн Бурхан
28|11115625|11525005|үүнийг Өөрийн ард түмний зүрхнийх нь хамаг бодол санаа болгоод үүрд иймээр нь хадгалж, тэдний зүрхийг Өөртөө хандуулаач
29|11557595|11916437|Таны тушаал, гэрчлэл болон зарлигуудыг сахиж тэр бүхнийг үйлдэх хоёргүй сэтгэлийг миний хүү Соломонд өгөөч.
30|11939810|12270516|Тэгвэл миний бэлтгэсэн зүйлсээр тэрээр өргөөг барих болно гэв.  Тэгээд Давид бүх чуулганд
31|12291728|12832306|Бурхан ЭЗЭНээ одоо талархан магтагтун гэсэнд бүх чуулган нь эцэг өвгөдийнхөө Бурхан ЭЗЭНийг талархан магтаж, доор бөхийн, ЭЗЭНд болон хаанд мөргөв.
32|12871026|13499451|Дараа өдөр нь тэд ЭЗЭНд нядлах тахил өргөж, шатаалт тахил тахин, мянган бух, мянган хуц, мянган хургыг ундаан өргөлтэй нь хамт болон бүх Израилийн төлөө хангалттайгаар тахил өргөж
33|13521986|13874830|тэр өдөртөө ЭЗЭНий өмнө баяртайгаар идэж, ууцгаав. Соломоныг хаанаар өргөмжлөв
34|13912138|14117777|Тэд Давидын хүү Соломоныг хоёр дахь удаагаа хаанаар өргөмжлөв.
35|14141326|14356887|Түүнийг ЭЗЭНий жонон болгон тосолж, Задокийг тахилчаар томилжээ.
37|15814701|15932536|Давидын хаанчлалын товчоон
38|15979767|16143863|Ийнхүү Иессигийн хүү Давид бүх Израилийг захирчээ.
39|16187213|16533266|Давид Хебронд долоон жил, Иерусалимд гучин гурван жил, нийт дөчин жил Израилийг захирчээ.
40|16586671|16867544|Түүний өдөр хоногууд эд баялаг, нэр хүндээр дүүрэн байж сайхан өндөр наслаад үхэв.
41|16924212|17616803|Түүний хүү Соломон түүний оронд хаан болов.  Давид хааны үйлс, эхнийхээсээ эцсийнх хүртэл үзмэрч Самуелын шастир, эш үзүүлэгч Натаны шастир болон үзмэрч Гадын шастирт бичигдсэн бөгөөд
42|17652612|18093877|түүний бүрэн засаглал, хүч чадал мөн түүнд, Израильд болон дэлхийн бүх улс орны хаант гүрэнд тохиолдсон үйл явдлууд тэнд бий.
