verse|start|end|sentence
1|92918|163787|аравдугаар бүлэг
2|191482|308567|Саул ба хүүгийнх нь үхэл
4|2292582|2808640|Тиймээс Саул илдээ авч, өөрөө дээрээс нь унав.  Зэвсэг үүрэгч нь Саулын үхсэнийг үзээд өөрийнхөө илдний дээрээс унаж, Саулын дэргэд үхэв.
5|2833380|3596531|Ийнхүү тэр өдөр Саул гурван хөвгүүнтэйгээ, өөрийн бүх гэрийнхний хамт үхжээ.  Хөндий талд байсан израиль хүмүүс, цэргүүдийг зугтахыг мөн Саул болон түүний хөвгүүдийн үхсэнийг хараад өөрсдийн хотуудыг орхиж, зугтав.
6|3617258|3749426|Тэгээд филистчүүд ирж тэнд нь суужээ.
7|3781398|5025680|Дараа өдөр нь филистчүүд алагдагсдыг тонохоор ирэхдээ Саул болон түүний хөвгүүдийг Гилбоа ууланд үхсэн байхыг олж харав.  Тэд Саулыг тонож бас толгой ба зэвсгийг нь авч, өөрсдийн шүтээнүүдийн сүмүүд ба ардуудад сайхан мэдээ хүргэхээр тэдгээрийг Филистийн бүх нутагт илгээжээ.  Тэд Саулын зэвсгийг өөрсдийн бурхдын дугандаа тавьж, толгойг нь Дагоны дуганд өлгөв.
8|5057255|5277888|Саулыг филистчүүд хэрхсэнийг Иабеш-Гилеадын оршин суугчид сонсоод,
9|5298350|5873943|бүх зоригт эрс нь босож, Саулын цогцсыг бас хөвгүүдийнх нь цогцсыг ч булаан авч, Иабешт авчраад тэндхийн нэг царсны доор ясыг нь оршуулаад долоо хоног мацаг барилаа.
10|5896258|6843393|Ийнхүү Саул итгэмжгүйнхээ улмаас үхсэн бөгөөд тэрээр ЭЗЭНий үгийг сахилгүй ЭЗЭНд үнэнч бус байж, үзмэрчийн зөвлөгөөг гуйн санаа бодлыг нь асуусан бөгөөд  ЭЗЭНий зөвлөгөөг харин эрэлхийлээгүй юм. Тиймээс ЭЗЭН түүнийг үхэлд үлдээж, хаанчлалыг Иессийн хүү Давид уруу эргүүлсэн билээ.
