verse|start|end|sentence
1|93933|174724|арванесдүгээр бүлэг
2|226409|366735|Аммончууд ба арамчуудыг ялав
3|387462|645183|Тэгтэл аммончуудын хаан Нахаш өөд болж түүний хүү оронд нь хаан болов.
4|666174|709569|Тэгэхэд Давид
5|746789|1266904|Эцэг нь надад энэрэл хайр үзүүлсний адил би ч Нахашийн хүү Ханунд энэрэл хайрыг үзүүлье гээд эцгийнх нь тухайд түүнийг тайтгаруулахаар Давид элч нарыг илгээв.
6|1293232|1477482|Давидын элч нар Хануныг тайтгаруулахаар Аммоны хөвгүүдийн нутагт ирэв.
7|1506411|1602285|Аммоны хөвгүүдийн түшмэд Ханунд
8|1652206|1914645|Танд тайтгаруулагчдыг илгээснээрээ Давид эцгийг тань хүндэлж байна гэж та бодож байна уу
9|1948029|2237237|Хотыг маань судлан тандаж, тэгээд орвонгоор нь хөмрүүлэх гэж түүний зарц нар ирсэн бус уу
10|2263608|2281778|гэв.
11|2313794|2702359|Тиймээс Ханун, Давидын зарц нарыг барьж, сахлыг нь хусаад, хувцсыг нь өгзөг хавиар, голоор нь тайраад, буцааж явуулав.
12|2735170|2975471|Давидад эрчүүдийнх нь тухай айлтгасанд тэрээр элч нарыг тэдэн уруу явууллаа.
13|3008369|3210215|Учир нь эрчүүд үлэмж ихээр доромжлогдсон аж. Хаан
14|3241658|4122864|Сахлаа ургатал Иериход байж байгаад, дараа нь буцаж ирцгээ гэж хэлүүлэв.  Аммоны хөвгүүд Давидад жигшигдэх болсноо хараад, Ханун болон Аммоны хөвгүүд өөрсдөдөө тэрэг ба морьт цэргүүдийг Месопотами, Арам-маака болон Зобагаас хөлслөн авахаар мянган талант мөнгийг илгээв.
15|4146987|4758390|Тэд өөрсдөдөө гучин хоёр мянган тэрэг, Маакагийн хаан болон түүний хүмүүсийг хөлслөн авсанд тэд ирж, Медебагийн өмнө хуарагнан буув. Аммоны хөвгүүд ч хотуудаасаа хуран цуглаж, дайтахаар ирэв.
16|4779734|5022813|Давид үүнийг сонсоод Иоабыг, хамаг цэргүүд болох хүчит эрстэйгээ илгээв.
17|5054962|5457551|Аммоны хөвгүүд гарч ирэн хотын үүдэн дээр тулалдааны жагсаалаар жагссан бөгөөд ирсэн хаад ч задгай талд тусдаа байцгаав
18|5487186|5983443|Тулалдааны тэргүүн эгнээ түүний урд ба ард талд нь өрнөж байгааг Иоаб хараад, Израилийн шилдэг зарим эрчүүдийг сонгон авч, арамчуудын эсрэг жагсаан байрлуулав.
19|6008977|6450815|Харин үлдсэн хүмүүсийг өөрийн дүү Абишаигийн гарт даатгасан бөгөөд тэрээр Аммоны хөвгүүдийн эсрэг тэднийг жагсаан байрлуулав.Иоаб
20|6474409|6907515|Хэрэв арамчууд надаас илүү хүчтэй байвал чи надад туслагтун.Харин Аммоны хөвгүүд чамаас илүү хүчтэй байвал би чамд тусална.Тууштай байгтун.
21|6948925|7330831|Ард түмнийхээ хийгээд Бурханыхаа хотуудын төлөө зоригтой байцгаая. Мэлмийдээ тааламжтай гэснээ ЭЗЭН үйлдэх болтугай гэв.
22|7362715|7706739|Ингээд Иоаб болон түүнтэй хамт байсан цэргүүд арамчуудын өөдөөс тулалдахаар ойртсонд тэд түүний өмнөөс зугтав.
23|7754235|8070652|Аммоны хөвгүүд арамчуудын зугтахыг хараад, өөрсдөө ч мөн Иоабын дүү Абишаигаас зугтаж хот уруу оров.
24|8099273|8208597|Тэгээд Иоаб Иерусалимд ирлээ.
25|8244450|8881651|Арамчууд Израильд ялагдсанаа хараад, элч нарыг илгээн Евфрат мөрний чанад дахь арамчуудыг авчруулсанд тэд Хададезерын цэргийг тэргүүлэгч, жанжин Шофакийн хамт ирцгээжээ.Үүнийг Давидад мэдэгдсэнд
26|8908552|9238994|тэрээр хамаг Израилийг хамтад нь цуглуулж, Иорданыг гатлан тэдэн дээр ирж, цэргүүдээ тэдний эсрэг жагсаав.
27|9268893|9518279|Давид арамчуудын эсрэг тулалдахаар жагссанд арамчууд түүнтэй тулалдав.
28|9542578|10102163|Гэвч арамчууд Израилиас зугтаасан бөгөөд Давид арамчуудаас долоон мянган тэрэгт цэрэг, дөчин мянган явган цэргийг устгаж цэргийн жанжин Шофакийг ч алав.
29|10138413|10463871|Хададезерын зарц нар Израильд цохигдсоноо хараад, Давидтай энхийг тогтоон түүнд зарагдах болов.
30|10485745|10743201|Ингээд арамчууд Аммоны хөвгүүдэд дахин туслах хүсэл зориггүй болжээ.
