verse|start|end|sentence
1|89346|156907|хорьдугаар бүлэг
2|182529|276418|Раббаг бүслэн эзлэв
3|303849|764208|Хавар цаг, хаадын дайнд морддог үеэр Иоаб цэргийн хүчээ удирдан явж, Аммоны хөвгүүдийн нутгийг сүйрүүлээд, Раббад ирж бүслэн авав.
4|790536|893598|Давид харин Иерусалимд үлджээ.
5|914545|1028632|Иоаб, Раббаг цохин устгалаа.
6|1049624|1199961|Давид тэдний хааны титмийг толгойноос нь авчээ.
7|1224745|1486037|Тэрээр үүнийг нэг талант алтны жинтэй, эрдэнийн чулуу суулгасан болохыг олж харав.
8|1515937|2156710|Тэр титмийг Давидын толгойд өмсгөжээ. Тэр хотоос Давид маш их хэмжээний олз омог авчрав.  Тэрээр хотод байсан хүмүүсийг гарган авчраад, хөрөө, төмөр зээтүү, сүхээр хийх ажилд тавьжээ.
9|2186654|2612748|Аммоны хөвгүүдийн бүх хотод Давид энэ мэтээр үйлдэв. Тэгээд Давид болон бүх ард олон Иерусалимд буцаж ирэв.
10|2639429|2742711|Филистчүүдийг ялсан гавьяа
11|2776139|3790483|Үүний дараа Гезерт филистчүүдтэй дайн болж хуша хүн Сиббекаи аварга биетний удмын нэг Сиппаиг алж, филистчүүд номхров. 5 Дахин филистчүүдтэй дайн хийж, Иаирын хүү Елханан, гит хүн Голиатын дүү Лахмиг алсан юм. Лахмигийн жадны иш нь нэхмэлчний гогодогч мод мэт байв.
12|3816061|4688359|Дахин Гатад тулалдаан болоход тэнд гар, хөл нь тусбүр зургаан хуруутай буюу бүгд нийлээд хорин дөрвөн хуруутай аварга том эр байлаа. Тэр ч мөн аварга биетнийхэнд төржээ.  Тэрээр Израилийг доромжилсонд Давидын ах Шимеагийн хөвгүүн Ионатан түүнийг цохиж аллаа.
13|4717332|5067707|Гатад аварга биетнүүдийнд төрсөн эдгээр дөрвөн хүн Давид болон түүний зарц нарын гарт алагдав.
