verse|start|end|sentence
1|94638|185925|арванхоёрдугаар бүлэг
2|207975|304863|Давидыг дагалдагсад
3|333837|847116|Кишийн хөвгүүн Саулаас болж Давид Зиклагт нуугдан байх үед түүн дээр ирсэн хүмүүс нь дараах хүмүүс юм. Тэд дайн тулаанд хүчит эрсийн дунд Давидад тусалж байв.
5|4005999|4789701|Тэргүүн нь Езер, хоёр дахь нь Обадиа, гурав дахь нь Елиаб,  дөрөв дэх нь Мишманна, тав дахь нь Иеремиа,  зургаа дахь нь Аттаи, долоо дахь нь Елиел,  найм дахь нь Иоханан, ес дэх нь Елзабад,  арав дахь нь Иеремиа, арван нэг дэх нь Макбанаи билээ.
6|4820085|5641580|Гадын хөвгүүдээс эдгээр нь цэргийн дарга нар юм. Багашиг нэг нь зуутыг, агуу нэг нь мянгатыг захирав.  Нэгдүгээр сард тэд Иордан гол бүх эргээ халин үерлэж байхад нь гатлан гарч, хөндий дэх бүх хүнийг зүүн, баруун зүг уруу хөөн бутаргав.
7|5678757|5949707|Дараа нь Бениамин болон Иудагийн хөвгүүдийн зарим нь бэхлэлтэд байсан Давид уруу хүрч ирэв.
8|5973697|6889743|Давид тэднийг угтан гарч Хэрэв та бүхэн надад туслахаар сайн санаагаар над уруу ирсэн бол миний зүрх та нартай нэгдэх болно. Харин миний гарт ямар ч буруу үгүй байхад, хэрэв та нар намайг миний дайснуудад барьж өгөхөөр ирсэн аваас бидний эцэг өвгөдийн Бурхан үүнийг хараад шүүх болтугай гэж хэлэв.
9|6913733|7128368|Тэр үед мөнөөх гучин хүний толгойлогч Амасаигийн дээр Сүнс буун ирж
10|7154739|7601825|Давид аа, бид таных, Иессийн хүү, бид таны талд. Амар амгалан, амар тайван танд оршиг Танд туслагч нэгэнд амар тайван нь оршиг
11|7621935|7750927|Үнэхээр таны Бурхан таныг дэмждэг билээ
12|7773154|8027567|гэж хэлсний дараа Давид тэднийг хүлээн авч, тэднийг бүлгийн толгойлогчоор тавив.
13|8049220|8396728|Давид филистчүүдтэй хамтран Саулын эсрэг дайтахаар явах гэж байтал түүн дээр Манассегаас зарим нь урваж ирэв.
14|8423408|8970998|Гэвч тэд филистчүүдэд тусалж чадсангүй. Филистийн ноёд зөвлөлдсөний дараа Бидний толгойн үнээр тэр өөрийн эзэн Саулд урваж мэднэ гээд Давидыг холдуулан явуулав.
15|8999046|9631836|Давид Зиклаг уруу явах үед түүн дээр Манассегаас урван ирсэн хүмүүс нь Адна, Иозабад, Иедиаел, Михаел, Иозабад, Елиху, Зиллетаи буюу Манассед харьяалагдах мянгатын дарга нар билээ.
16|9656400|10452802|Тэд бүгд эрэлхэг хүчит эрс, цэргийн жанжингууд байсан тул дээрэмчний бүлгүүдийн эсрэг Давидад туслав.  Учир нь Давидад туслахаар өдрөөс өдөрт хүмүүс ирсээр Бурханы цэрэг мэт агуу их цэргийн хуаран болов. Хеброн дахь Давидын цэргүүд
17|10483540|10968816|ЭЗЭНий үгийн дагуу Саулын хаанчлалыг Давидад эргүүлэхийн тулд Хебронд буй Давид уруу хүрч ирсэн, зэвсэглэсэн бүлэглэлүүдийн тоо нь дараах билээ.
18|10998187|11541411|Бамбай, жад үүрсэн, дайтахаар зэвсэглэсэн, Иудагийн хөвгүүд нь зургаан мянга найман зуу байв.  Симеоны хөвгүүдээс дайнд эрэмгий долоон мянга нэг зуун хүчит эр байв.
20|13512681|13984903|Иссахарын хөвгүүдээс цаг үеэ мэдэрч, Израиль юу хийх ёстойг мэдсэн тэдний хоёр зуун тэргүүн нь өөрсдийн бүх ах дүү нараа удирдан ирсэн байлаа.
21|14012510|14752596|Зебулунаас байлдааны бэлтгэлтэй, бүх төрлийн зэвсэг агссан, хоёргүй сэтгэлээр Давидад туслахаар цугларсан цэрэг нь тавин мянга байв.  Нафталиас мянган цэргийн дарга мөн тэдэнтэй хамт бамбай, жадтай гучин долоон мянган эр байв.
22|14785847|15013007|Данчуудаас тулалдааны бэлтгэлтэй хорин найман мянга зургаан зуун хүн байв.
23|15056622|15963097|Ашераас тулалдааны бэлтгэлтэй дөчин мянган хүн байв.  Иорданы нөгөө талаас буюу Реубен, Гад, Манассегийн хагас овгоос байлдааны төрөл бүрийн зэвсэг агссан зуун хорин мянган цэрэг ирэв.  Тулалдааны бэлтгэлтэй энэ дайчид бүгд Давидыг бүх Израилийн хаанаар өргөмжилнө гэсэн хоёргүй сэтгэлээр Хебронд иржээ.
24|15996128|16202516|Израилийн үлдсэн бүхэн ч Давидыг хаанаар өргөмжлөх санаа нэг байв.
25|16225536|17411958|Тэдний ахан дүүс нь тэдэнд бэлтгэн өгсөн тул тэд идэж уусаар Давидтай хамт гурав хоног тэнд байв.  Үүнчлэн тэдний ойр орчмынхон буюу бүр Иссахар, Зебулун, Нафталиас ч илжиг, тэмээ, луус, үхэрт хүнс ачин, гурилан боов, инжиртэй боов, хатаасан үзэм, усан үзмийн дарс, тос, үхэр, хонийг маш ихээр авчрав. Израильд үнэхээр баяр хөөртэй байлаа.
