verse|start|end|sentence
1|81761|158715|хориннаймдугаар бүлэг
2|214105|329118|Соломонд өргөөг зааварчлав
3|365103|1281325|Давид Израилийн бүх түшмэд, овгийн захирагчид, хаанд бүлгүүдээр үйлчилдэг хэсгүүдийн ахлагчид, мянгатын, зуутын дарга нар, хаан болон хааны хөвгүүдэд харьяалагдах бүх эд хөрөнгө, мал сүргийн харгалзагчид, тайганууд, хүчит эрс болон бүх нэр хүндтэй эрсийг Иерусалимд цуглуулжээ.
4|1304345|1419843|Тэгээд Давид хаан хөл дээрээ босон зогсоод
5|1442158|1589364|Ахан дүүс, ард түмэн минь, намайг сонсогтун.
6|1629142|2143877|ЭЗЭНий гэрээний авдарт зориулан мөн бидний Бурханы хөлийн тавиур болгон амралтын өргөө барих санаа зүрхэнд минь байсан тул би түүнийг барихад бэлтгэсэн билээ.
7|2170381|2928945|Гэвч Бурхан надад Чи дайнч хүн ба цус урсгасан тул Миний нэрд зориулан өргөө барьж болохгүй гэж айлдав.  Гэсэн ч Израилийн Бурхан ЭЗЭН намайг мөнхөд Израилийн хаан болгохоор миний эцгийн бүх гэрээс намайг сонгосон юм.
8|2953729|4000266|Учир нь Тэрээр Иудаг удирдагчаар мөн Иудагийн гэр дотроос миний эцгийн гэрийг сонгосон бөгөөд миний эцгийн хөвгүүдийн дундаас намайг бүх Израилийн хаан болгохоор таалан соёрхсон билээ.  ЭЗЭН надад олон хүү өгсөн учир миний бүх хөвгүүнээс Тэрээр миний хүү Соломоныг Израиль дахь ЭЗЭНий хаанчлалын сэнтийд залахаар сонголоо.
9|4025624|4252563|Тэр надад Миний өргөө болон Миний ордныг хүү Соломон чинь барих юм.
11|6357544|7131190|Хэрэв чи Түүнийг хайвал, Тэр чамд олдоно. Харин чи Түүнийг орхих аваас, Тэр чамайг мөнхөд үл хэрэгсэнэ.  Ариун газарт зориулан өргөөг бариулахаар ЭЗЭН чамайг сонгосныг одоо харагтун Тууштай байж, үйлдэгтүн гэв.
12|7164486|7727995|Тэгээд түүний үүдний танхим, өргөөнүүд, эрдэнэсийн сан, түүний дээд лаврин болон дотоод өрөөнүүд мөн эвлэрүүлгийн тагны загвар зургийг Давид өөрийн хүү Соломонд өглөө.
13|7757322|8336178|Бас ЭЗЭНий өргөөний орднууд, эргэн тойрны бүх өрөө, Бурханы өргөөний агуулахууд болон ариун өргөлийн эрдэнэсийн сангийн бүх загвар зураг, түүнд сүнсээр байсан бүхнээ өгөв.
14|8357391|8758215|Түүнчлэн тахилч болон левичүүдийн бүлгүүд, ЭЗЭНий өргөөний үйлчлэлийн бүх ажил, ЭЗЭНий өргөөн дэх үйлчлэлийн бүх эд хэрэглэл
15|8786043|9002574|мөн бүх төрлийн үйлчлэлд хэрэглэх алтан сав суулгануудын алтны жин
16|9025373|9222059|бүх төрлийн үйлчлэлд хэрэглэх мөнгөн сав суулгануудын мөнгөний жин
17|9243756|9631175|бас алтан дэнлүүний суурь болон тэдгээрийн алтан дэнлүүнүүдэд зориулан дэнлүүний суурь болон дэнлүү бүрийн алтны жин
18|9661031|10763575|мөнгөн дэнлүүний сууринд буюу дэнлүүний суурь болон дэнлүү бүрд мөнгөний жинг дэнлүүний сууриудын зориулалтын дагуу  мөн тавиг талхны ширээнүүдэд зориулан ширээ бүрийн алтны жин болон мөнгөн ширээнүүдэд зориулан мөнгөн,  бас шижир алтан сэрээ, тогоо, гүц мөн алтан аягануудад, аяга бүрийн жин болон мөнгөн аяга бүрд зориулан тусбүрийн жин
19|10802691|10962333|мөн утлагат тахилын ширээнд тунгаамал алтны жин
20|10989587|11300625|далавчаа дэлгэн ЭЗЭНий гэрээний авдрыг бүрхдэг херубуудтэй тэрэгний загварын алт зэргийн загварыг өгчээ.
21|11347062|11389662|Давид
22|11427147|11737259|Дээрх зүйлс буюу энэ бүх загварыг ЭЗЭН мутрын бичгээрээ надад ойлгуулан зааж өгсөн юм гэв.
23|11767423|11881642|Тэгээд Давид өөрийн хүү Соломонд
24|11902193|12044062|Тууштай бөгөөд зоригтой байж, үйлдэгтүн.
25|12070566|12322422|Миний Бурхан, ЭЗЭН Бурхан чамтай хамт байгаа тул бүү ай, бүү шантар.
26|12342752|12636325|ЭЗЭНий өргөөний үйлчлэлд зориулсан бүх ажил дуусах хүртэл Тэр чамайг орхихгүй, чамайг хөсөр хаяхгүй.
27|12658552|13496231|Бурханы өргөөний бүх үйлчлэлд зориулан тахилчид ба левичүүдийн хэсгүүд энд байна. Мөн аливаа ажилд чадварлаг сайн дурын урчууд бүх төрлийн үйлчлэлд чамтай хамт байна. Бас захирагчид болон бүх ард түмэн чиний тушаалыг дагахад бэлэн байна гэв.
