verse|start|end|sentence
1|93712|163478|арван дөрөвдүгээр бүлэг
2|184823|285238|Иерусалимд Давид бэхжив
3|332999|705335|Тирийн хаан Хирамаас Давидад элч нарыг хуш мод, мужаан, чулуучдын хамт түүнд зориулан гэр бариулахаар илгээв.
4|746127|1166180|ЭЗЭН өөрийг нь Израилийн хаанаар өргөмжлөн Түүний ард түмэн Израилийн тусын тулд хаанчлалыг нь өндөрт өргөснийг Давид ухааран ойлгожээ.
5|1202651|2151330|Тэгээд Давид Иерусалимд өөр олон эхнэр авч, тэр бүр ч олон хөвгүүд, охид төрүүлэв.  Иерусалимд түүнд төрсөн хүүхдүүдийн нэрс нь Шаммуа, Шобаб, Натан, Соломон,  Ибхар, Елишуа, Елпелет,  Нога, Нефег, Иафиа, Елишама, Беелиада, Елифелет нар юм.
6|2171219|2256508|Филистчүүдийг ялав
7|2283057|2635063|Давид хамаг Израилийн хаанаар тослогдсон гэдгийг филистчүүд сонсоод, филистчүүд бүгдээрээ Давидыг хайж ирэв.
8|2657642|2767583|Давид үүнийг сонсоод тэдний эсрэг хөдлөв.
9|2810228|2988921|Филистчүүд хүрч ирээд Рефаимын хөндийг цөлмөж тонов.
10|3014499|3092821|Тэгэхэд Давид, Бурханаас
11|3113768|3216389|Филистчүүдийн эсрэг би хөдлөх үү
12|3251140|3423350|Та миний гарт тэднийг тушаах уу гэж лавлан асуухад ЭЗЭН, Давидад
13|3444959|3681864|Явагтун Филистчүүдийг чиний гарт Би заавал тушаана гэж айлдав.
14|3710574|3949331|Тиймээс тэрээр Баал-перазимд ирж, тэнд тэднийг хиаруулав. Давид
15|3981392|4646596|Миний гараар Бурхан, дайснуудыг минь үерийн ус мэт зад татлаа гэв. Тиймээс тэр газар Баал-перазим гэж нэрлэгджээ.  Тэд өөрсдийн бурхдаа тэнд орхин зугтаасанд Давид тушаал өгч тэднийг галд шатаав.
16|4666882|4845355|Филистчүүд дахин ирээд мөнөөх хөндийд дээрэм тонуул хийв.
17|4875387|5114497|Давид дахин Бурханаас лавлахад Бурхан түүнд Чи тэдний явж очиж болохгүй.
18|5138487|5521099|Тэдний араар тойрч, ялам модны төглийн өмнө тэднийг дайр.
19|5543546|6171971|Учир нь Бурхан филистчүүдийн цэргийг цохихоор чиний өмнө гарсан байна гэлээ.  Давид, өөрт нь Бурханы тушаасан ёсоор үйлдэж, тэд Гибеоноос Гезерийг хүртэл Филистийн цэргийг бут цохив.
20|6197196|6394455|Ингээд Давидын алдар нэр бүх нутагт түгэн тархжээ.
21|6424002|6655748|ЭЗЭН бүх үндэстний дээр Давидаас эмээх айдсыг авчрав.
