verse|start|end|sentence
1|89082|163611|арвандолоодугаар бүлэг
2|215516|336483|Давидтай хийсэн ЭЗЭНий гэрээ
3|384066|570565|Давид өргөөндөө тухлан амьдарч байх үедээ эш үзүүлэгч Натанд
4|592218|618105|Хараач
5|639979|918999|би хуш модон өргөөнд заларч байхад ЭЗЭНий гэрээний авдар майхны хөшгөн доор байна гэв.
6|941579|1258614|Натан, Давидад Зүрх сэтгэлдээ байгаа бүхнээ үйлдэгтүн. Учир нь Бурхан тантай хамт байна гэв.
7|1281105|1570445|Гэтэл тэр шөнө Бурханы үг Натанд ирж Яв, Миний зарц Давидад хэлэгтүн.
8|1600697|1658248|ЭЗЭН айлдахдаа
9|1685942|1815376|Миний оршин суух өргөөг чи барихгүй.
10|1839058|2311766|Учир нь Би Израилийн хөвгүүдийг гаргасан өдрөөс хойш энэ өдрийг хүртэл өргөөнд заларсангүй, харин Би майхан ба асарт аялж байв.
11|2347884|2757132|Би Израилийн хамт хэрэн нүүж байх бүх хугацаандаа ард түмнээ хариулуулахаар тушаан зааварласан Израилийн шүүгч нарын хэн нэгэнд нь
12|2791309|3926399|Яагаад чи Надад хуш модоор өргөө барьсангүй вэ хэмээн хэлсэн гэж үү Тиймээс одоо чи Миний зарц Давидад ингэж хэл. Түг түмдийн ЭЗЭН «Өөрийн ард түмэн Израилийн удирдагч болгохын тулд Би Өөрөө чамайг бэлчээр дээрээс, хонин сүргийн араас авсан.  Чамайг хаашаа ч явсан Би чамтай хамт байсаар, чиний өмнөөс хамаг дайсныг чинь устгаж байсан.
13|3955505|5027576|Би чамд газар дээрх агуу хүмүүсийн нэрийн адил нэрийг өгнө.  Би Өөрийн ард түмэн Израильд газар нутаг тогтоож, тэднийг тэнд суулгана. Ингэснээр тэд өөрсдийн орон нутагтаа амьдарч дахин эс түйвээлгэнэ. Ард түмэн Израилийнхаа дээр шүүгчдийг томилсон урьдын цагийнх шиг мууг үйлдэгч хүмүүс тэднийг дахин зовоохоо болино.
14|5054874|5170945|Би хамаг дайсныг чинь номхруулна.
15|5203755|5282298|Түүнчлэн Би чамд мэдүүлье.
16|5316784|5424079|ЭЗЭН чамд нэгэн гэр барьж өгнө.
17|5462049|6061192|Чиний өдрүүд гүйцэж чи эцэг өвгөддөө одох үед Би чиний үрийг, хөвгүүдийн чинь нэгийг чиний дараа босгож түүний хаанчлалыг бэхжүүлнэ.  Надад тэрээр өргөө барина.
18|6085138|6738083|Би түүний сэнтийг мөнхөд тогтооно.  Би түүний эцэг болж, тэр Миний хүү болно. Би чиний өмнө байсан нэгнээс авсныхаа адилаар эс байж, Өөрийн хайр энэрлийг түүнээс салгахгүй.
19|6759912|7440904|Тэгээд Би түүнийг Өөрийн өргөө, Өөрийн хаанчлалд мөнхөд суулган, түүний хаан ширээ мөнхөд тогтоно» гэв. Натан эдгээр бүх үг ба үзэгдлийн дагуу Давидад айлтгалаа.
20|7467012|7556490|Давидын залбирал
21|7586170|7722439|Тэгээд Давид хаан явж, ЭЗЭНий өмнө суугаад
22|7749957|7794013|ЭЗЭН Бурхан минь
23|7815402|8078679|би хэн болоод, миний гэр юу болоод Та намайг энэ хүртэл авчирсан юм бэ
24|8102757|8306014| Гэлээ ч энэ нь Таны мэлмийд өчүүхэн зүйл байсан, Бурхан минь.
25|8333224|8737356|Та зарцынхаа гэрийн алс ирээдүйн тухай агуу зүйлийг айлдлаа. Эрхэм дээд хүний хэмжүүрээр Та надад хандлаа, ЭЗЭН Бурхан минь.
26|8771578|9032562|Таны зарцдаа өгсөн хүндлэлийн талаар Давид үүнээс өөр Танд юу хэлэх вэ
27|9064887|9194629|Та Өөрийн зарцыг мэддэг билээ.
28|9231232|9672276|Өө, ЭЗЭН минь Та зарцынхаа төлөө энэ бүх агуу зүйлийг ухааруулан Та зүрх сэтгэлийнхээ дагуу энэ бүх агуу үйлийг хийжээ.
29|9706718|10116143|Өө, ЭЗЭН минь, бидний чихээрээ сонссон бүхний дагуу Тантай адил хэн ч үгүй бөгөөд Танаас өөр Бурхан байхгүй билээ.
30|10157420|10299863|Таны ард түмэн Израильтай хэн адил вэ
32|12789441|13492924|Бурхан минь ээ, Та зарцдаа гэрийг барьж өгнө гэдгээ илчилсэн тул зарц тань Таны өмнө залбирах боломжийг олсон билээ.  ЭЗЭН, Та Бурхан бөгөөд Та энэхүү сайныг Өөрийнхөө зарцад амласан билээ.
33|13514445|13908787|Тэгэхээр зарцынхаа гэрийг Өөрийнхөө өмнө мөнхөд байлгахын тулд одоо түүнийг ерөөх нь Таны таалалд нийцэг.
34|13933130|14201258|Учир нь ЭЗЭН минь, Та ерөөсөн агаад тэр нь мөнхийн ерөөл болсон билээ
35|14221544|14248357|гэв.
