verse|start|end|sentence
1|92477|162861|зургаадугаар бүлэг
2|214326|290398|Левийн үр удам
3|346890|514867|Левийн хөвгүүд нь Гершон, Кохат, Мерари билээ.
4|556321|1150128|Кохатын хөвгүүд нь Амрам, Изхар, Хеброн, Уззиел нар билээ.  Амрамын хүүхдүүд нь Аарон, Мосе, Мириам билээ. Аароны хөвгүүд нь Надаб, Абиху, Елеазар, Итамар нар билээ.
5|1176279|1356692|Елеазар нь Финехасыг, Финехас нь Абишуаг төрүүлжээ.
6|1379889|1540501|Абишуа нь Буккийг, Букки нь Уззийг төрүүлжээ.
7|1565329|2401024|Уззи нь Зерахиагийн, Зерахиа нь Мераиотын эцэг болж,  Мераиот нь Амариаг, Амариа нь Ахитубыг төрүүлжээ.  Ахитуб нь Задокийг, Задок нь Ахимаазын эцэг болж,  Ахимааз нь Азариагийн, Азариа нь Иохананы эцэг болов.  Иоханан нь Азариаг төрүүлжээ.
8|2469467|3640058|Иерусалимд Соломоны барьсан сүмд Азариа тахилчийн үйлчлэлд байв. Азариа Амариагийн, Амариа нь Ахитубын эцэг болж, Ахитуб Задокийг, Задок нь Шаллумыг төрүүлжээ.  Шаллум Хилкиаг, Хилкиа нь Азариаг,  Азариа нь Сераиаг, Сераиа нь Иехозадакийг төрүүлжээ.  ЭЗЭН Небухаднезараар дамжуулан Иуда, Иерусалимыг цөлөхөд Иехозадак ч мөн явсан юм.
9|3668855|3840007|Левийн хөвгүүд нь Гершом, Кохат, Мерари нар юм.
10|3863821|3996297|Гершомын хөвгүүдийн нэрс нь Либни, Шимеи юм.
11|4048953|4235584|Кохатын хөвгүүд нь Амрам, Изхар, Хеброн, Уззиел билээ.
12|4265352|4380012|Мерарийн хөвгүүд нь Махли, Муши юм.
13|4425258|5185366|Эцгүүдийнх нь бүлийн дагуу левичүүдийн гэрүүд эд нар юм.  Гершомынх нь Либни бөгөөд түүний хүү нь Иахат, түүний хүү нь Зимма,  түүний хүү нь Иоа, түүний хүү нь Иддо, түүний хүү нь Зера, түүний хүү нь Иеатераи билээ.
14|5212928|5940931|Кохатын хүү нь Амминадаб, түүний хүү нь Кора, түүний хүү нь Ассир,  түүний хүү нь Елкана, түүний хүү нь Ебиасаф, түүний хүү нь Ассир,  түүний хүү нь Тахат, түүний хүү нь Уриел, түүний хүү нь Уззиа, түүний хүү нь Шаул билээ.
15|5964039|6504661|Елканагийн хөвгүүд нь Амасаи, Ахимот, Елканагийн хувьд түүний хүү нь Зофаи, түүний хүү нь Нахат,  түүний хүү нь Елиаб, түүний хүү нь Иерохам, түүний хүү нь Елкана юм.
16|6531298|6756781|Самуелын хөвгүүдийн ууган нь Иоел, удаах нь Абиа байв.
17|6779978|7409108|Мерарийн хүү нь Махли, түүний хүү нь Либни, түүний хүү нь Шимеи, түүний хүү нь Узза,  түүний хүү нь Шимеа, түүний хүү нь Хаггиа, түүний хүү нь Асаиа билээ. Давидын сонгосон хөгжимчид
18|7473671|7768523|Эдгээр нь авдрыг байрлуулсны дараа ЭЗЭНий өргөөнөө дууны үйлчлэлд Давидын томилсон хүмүүс бөгөөд
19|7800937|8141565|Соломон, Иерусалимд ЭЗЭНий сүмийг барих үе хүртэл тэд уулзалтын майхан асрын өмнө дуулах ажлыг хийж байв.
20|8187209|8501642|Тэд өөрсдийн хэргэмийн дагуу үүргээ гүйцэтгэжээ.  Өөрсдийн хөвгүүдийн хамт үйлчлэгчид нь дараах билээ.
21|8545080|9280271|Кохатчуудын хөвгүүдээс хүү Хеман нь дуучин бөгөөд тэрээр Иоелын хүү юм. Иоел нь Самуелын хүү, Самуел нь Елканагийн хүү, Елкана нь Иерохамын хүү, Иерохам нь Елиелийн хүү, Елиел нь Тоагийн хүү билээ.
24|13560397|13822704|Тэдний хамаатан левичүүд нь Бурханы гэрийн асар дахь бүх үйлчлэлд томилогдсон ажээ.
26|15851524|16264476|Анхны шавга тэднийх байсан тул Кохатын ургийн Аароны хөвгүүдэд  тэд Иудагийн нутаг дахь Хеброныг ойр орчмын бэлчээртэй нь өгөв.
27|16305093|16565238|Харин тэр хотын тариан талбай, тосгодыг нь Иефуннегийн хүү Калебт тэд өгчээ.
28|16588611|16745607|Аароны хөвгүүдэд дараах хоргодох хотуудыг өгсөн юм.
29|16788429|17045708|Хеброн, Либнаг бэлчээрийнх нь хамт, Иаттир, Ештемоаг бэлчээртэй нь
30|17065950|17288655|Хиленийг бэлчээртэй нь, Дебирийг бэлчээртэй нь,  Ашаныг бэлчээртэй нь
31|17310793|17383558|Бетшемешийг бэлчээртэй нь
32|17403491|17538834|мөн Бениамины овгоос Гебаг бэлчээртэй нь
33|17568161|17763700|Алеметыг бэлчээртэй нь, Анатотыг бэлчээртэй нь өгөв.
34|17792718|18362710|Тэдний өрхүүдэд ногдсон хотууд нь бүгд арван гурав байв.  Дараа нь Кохатын хөвгүүдийн үлдсэн нь Манассегийн тал болох хагас овгоос буюу овгийн өрхүүдээс арван хотыг шодож авав.
35|18401695|18612360|Гершомын хөвгүүд ургуудынхаа дагуу арван гурван хотыг Иссахар овгоос, Ашер овгоос
36|18636704|19215693|Нафтали овгоос мөн Башан дахь Манассегийн овгоос авсан юм.  Мерарийн хөвгүүд ургуудынхаа дагуу шодож Реубен овог, Гад овог, Зебулуны овгоос арван хоёр хотыг авав.
37|19245195|19461285|Ийнхүү Израилийн хөвгүүд нь левичүүдэд хотуудыг бэлчээртэй нь өгчээ.
38|19485099|20160711|Тэд шодоод Иудагийн хөвгүүдийн овгоос, Симеоны хөвгүүдийн овгоос, Бениамины хөвгүүдийн овгоос дээр нэр дурдагдсан хотуудыг өгчээ.  Кохатын хөвгүүдийн өрхийн зарим нь Ефраимын овгоос авсан өөрийн газар нутгийн хотуудтай байв.
39|20191405|20538913|Тэдэнд мөн дараах хоргодох хотуудыг өгсөн юм. Эдгээрт нь Ефраимын уулархаг нутаг дахь Шехем бэлчээрийнхээ хамт
40|20567578|21443580|мөн Гезер бэлчээрийнхээ хамт,  Иокмеам бэлчээрийнхээ хамт, Бетхорон бэлчээрийнхээ хамт, Аиалон бэлчээрийнхээ хамт, Гатриммон бэлчээрийнхээ хамт оржээ.  Кохатын хөвгүүдийн ургуудын үлдсэнд нь Манассегийн хагас овгоос Анерыг бэлчээртэй нь, Билеамыг бэлчээртэй нь өгөв.
41|21479390|22725303|Гершомын хөвгүүдэд Манассегийн хагас овгийн өрхүүдээс Башаны Голаныг бэлчээртэй нь, Аштаротыг бэлчээртэй нь, Иссахар овгоос Кедешийг бэлчээртэй нь, Дабератыг бэлчээртэй нь, Рамотыг бэлчээртэй нь, Анемыг бэлчээртэй нь, Ашерын овгоос Машалыг бэлчээртэй нь, Абдоныг бэлчээртэй нь, Хукокийг бэлчээртэй нь, Рехобыг бэлчээртэй нь, Нафтали овгоос Галилын Кедешийг бэлчээртэй нь
42|22749249|23684610|Хаммоныг бэлчээртэй нь, Кириатаимыг бэлчээртэй нь өгөв.  Левичүүдийн үлдсэнд нь буюу Мерарийн хөвгүүдэд Зебулуны овгоос Риммоног бэлчээртэй нь хамт, Таборыг бэлчээртэй нь,  мөн Иерихогоос Иорданы чанад буюу Иорданы зүүн тал дахь Реубен овгоос цөл дэх Безерийг бэлчээртэй нь
43|23707542|24378524|Иахзаг бэлчээртэй нь,  Кедемотыг бэлчээртэй нь, Мефаатыг бэлчээртэй нь мөн  Гад овгоос Гилеадын Рамотыг бэлчээртэй нь, Маханаимыг бэлчээртэй нь,  Хешбоныг бэлчээртэй нь, Иазерыг бэлчээртэй нь өгчээ.
