verse|start|end|sentence
1|86083|161935|хориннэгдүгээр бүлэг
2|220941|303981|Тооллого ба тахал
3|355005|656472|Дараа нь Сатан , Израилийн эсрэг зогсоод, Израилийн хүн амыг тоолуулахаар Давидыг турхирав.
4|681874|830976|Тиймээс Давид, цэргийн жанжингууд ба Иоабт
5|859553|1215307|Явж, Беершебагаас Дан хүртэлх израильчуудыг тоолж, мэдээг надад авчирвал би тэдний тоог мэдэх болно гэв.
6|1240268|1266199|Иоаб
7|1297113|1665039|ЭЗЭН ард олноо зуу дахин өсгөх болтугай! Харин хаан эзэн минь, тэд чинь бүгдээрээ эзний минь зарц нар бус уу
8|1693395|1819698|Яагаад миний эзэн ийм зүйл шаардана вэ
9|1848275|2023263|Юунд та Израильд ял авчрах ёстой билээ гэв.
10|2049591|2203103|Гэсэн ч хааны үг Иоабыг дийлэв.
11|2229210|2305636|Тиймээс Иоаб хөдлөн
12|2331478|2467086|Израиль даяар яваад Иерусалимд эргэж ирэв.
13|2501307|2682294|Иоаб бүх ард түмний тооллогын дүнг Давидад өгчээ.
14|2711664|3186533|Бүх Израильд илд агсагч эрчүүд нэг сая нэг зуун мянга байсан ба Иудагийн илд агсагч эрчүүд дөрвөн зуун далан мянга байв.
16|4618857|5081069|Би чамд гурван зүйл тавих болно. Эдгээрээс чи нэгийг нь сонго. Тэгвэл үүнийг Би чамд үйлдэх болно хэмээн ЭЗЭН айлдав гэж хэл гэв.
17|5110440|5283665|Гад, Давид уруу ирж, түүнд ЭЗЭН ийн айлдав.
18|5304436|6242090|Өөртөө сонгогтун. Гурван жил өлсгөлөн болох эсвэл өстний чинь илд чиний дээр байх зуур гурван сарын турш дайснаасаа зугтаан явах эсвэл ЭЗЭНий илд болох тахлыг энэ газарт гурван өдрийн турш буулган ЭЗЭНий тэнгэрэлч Израилийн бүх нутаг даяар устган үхүүлэхийн аль нэгийг
19|6264713|6525036|гэв. Тиймээс одоо намайг илгээсэн Түүнд би ямар хариутай буцахыг шийдэгтүн гэв.
20|6556920|6917570|Давид, Гадад Би ихэд шаналж байна. Гэвч ЭЗЭНий өршөөл агуу их учраас өөрийгөө Түүний мутарт даатгая.
21|6941207|7402626|Харин намайг хүний гарт бүү оруулаач гэв.  Ингээд ЭЗЭН Израиль дээр өвчин тахал тарааж, Израилийн далан мянган хүн үхэв.
22|7456207|7696905|Мөн Иерусалимыг сүйтгэхээр Бурхан тийшээ тэнгэрэлчээ илгээв.
23|7726496|8062847|Гэвч сүйтгэхэд бэлэн байх үед нь ЭЗЭН хараад, гамшгийн тухайд зөөлөрч, сүйрүүлэгч тэнгэрэлчид
24|8103771|8255784|Хангалттай. Одоо гараа буулга гэв.
25|8278143|8496438|ЭЗЭНий тэнгэрэлч, иебус хүн Орнаны үтрэмийн дэргэд зогсож байлаа.
26|8562235|9002485|Давид нүд өргөн, тэнгэр ба газрын хооронд зогсож буй, гартаа илдээ барин Иерусалимын дээгүүр сунгасан ЭЗЭНий тэнгэрэлчийг үзэв.
27|9032870|9345583|Тэгээд таар нөмөрсөн Давид болон ахмадууд нүүрээрээ газар унацгаав.  Давид, Бурханд
28|9395549|9907197|Ард түмнийг тоолох тушаалыг гаргасан нь би биш гэж үү Үнэхээр нүгэл үйлдэж, маш их ёрын мууг хийсэн нь би болохоос энэ хонин сүрэг чухам юу үйлдсэн юм бэ
29|9939610|10013742|Өө, миний Бурхан ЭЗЭН
30|10069926|10484201|Таны мутар тахалд нэрвэгдсэн ард түмэн дээр бус, харин миний эсрэг болон миний эцгийн гэрийн эсрэг байгаач гэж залбирч байна гэв.
31|10508809|10593481|Давидын тахилга
32|10623734|11095119|Тэгтэл дээшээ явж, иебус хүн Орнаны үтрэм дээр ЭЗЭНд тахилын ширээ босгохыг Давидад дамжуулан хэлэхийг ЭЗЭНий тэнгэрэлч, Гадад тушаав.
33|11127664|11286116|ЭЗЭНий нэрээр ярьсан Гадын үгийг дагаж Давид явлаа.
34|11324924|11620085|Орнан хойш эргэж, тэнгэрэлчийг харсан бөгөөд түүнтэй хамт байсан дөрвөн хүү нь нуугджээ.
35|11671197|12264915|Тэгэхэд Орнан буудай цайруулж байв.  Давид Орнан уруу дөхөн ирэхэд Орнан, Давидыг хараад үтрэмээсээ гарч ирэн Давидын өмнө нүүрээ газарт хүргэн мөргөв.Тэгээд Давид, Орнанд
36|12287450|12526031|Энэ үтрэмийн газраа надад өгөөч! Би энд ЭЗЭНд тахилын ширээ босгох гэсэн юм.
37|12550507|12938895|Ард олноос тахлыг холдуулахын тулд чи үүнийг надад бүтэн үнээр нь өгөөч гэв.  Орнан, Давидад Үүнийг та өөртөө ав.
38|12969721|13192250|Миний эзэн хаан нүдэнд тань тааламжтай гэснээ болгоогтун. Хар даа
39|13220694|13545491|би шатаалт тахилд зориулан үхэр, түлээнд тариа цайруулагч тэрэг, идээн өргөлд зориулан буудайг өгье.
40|13566659|13652257|Би энэ бүгдийг өгье гэв.
41|13687625|13818293|Гэвч Давид хаан, Орнанд Үгүй
42|13839065|14304761|би энэ бүгдийг чамаас бүтэн үнээр худалдаж авна. ЭЗЭНд зориулан чиний юмыг авахгүй, төлөөс төлбөргүй зүйлээр ч шатаалт тахил өргөхгүй гэв.
43|14348243|14576505|Тэгээд Давид газрын үнэнд зургаан зуун шекел жинтэй алтыг Орнанд өгөв.
44|14610726|14916384|Тэгээд Давид тэнд ЭЗЭНд тахилын ширээ босгож, шатаалт тахил ба эвийн тахилуудыг өргөв.
45|14964673|15035101|Тэр, ЭЗЭНийг дуудсанд
46|15055078|15295688|Тэрээр шатаалт тахилын ширээн дээр тэнгэрээс гал буулган түүнд хариулав.
47|15329468|15557157|ЭЗЭН, тэнгэрэлчид тушаасанд тэр илдээ хуйнд нь буцааж хийлээ.
48|15596538|15732189|ЭЗЭНий өргөөнд зориулан сонгосон газар
49|15766720|16078418|Тэр үед иебус хүн Орнаны үтрэм дээр ЭЗЭН өөрт нь хариулахыг Давид хараад тэнд тахил өргөв.
50|16110479|16503807|Учир нь цөлд Мосегийн хийсэн ЭЗЭНий асар болон шатаалт тахилын ширээ тэр үед Гибеон дахь мөргөлийн өндөрлөг дээр байсан билээ.
51|16529209|16711518|Харин Давид, ЭЗЭНий тэнгэрэлчийн илднээс айж байсан тул
52|16735861|16912746|Бурханы хүслийг мэдэхээр түүний өмнө очиж чадсангүй.
