verse|start|end|sentence
1|90449|166918|арвантавдугаар бүлэг
2|196553|321841|ЭЗЭНий авдрыг Иерусалимд авчрав
3|387286|577489|Давид өөртөө зориулан Давидын хотод өргөөнүүд бариулав.
4|605448|1066558|Бас тэрээр Бурханы авдарт зориулан газар бэлтгэж, түүнд асар босгов. Тэгээд Давид Бурханы авдрыг левичүүдээс өөр хэн ч өргөн зөөж болохгүй.
5|1089931|1749711|Учир нь Бурханы авдрыг зөөлгөж, Өөртөө үүрд мөнхөд үйлчлүүлэхээр ЭЗЭН тэднийг сонгосон билээ гэв. Давид өөрийн бэлтгэсэн газарт ЭЗЭНий авдрыг авчруулахаар бүх Израилийг Иерусалимд цуглуулав.
6|1778420|1959936|Аароны хөвгүүд болон левичүүдийг Давид хамтад нь цуглуулжээ.
7|1988028|2529311|Кохатын хөвгүүдээс захирагч Уриел болон түүний ах дүүс болох зуун хорин хүн,  Мерарийн хөвгүүдээс захирагч Асаиа болон түүний ах дүүс болох хоёр зуун хорин хүн
10|9592146|9870065|Учир нь тэрээр үүнийг ойлгодог байв.  Берехиа, Елкана нар авдрын хаалгачид байв.
11|9924969|10515645|
13|11998022|12499218|Ингээд бүх Израиль уухайлан, эвэр бүрээ болон бүрээ үлээж, цан хөгжим цохин мөн босоо ятга ба ятгууд эгшиглүүлсээр ЭЗЭНий гэрээний авдрыг авч иржээ.
14|12542745|13202878|Тэгтэл ЭЗЭНий гэрээний авдар Давидын хотод орж ирэх үед Саулын охин Михал цонхоор харж, Давид хааныг ЭЗЭНий өмнө цовхчин бүжиглэхийг хараад зүрх сэтгэлдээ түүнийг басамжлав.
