verse|start|end|sentence
1|83040|168417|хориндөрөвдүгээр бүлэг
2|207666|291897|Тахилчдын хэсгүүд
3|341025|626175|Аароны хөвгүүдийн хэсгүүд Аароны хөвгүүд нь Надаб, Абиху, Елеазар, Итамар нар байв.
4|663087|1802146|Гэвч Надаб, Абиху нар эцгээсээ өмнө өөд болсон ба тэд хөвгүүдгүй байв. Тиймээс Елеазар, Итамар нар тахилчид болов.  Давид тэднийг Елеазарын удмын Задок, Итамарын удмын Ахимелех нарын хамт хариуцаж буй албын дагуу үйлчлэлд нь хуваажээ.Елеазарын удмынханд Итамарын удмынхнаас илүү олон тэргүүн эр байсан тул тэднийг тийнхүү хуваарилав.
5|1832531|2536411|Елеазарын удмынхны эцгийн гэрт арван зургаан тэргүүн, Итамарын удмынхны эцгийн гэрт найман тэргүүн байв.  Бурханы өмнө, ариун газарт Итамарын хөвгүүд болон Елеазарын хөвгүүд тэргүүн байсан учир тэднийг шавгаар тус тус хуваав.
6|2579453|3202983|Левичүүдээс гаралтай Нетанелын хүү, гүүш Шемаиа тэднийг хаан, ноёд, тахилч Задок, Абиатарын хүү Ахимелех, тахилч болон левичүүдийн эцгийн бүлийн тэргүүнүүдийн өмнө тэмдэглэсэн билээ.
8|6308813|6384224|Бусад левичүүд
9|6420607|6925199|Левийн бусад хөвгүүд нь Амрамын хөвгүүдээс Шубаел, Шубаелын хөвгүүдээс Иедеиа байв.  Рехабиагаас Рехабиагийн хөвгүүдээс Ишшиа ууган нь болой.
10|6949410|7148874|Изхарчуудаас Шеломот, Шеломотын хөвгүүдээс Иахат байв.
12|9293722|10004349|Эд ч бас Давид хаан, Задок, Ахимелех, тахилч болон левичүүдийн эцгийн бүлийн тэргүүнүүдийн өмнө өөрсдийн ах дүүс, Аароны хөвгүүдийн нэгэн адил буюу эцгийн бүлийн тэргүүн ч бай, дүү нь ч бай бүгд адил шавга хаяжээ.
