verse|start|end|sentence
1|92918|291192|гуравдугаар бүлэг Давидын удам ба Соломон
2|321621|646726|Хебронд Давидад төрсөн хөвгүүдийг тоочвол, ууган хүү нь иезреел эмэгтэй Ахиноамаас төрсөн Амнон
3|669393|841163|удаах хүү нь кармел эмэгтэй Абигаилаас төрсөн Даниел
4|869519|1410053|гурав дахь хүү нь Гешурын хаан Талмаин охин Маахагаас төрсөн Абсалом, дөрөв дэх хүү нь Хаггитаас төрсөн Адониа,  тав дахь хүү нь Абиталаас төрсөн Шефатиа
5|1438321|1641754|зургаа дахь хүү нь Давидын эхнэр Еглагаас төрсөн Итреам юм.
6|1667994|1837602|Энэ зургаа нь Давидыг Хебронд байхад төрсөн хөвгүүд билээ.
7|1875925|2189741|Давид тэнд долоон жил зургаан сар хаанчилсан агаад Иерусалимд гучин гурван жил хаанчлав.
8|2221096|3271955|Иерусалимд түүнд төрсөн хөвгүүдийг тоочвоос Шимеа, Шобаб, Натан, Соломон, дөрвүүлээ Аммиелын охин Батшуагаас төрсөн байв. Ибхар, Елишама, Елифелет, Нога, Нефег, Иафиа, Елишама, Елиада, Елифелет энэ ес ч  мөн бүгдээрээ Давидын хөвгүүд бөгөөд тэдний эгч нь Тамар байв.
9|3292682|3419469|Үүнд татвар эмсийн хөвгүүд орсонгүй.
