verse|start|end|sentence
1|88773|166609|хориндолоодугаар бүлэг
2|207799|286694|Бүлгийн хуваарилалт
3|319901|977256|Израилийн хөвгүүд тоо ёсоороо буюу эцгийн бүлийн тэргүүнүүд, мянгат, зуутын дарга нар болон хэсэг бүрийн хамаг хэрэгт хаандаа үйлчилдэг, жилийн бүх сард, сар сараар ээлжлэн ирээд явдаг түшмэд энэ болой.
4|1017739|1484714|Хэсэг тусбүр хорин дөрвөн мянган хүнтэй байлаа. Нэгдүгээр сард алба хаах нэгдүгээр хэсгийг Забдиелийн хүү Иашобеам захирдаг байв.
5|1507514|1612031|Түүний хэсэгт хорин дөрвөн мянган хүн байв.
6|1634301|1919761|Тэрээр Перезийн хөвгүүдээс гаралтай бөгөөд нэгдүгээр сарын хувьд цэргийн бүх дарга нарын тэргүүн байв.
7|1949131|2481859|Хоёрдугаар сард алба хаах хэсгийг ахо хүн Додаи хариуцаж байв. Түүний хэсэгт бас ахлагч Миклот байсан бөгөөд түүний хэсэг ч мөн адил хорин дөрвөн мянган хүнтэй байв.
8|2502410|2809302|Гуравдугаар сард цэргийн гурав дахь, тэргүүн жанжин нь тахилч Иехоиадагийн хүү Бенаиа байлаа.
9|2843568|2943410|Түүний хэсэгт хорин дөрвөн мянган хүн байв.
10|2968591|3364785|Энэ Бенаиа нь гучин хүчит эрийн нэгэн бөгөөд уг гучийг захирдаг байв. Түүний хэсэгт түүний хүү Аммизабад байжээ.
11|3406416|3881726|Дөрөвдүгээр сард алба хаах дөрөв дэх нь Иоабын дүү Асахел болон удаах нь түүний хүү Зебадиа байлаа. Түүний хэсэгт хорин дөрвөн мянган хүн байв.
12|3905055|4238318|Тавдугаар сард алба хаах тав дахь жанжин нь Изра хүн Шамхут байв. Түүний хэсэгт хорин дөрвөн мянган хүн байлаа.
13|4294105|4713849|Зургадугаар сард алба хаах зургаа дахь нь Текоагийн хүн Иккешийн хүү Ира байлаа. Түүний хэсэгт хорин дөрвөн мянган хүн байв.
14|4736736|5045569|Долдугаар сард алба хаах долоо дахь нь Ефраимын хөвгүүдээс гаралтай пелон хүн Хелез байв.
15|5077144|5174561|Түүний хэсэгт хорин дөрвөн мянган хүн байжээ.
16|5196258|5502048|Наймдугаар сард алба хаах найм дахь нь зерачуудаас гаралтай хуша хүн Сиббекаи байлаа.
17|5522819|6379461|Түүний хэсэгт хорин дөрвөн мянган хүн байв.  Есдүгээр сард алба хаах ес дэх нь бениаминчуудаас гаралтай анатот хүн Абиезер байв. Түүний хэсэгт хорин дөрвөн мянган хүн байлаа.Аравдугаар сард алба хаах арав дахь нь зерачуудаас гаралтай нетофат хүн Махараи байв.
18|6419328|6526623|Түүний хэсэгт хорин дөрвөн мянган хүн байжээ.
19|6554186|6891021|Арван нэгдүгээр сард алба хаах арван нэг дэх нь Ефраимын хөвгүүдээс гаралтай пиратон хүн Бенаиа байлаа.
20|6923303|7025262|Түүний хэсэгт хорин дөрвөн мянган хүн байв.
21|7053618|7512920|Арван хоёрдугаар сард алба хаах арван хоёр дахь нь Отниелын нетофат хүн Хелдаи байв. Түүний хэсэгт хорин дөрвөн мянган хүн байжээ.
22|7566016|7649321|Овгуудын ноёд
23|7703608|7945144|Израилийн овгуудыг ахлахаар реубенчүүдэд Зихрийн хүү Елиезер
24|7968120|8102316|симеончуудад Маакагийн хүү Шефатиа
25|8126527|8949521|левичүүдэд Кемуелийн хүү Хашабиа, Ааронд Задок,  Иудад Давидын ах нараас Елиху, Иссахарт Михаелын хүү Омри,  Зебулунд Обадиагийн хүү Ишмаиа, Нафталид Азриелын хүү Иеремот
26|8974394|9131081|Ефраимын хөвгүүдэд Азазиагийн хүү Хошеа
27|9154586|10016918|Манассегийн хагас овогт Педаиагийн хүү Иоел,  Гилеад дахь Манассегийн хагаст Зехариагийн хүү Иддо, Бениаминд Абнерын хүү Иаасиел,  Данд Иерохамын хүү Азарел нар байв. Эд Израилийн овгуудын удирдагчид байлаа.
28|10108822|10553306|Харин ЭЗЭН Израилийг тэнгэрийн одод мэт өсгөн нэмэгдүүлнэ гэж айлдсан учраас Давид хорь болон түүнээс дооших насны хүмүүсийг тоолсонгүй.
29|10578178|11228212|Зеруиагийн хүү Иоаб тоолж эхэлсэн боловч үүнээс болж Бурханы уур хилэн Израиль дээр буусанд тэрээр тоолж дуусгаагүй бөгөөд тоо нь Давид хааны Шастирын тоо бүртгэлд ороогүй билээ.
30|11297802|11376918|Бусад албаныхан
31|11436012|11917275|Хааны нөөцийн санг Адиелын хүү Азмавет хариуцав. Тариан талбай, хот, тосгон, цайз дахь нөөцийн санг Уззиагийн хүү Ионатан хариуцав.
32|11980426|12160927|Газар тариалангийн талбайн ажилчдыг Келубийн хүү Езри хариуцав.
33|12194708|12575247|Усан үзмийн талбайг рамат хүн Шимеи хариуцав. Усан үзмийн талбай дахь дарсны нөөцийн санг шифмит хүн Забди хариуцав.
34|12612159|12977395|Шефела дахь чидун болон ялам моддыг гедер хүн Баал-ханан хариуцав. Тосны нөөцийн агуулахыг Иоаш хариуцав.
35|13011616|13199041|Шаронд бэлчиж буй үхэр сүргийг шарон хүн Шитраи хариуцав.
36|13242259|13549680|Хөндийд байх үхэр сүргийг Адлаигийн хүү Шафат хариуцав. Тэмээг ишмаел хүн Обил
37|13574950|14090787|илжгүүдийг меронот хүн Иедеиа хариуцав.  Хонин сүргийг хагри хүн Иазиз хариуцав. Эд бүгдээрээ Давид хааных гэсэн хөрөнгөний харгалзагчид байв.
38|14117865|14445219|Бас Давидын авга ах Ионатан зөвлөгч байсан бөгөөд тэрээр ухаантай, бичиг үсэгт гарамгай хүн байв.
39|14482043|14883000|Хахмонийн хүү Иехиел нь хааны хөвгүүдийг асарч байв.  Ахитофел нь хааны зөвлөх, архе хүн Хушаи нь хааны шадар байв.
40|14928732|15161227|Ахитофелын араас Бенаиагийн хүү Иехоиада, Абиатар нар байжээ.
41|15197477|15326425|Хааны цэргийн жанжин нь Иоаб байлаа.
