verse|start|end|sentence
1|89082|169961|дөрөвдүгээр бүлэг
2|256970|346626|Иудагийн үр удам
3|423404|1570048|Иудагийн хөвгүүд нь Перез, Хезрон, Карми, Хур, Шобал билээ.  Шобалын хүү Реаиа нь Иахатыг төрүүлж, Иахат нь Лахад, Ахумаи хоёрыг төрүүлжээ. Энэ нь зоратчуудын ураг билээ.  Етамын хөвгүүд нь Иезреел, Ишма, Идбаш бөгөөд тэдний эгч нь Хаззелелпони байв.  Гедорын эцэг нь Пенуел, Хушагийн эцэг нь Езер билээ.
4|1601888|1807526|Эд Бетлехемийн эцэг Ефратагийн ууган хүү Хурын хөвгүүд юм.
5|1828033|2301049|Текоагийн эцэг Ашур нь Хела, Наара гэсэн хоёр эхнэртэй байв.  Наара түүнд Ахуззам, Хефер, Темени, Хаахаштари нарыг төрүүлж өгчээ.
6|2337211|2612660|Эд Наарагийн хөвгүүд билээ.  Хелагийн хөвгүүд нь Зерет, Изхар, Етнан нар юм.
7|2647499|2918317|Коз нь Ануб, Зобебаг төрүүлж, Харумын хүү Ахархелын ургийн эцэг болжээ.
8|2949011|4174638|Иабез өөрийн ах дүүсээс илүүгээр хүндлэгдсэн бөгөөд ээж нь түүнийг Иабез гэж нэрлэхдээ Учир нь би түүнийг зовлонтойгоор төрүүлсэн юм хэмээжээ. 10 Иабез Израилийн Бурханд хандан Өө, Та үнэхээр намайг ерөөх болтугай Хил хязгаарыг минь өргөсгөж, Таны мутар надтай хамт байж, Та намайг гай гамшиг, өвчин зовлонгоос хамгаалаач гэж хүссэн бөгөөд Бурхан түүний хүслийг гүйцэлдүүлж өгчээ.
9|4202377|4431917|Шухагийн ах Хелуб Мехирийг төрүүлжээ. Мехир Ештоны эцэг билээ.
10|4453791|5739085|Ештон нь Бетрафа, Пасеа болон Ирнахашийн эцэг Техиннаг төрүүлсэн бөгөөд энэ нь Рекагийн эрчүүд билээ.  Кеназын хөвгүүд нь Отниел, Сераиа юм. Отниелын хөвгүүд нь Хатат, Меонотаи нар.  Меонотаи Офраг төрүүлж, Сераиа Гехарашимын эцэг Иоабыг төрүүлсэн бөгөөд тэд дархчууд байсан юм.  Иефуннегийн хөвгүүн Калебын хөвгүүд нь Иру, Ела, Наам бөгөөд Елагийн хүү нь Кеназ билээ.
11|5761709|6584041|Иахаллелелын хөвгүүд нь Зиф, Зифа, Тириа, Асарел нар билээ.  Езрагийн хөвгүүд нь Иетер, Меред, Ефер, Иалон нар билээ. Эд Мередийн авсан Фараоны охин Битиагийн хөвгүүд билээ. Тэр Мириам, Шаммаи, Ештемоагийн эцэг Ишба нарыг төрүүлжээ.
12|6604107|7017192|Түүний иуда эхнэр нь Гедорын эцэг Иаред, Сокогийн эцэг Хебер, Заноагийн эцэг Иекутиел нарыг төрүүлсэн юм.
14|8807078|9120453|Эд ваарчид бөгөөд хааны албыг залгуулан хаантай хамт Нетаим, Гедерахад амьдарч байсан юм.
15|9147266|9226381|Симеоны үр удам
16|9260691|9497243|Симеоны хөвгүүд нь Немуел, Иамин, Иариб, Зера, Шаул нар билээ.
17|9520308|9798975|Түүний хүү нь Шаллум, түүний хүү нь Мибсам, түүний хүү нь Мишма билээ.  Мишмагийн хөвгүүд нь
18|9829140|10048140|Хаммуел, түүний хүү нь Заккур, түүний хүү Шимеи нар билээ.
19|10081436|10422505|Шимеи арван зургаан хүүтэй, зургаан охинтой байсан хэдий ч түүний ах дүүс нь тийм ч олон хөвгүүдтэй байсангүй.
20|10447907|10639874|Тэдний бүх ураг ч Иудагийн хөвгүүд шиг өсөж үржин олширсонгүй.
21|10684371|11269931|Тэдний суурьшсан газрууд нь Беершеба, Молада, Хазаршуал,  Билха, Езем, Толад,  Бетуел, Хорма, Зиклаг,  Бетмаркабот, Хазар-сусим, Бетбири мөн Шаараим юм.
22|11297934|12613834|Энэ хотууд нь Давидын хаанчлалыг хүртэл тэднийх байв.  Тэдний суурингууд нь Етам, Аин, Риммон, Тохен, Ашан гэх таван хот,  Баалын чанад дахь дээрх хотуудын эргэн тойрны бүх тосгон юм. Энэ нь тэдний нутагшил бөгөөд тэд өөрийн удмын бичигтэй байв.  Бас Мешобаб, Иамлех, Амазиагийн хөвгүүн нь Иоша,  Иоел болон Асиелын гуч, Сераиагийн ач, Иошибаин хүү, Иехү нар билээ.
23|12638530|13605511|Мөн Елиоенаи, Иаакоба, Иешохаиа, Асаиа, Адиел, Иесимиел, Бенаиа,  Зиза нар бөгөөд Зиза нь Шифийн хүү, Аллоны ач, Иедаиагийн гуч, Шимрийн дөч, Шемаиагийн тач билээ.  Эднийг ургийн удирдагчдын нэрсийнх нь дагуу бичсэн билээ.
24|13660416|14557057|Тэдний эцгийн бүх гэр ихэд өсөж үржив.  Тэд өөрсдийн малд бэлчээр хайн, Гедорын хоолой, бүр хөндийн зүүн тал уруу явцгаав.  Тэд уудам сайхан бэлчээр олсон бөгөөд уг газар нь өргөн уудам, аятай тухтай, амар тайван байсан ба өмнө нь тэнд хамчууд амьдарч байсан юм.
25|14598643|15247045|Нэрс нь тэмдэглэгдсэн энэ хүмүүс Иудагийн хаан Хезекиагийн өдрүүдэд ирсэн бөгөөд тэдний майхнуудыг болон тэнд байсан меуничүүдийг дайрч, хүйс тэмтрэн тэдний нутагт нь энэ өдрийг хүртэл амьдарсаар байгаа юм.
26|15268257|15364351|Тэнд малд нь бэлчээр байжээ.
27|15388827|16223419|Тэдний дундаас Симеоны хөвгүүдээс таван зуун хүн Ишийн хөвгүүд болох Пелатиа, Неариа, Рефаиа, Уззиел нарыг өөрсдийн удирдагчид болгон Сеир уул уруу явж,  оргож зугтсан амалекийн үлдэгсдийг устгаад, тэндээ энэ өдрийг хүртэл амьдарсан юм.
