verse|start|end|sentence
1|80350|182485|хорингуравдугаар бүлэг
2|228349|359635|Левичүүдийн бүл ба тэдний үүрэг
3|392931|747362|Давид өтөлж, өдөр хоногоо гүйцээгээд өөрийн хүү Соломоныг Израилийн хаан болгов.
4|780746|1036526|Бас тэрээр Израилийн бүх удирдагч, тахилчид ба левичүүдийг цуглуулав.
5|1056680|1404805|Гуч болон түүнээс дээших насны левичүүдийг толгой дараалан тоолсон бөгөөд тэдний тоо нь гучин найман мянган эр байлаа.
6|1435366|2065864|Тэднээс хорин дөрвөн мянга нь ЭЗЭНий өргөөний ажилд томилогдож, зургаан мянга нь харгалзагч ба шүүгчид,  дөрвөн мянга нь хаалгачид, дөрвөн мянга нь магтан дуулахдаа Давидын бүтээсэн хөгжмөөр ЭЗЭНийг магтдаг байлаа.
7|2101232|2525827|Давид тэднийг Левийн хөвгүүд болох Гершон, Кохат, Мерари нарын дагуу хэсгүүдэд хуваажээ. Гершончуудаас Ладан, Шимеи нар байв.
8|2549024|2794837|Ладаны хөвгүүд, ууган нь Иехиел, дараа нь Зетам, Иоел гурав байв.
9|2829852|3014808|Шимеигийн хөвгүүд Шеломит, Хазиел, Харан гурав байв.
10|3040254|3161043|Эд Ладаны эцгийн бүлийн тэргүүнүүд болой.
11|3198087|4425258|Шимеигийн хөвгүүд Иахат, Зина, Иеуш, Бериа нар байв. Энэ дөрөв нь Шимеигийн хөвгүүд болой.  Ууган нь Иахат, удаах нь Зиза, харин Иеуш, Бериа нар олон хөвгүүдгүй байсан тул тэд эцгийн нэг гэр, үйлчлэлийн нэг хэсэг болж байв. Кохатын хөвгүүд нь Амрам, Изхар, Хеброн, Уззиел дөрөв байв.  Амрамын хөвгүүд нь Аарон, Мосе нар.
12|4451895|5210811|ЭЗЭНий өмнө утлага уугиулан, Түүнд үйлчилж мөн Түүний нэрээр үүрд ерөөхөөр ариунаас ариун зүйлсийг ариусгахаар Аарон хөвгүүдийнхээ хамтаар үүрд мөнх тусгаарлагдсан байлаа.  Харин Бурханы хүн Мосегийн хөвгүүд Леви овгийн тоонд орсон билээ.
13|5235552|5640786|Мосегийн хөвгүүд Гершом, Елиезер нар байв.  Гершомын хөвгүүдээс Шебуел тэргүүн нь байв.  Елиезерийн хүү Рехабиа тэргүүн нь байв.
14|5661602|5985119|Елиезер өөр хөвгүүдгүй боловч Рехабиагийн хөвгүүд үй олон байв. 1 Изхарын хөвгүүдээс Шеломит тэргүүн нь байв.
15|6013784|6589201|Хеброны хөвгүүдийн тэргүүн нь Иериа, удаах нь Амариа, гурав дахь нь Иахазиел, дөрөв дэх нь Иекамеам болой.  Уззиелийн хөвгүүдийн тэргүүн нь Мика, удаах нь Ишшиа болой.
16|6625936|7107111|Мерарийн хөвгүүд нь Махли, Муши нар байв. Махлийн хөвгүүд нь Елеазар, Киш нар болой.  Елеазар үхэхдээ хөвгүүдгүй, зөвхөн охидтой байв.
17|7137055|7568530|Тиймээс тэдний ах дүүс, Кишийн хөвгүүд тэднийг эхнэр болгон авав. Мушигийн хөвгүүд нь Махли, Едер, Иеремот гурав байв.
18|7601605|8236557|Эд эцгийн үйлчлэлийн гэр, эцгийн бүлийн тэргүүнүүдийн дагуух Левийн хөвгүүд бөгөөд ЭЗЭНий өргөөний үйлчлэлд зориулан ажилладаг хорь болон түүнээс дээших насны, нэрийнхээ бүртгэлээр, толгой дараалан тоологдсон хүмүүс болой.
19|8262840|8297591|Давид
20|8318053|9000942|Израилийн Бурхан ЭЗЭН Өөрийн ард түмэнд энх тунхыг өгч, тэрээр Иерусалимд мөнхөд оршино. Мөн левичүүд асрыг болон үүний үйлчлэлд хэрэглэгддэг бүх эдлэлийг дахин зөөж явах шаардлагагүй болсон гэж хэлэв.
21|9027181|10143926|Давидын сүүлчийн айлдвар ёсоор хорь ба түүнээс дээших насны Левийн хөвгүүдийг тоолов.  Тэдний үүрэг нь ЭЗЭНий өргөөний үйлчлэлд, хашаа, өрөөнүүд болон бүх ариун зүйлийг цэвэрлэхэд буюу Бурханы өргөөний үйлчлэлийн аливаа ажилд Аароны хөвгүүдэд туслах болон тавиг талх, идээн өргөлийн сайн гурил, исгээгүй талх, хайруулын таваг мөн жинлэн хэмжих бүх ажлыг хариуцах байв.
22|10165932|10923173|Бас өглөө бүр ЭЗЭНд талархан, магтахаар зогсож, орой бүр үүний адил үйлдэн  Амралтын өдөр, шинэ сар, тогтоогдсон баяраар тогтоосон зааврын дагуу тоо ёсоор ЭЗЭНд бүх шатаалт тахилыг тахиж, ийнхүү ЭЗЭНий өмнө тогтмол үйлчлэх байв.
23|10952455|11416784|Мөн уулзалтын майхан, ариун газар болон ЭЗЭНий өргөөний үйлчлэлд буй Аароны хөвгүүд, тэдний ах дүүсийн үйлчлэлийг сахин хамгаалах байв.
