verse|start|end|sentence
1|95123|167315|арваннэгдүгээр бүлэг
2|210445|349580|Давидыг Израилийн хаанаар өргөмжлөв
3|384507|738233|Тэгээд бүх Израиль Хебронд байсан Давид дээр цуглан ирж  Харагтун, бид таны яс махны тасархай билээ.
4|768839|978755|Урьд Саулыг хаан байх үед ч та Израилийн цэргийг удирддаг байсан.
5|1013285|1459930|Тэгээд ЭЗЭН, таны Бурхан Чи Миний ард түмэн Израилийн хоньчин болж, чи Миний ард түмэн Израилийн удирдагч болно гэж танд айлдсан гэж хэлцгээв.
6|1498341|1860138|Ингээд Израилийн бүх ахмадууд Хебронд хаан дээр ирж, Давид Хебронд ЭЗЭНий өмнө тэдэнтэй гэрээ байгууллаа. 
7|1900577|2206367|Самуелаар ЭЗЭНий дамжуулсан үгийн дагуу, Давидыг Израилийн хаан болгон тослов.
8|2235340|2319792|Иерусалимыг эзлэв
9|2405522|2629286|Тэгээд Давид болон бүх Израиль нь Иерусалим буюу Иебус уруу явлаа.
10|2682691|2837702|Тэнд уугуул нутгийнхан болох иебусчууд амьдарч байв.
11|2862178|3061951|Иебусын оршин суугчид Давидад Чи энд орж ирэхгүй гэж хэлжээ.
12|3093262|3349615|Гэвч Давид Сионы бэхлэлтийг эзлэн авсан нь одоо Давидын хот юм. Давид
13|3410517|3869951|Хамгийн түрүүнд иебус хүнийг цохигч хэн боловч жанжин, удирдагч болно гэхэд Зеруиагийн хүү Иоаб хамгийн түрүүнд довтлон явж жанжин болов.
14|3905628|4173579|Тэгээд Давид тэр цайзад суусан тул энэ нь Давидын хот гэж нэрлэгдэх болжээ.
15|4218606|4607303|Тэр Миллогоос эхлээд бүтэн нэг тойруулан бүх эргэн тойрондоо хотыг босгоход хотын үлдсэн хэсгийг Иоаб сэргээн босгов.
16|4627457|4871638|Түг түмдийн ЭЗЭН түүнтэй хамт байсан учраас Давид улам хүчирхэгжсэн билээ.
17|4962176|5057432|Давидын хүчит эрс
18|5122788|5689870|Израилийн талаар ЭЗЭНий айлдсан үгийн дагуу Давидыг хаан болгохын тулд бүх Израилийн хамт түүний хаанчлалд хүчтэй дэмжлэг үзүүлж байсан Давидын хүчит эрсийн толгойлогчид дараах болой.
19|5719020|6074113|Давидтай байсан хүчит эрсийн тоо энэ билээ. Гурван хүчит эрийн тэргүүн нь Хагмон хүний хүү Иашобеам юм.
20|6101764|6301934|Тэрбээр нэг удаад гурван зуун хүний эсрэг жадаа өргөн цохисон хүн билээ.
21|6331392|6892389|Түүний удаах нь ахо хүн Додогийн хүү Елеазар бөгөөд тэр гурван хүчит эрийн нэг билээ.  Филистчүүд тулалдахаар Пасдаммимд бөөгнөрөн цуглах үед тэрээр тэнд Давидтай хамт байв.
22|6912675|7134012|Тэнд нь арвай их тарьсан талбай байсан бөгөөд хүмүүс филистчүүдээс зугтаав.
23|7178024|7962034|Тэрээр Давидын хамт талбайн гол дунд зогсон хамгаалж, филистчүүдийг цохилоо. Ийнхүү ЭЗЭН тэднийг агуу авралаар хамгаалав.  Филистийн их цэрэг Рефаимын хөндийд хуарагнаж байх үед гучин хүчит эрээс гурав нь хаданд буй Давид дээр Адулламын агуйд ирэв.
24|7983070|9102416|Филистчүүдийн цэргийн хуаран Бетлехемд байх үед Давид бэхлэлтдээ байлаа. Давид Хэн нэг нь хаалганы хажуу дахь Бетлехемийн худгаас надад ус авчран өгдөг ч болоосой гэж ихэд хүсэмжлэв.  Өнөөх гурав филистчүүдийн хуаранг нэвтрэн орж, хаалганы хажуудах Бетлехемийн худгаас ус утган авч, Давидад авчрав. Гэвч Давид тэр усыг уусангүй, харин ЭЗЭНий өмнө асгаад
25|9149118|9316433|Ийм зүйл хийхээс Миний Бурхан намайг хол байлгаг
26|9336278|9530495|Амиараа дэнчин тавьж явсан энэ хүмүүсийн цусыг би уух гэж үү
27|9579578|9790596|Тэд энэ усыг өөрсдийн амиар дэнчин тавьж авчирсан билээ гэж хэлсэн юм.
28|9815822|10038527|Тэгээд тэр усыг уусангүй. Гурван хүчит эрийн үйлдсэн нь ийм билээ.
29|10078658|10264230|Иоабын дүү Абишаи мөнөөх гучийн тэргүүн нь байв.
30|10331703|10602742|Тэрээр жадаа эргүүлэн гурван зуун хүнийг алсан агаад тэрээр мөнөөх гурвын адил алдартай байв.
31|10623425|10980811|Тэрээр тэдгээр гучаас хамгийн хүндтэй нь байсан тул тэдний жанжин болжээ. Гэлээ ч мөнөөх гуравтай дүйцэхгүй билээ.
32|11005596|11426045|Иехоиадагийн хүү Бенаиа нь Кабзеелын агуу үйлстэй зоригт эр бөгөөд Моабын Ариелийн хоёр хүүг цохиж алсан хүн байв.
33|11450124|11634682|Цас бударсан нэгэн өдөр тэрээр нүх уруу орж арслан агнасан билээ.
34|11678209|12504555|Тэрээр таван тохой өндөр, аварга чацтай египет эрийг алсан юм. Тэр египет эр гартаа нэхмэлчний гогодогч зүү мэт жадтай байсан авч Бенаиа саваа модтой түүний эсрэг ирж, египет эрийн гараас жадыг нь булаан авч, тэр жадаар өөрийг нь хороосон юм.
36|14525172|14771736|пиратон хүн Бенаиа, Гааш горхины Хураи, арбат хүн Абиел, 
37|14796123|14883309|бахарум хүн Азмавет
38|14912723|15182703|шаалбон хүн Елиаба, гизон хүн Хашем, харар хүн Шагегийн хүү Ионатан,
39|15215690|15323823|харар хүн Сакарын хүү Ахиам,
40|15347990|15637154|Урын хүү Елифал, мекера хүн Хефер, пелон хүн Ахиа,  Кармел хүн Хезро,
41|15666084|16500323|Езбаигийн хүү Наараи,  Натаны дүү Иоел, Хагригийн хүү Мибхар,  аммон хүн Зелек, Зеруиагийн хүү Иоабын зэвсэг үүрэгч беерот хүн Нахараи, итри хүн Ира, итри хүн Гареб,  хит хүн Уриа, Ахлаин хүү Забад,
42|16525769|16933650|реубен хүн Шизагийн хүү реубенчүүдийн толгойлогч Адина гучин хүнтэйгээ,  Маакагийн хүү Ханан, митни хүн Иошафат,
43|16960904|17958137|аштерат хүн Уззиа, ароер хүн Хотамын хөвгүүд Шама, Иеиел, Шимрийн хүү Иедиаел, түүний дүү тиз хүн Иоха,  махави хүн Елиел, Елнаамын хөвгүүд болох Иерибаи, Иошавиа нар ба моаб хүн Итма,  Елиел, Обед, мезобаяа хүн Иаасиел нар билээ.
