verse|start|end|sentence
1|90140|149058|тавдугаар бүлэг
2|186234|264291|Реубений үр удам
3|295381|425344|Израилийн ууган хүү Реубений хөвгүүдийг тоочвол
4|452554|897038|Реубен ууган хүү байсан боловч тэр эцгийнхээ орыг бузарласан тул түүний ууган хүүгийн эрх нь Израилийн хүү Иосефын хөвгүүдэд өгөгдсөн юм.
5|925967|1096326|Иймээс тэр удмын бичигт ууган гэж бичигдсэнгүй.
6|1128739|1492917|Хэдийгээр Иуда ах дүүсээ давамгайлж, түүнээс удирдагч гарсан боловч ууган хүүгийн эрх Иосефт хамаатай юм.
8|3880844|4415600|Саулын өдрүүдэд тэр хагри хүмүүстэй дайн хийж, гартаа оруулан Гилеадын зүүн зүгийн бүх нутагт өөрсдийн майхнуудыг дэлгэцгээв. Гадын үр удам
9|4469049|4758125|Тэдний зэргэлдээ Гадын хөвгүүд Салекагаас цааш Башаны газарт суурьшин амьдарчээ.
10|4829567|5129359|Башанд Иоел тэргүүн, Шафам удаах нь бөгөөд дараа нь Ианаи, Шафат нар байв.
12|6611339|6772922|Шароны бүх бэлчээрийн хязгаар хүртэл тархан амьдарсан юм.
13|6801410|7167749|Энэ бүгд нь Иудагийн хаан Иотам болон Израилийн хаан Иеробоамын өдрүүдэд удмын бичигт тэмдэглэгдсэн юм.
14|7195620|7827353|Реубений хөвгүүд, Гадын хөвгүүд мөн Манассегийн хагас овгийнхонд сэлэм бамбай агсан, нум хөвчлөн дайнд морддог, тулаанд туршлагатай зоригт эрчүүд дөчин дөрвөн мянга долоон зуун жар байсан юм.
15|7851299|8061921|Тэд хагри хүн, Иетур, Нафиш, Нодабын эсрэг дайтав.
16|8086661|8333841|Тэд Бурханд итгэдэг байсан тул тэд дайны үед Бурханд хандан хашхирдаг байв.
17|8365020|9209491|Тэр тэдэнд өршөөл үзүүлдэг байснаар тэд дайсныхаа эсрэг тусламж олж, хагричууд болон түүнтэй эвссэн бүхнийг Бурхан тэдний гарт тушаажээ. Тэд дайсны мал сүргээс тавин мянган тэмээ, хоёр зуун тавин мянган хонь, хоёр мянган илжиг, зуун мянган хүнийг олзлон иржээ.
18|9234716|9580548|Бурханы дайн байсан тул үй олон хүн алагдав. Тэд олзлогдон явах хүртэлээ тэдний нутагт амьдарсан юм.
19|9604980|10109263|Манассегийн хагас овгийнхон Манассегийн хагас овгийн хөвгүүд Башанаас Баалхермон, Сенир, Хермон уул хүртэлх нутагт амьдарсан юм. Тэд олуулаа байв.
