verse|start|end|sentence
1|84936|166124|хоринзургаадугаар бүлэг
2|199464|247004|Хаалгачид
3|278359|1299362|Хаалгачдын хэсгүүдэд корачуудаас, Асафын хөвгүүдээс гаралтай Корегийн хүү Мешелемиа байв.  Мешелемиагийн хөвгүүд ууган нь Зехариа, хоёрдугаарх нь Иедиаел, гуравдугаарх нь Зебадиа, дөрөвдүгээрх нь Иатниел,  тавдугаарх нь Елам, зургадугаарх нь Иехоханан, долдугаарх нь Елиехоенаи болой.
5|3029493|3140713|Эд бүгд Обед-едомын хөвгүүд байв.
6|3163248|4263676|Тэд, тэдний хөвгүүд болон ах дүүс нь үйлчлэлд чадвартай, эрчүүд бөгөөд Обедедомоос жаран хоёр хүн байв. Мешелемиад хөвгүүд болон ах дүүс болох арван найман эрэлхэг хүчит эрчүүд байв. Бас Мерарийн хөвгүүдээс гаралтай Хоса хөвгүүдтэй байсан бөгөөд тэргүүн нь Шимри хэдийгээр тэр ууган нь биш боловч эцэг нь түүнийг тэргүүн болгосон
7|4297324|4748996|хоёрдугаарх нь Хилкиа, гуравдугаарх нь Тебалиа, дөрөвдүгээрх нь Зехариа нар болой. Хосагийн бүх хөвгүүд ба ах дүүс нь арван гурав байв.
8|4770605|5101002|Хаалгачдын эдгээр хэсгүүд удирдагчид шигээ үүрэг хүлээсэн бөгөөд ах дүүсийнхээ адил ЭЗЭНий өргөөнд үйлчилж байв.
9|5126845|5553557|Тэд том, жижиг гэж ялгалгүй өөрсдийн эцгийн гэрийн дагуу дааман хаалга тусбүрийн төлөө шавга хаяв.Зүүн зүгийн шавга нь Шелемиад таарав.
10|5580237|5877780|Дараа нь түүний хүү, билиг ухаант зөвлөгч Зехариагийн төлөө шавга хаясанд, тэр нь умард зүгт буув.
11|5905827|6586202|Обедедомд өмнөд зүг, түүний хөвгүүдэд агуулах таарав.  Шуппим ба Хоса нарт баруун зүгт, Шаллекетын дааман хаалганы хажууд, өгсөх гол зам дээр, харуул нь харуулынхаа зэргэлдээ байх газар буув.
12|6606532|6809216|Зүүн талд зургаан леви хүн, хойд талд өдөр бүр дөрөв
13|6829326|6912675|өмнөд талд өдөр бүр дөрөв
14|6950645|7076594|агуулахад хоёр хоёроороо зогсдог байв.
15|7101643|7651305|Баруун зүг дэх Парбард гол зам дээр нь дөрвөн хүн, Парбар дээр хоёр хүн байв.Эд Кора болон Мерарийн хөвгүүдээс гаралтай, хаалгачдын хэсгүүд болой.
16|7674987|7816416|Сангийнхан, түшмэлүүд, шүүгчид
17|7836481|8142932|Левичүүдээс Бурханы өргөөний эрдэнэс ба ариун өргөлийн эрдэнэсийг Ахиа хариуцаж байв.
19|10427312|11401614|ЭЗЭНий өргөөг засварлахад зориулан тэд дайны олз болон дээрмийн зүйлсээс ариусган өргөжээ. Үзмэрч Самуел, Кишийн хүү Саул, Нерийн хүү Абнер, Зеруиагийн хүү Иоаб нарын ариусгасан бүхэн мөн хэний ч болов ариусган өргөсөн зүйл бүгд Шеломот болон түүний ах дүүсийн хамгаалалт дор байжээ.
20|11435394|11751723|Изхарчуудаас Кенаниа ба түүний хөвгүүд Израилийн гадуур албанд, түшмэд ба шүүгчид болой.
22|13555987|13973570|Давид хаан тэднийг Бурханы болон хааны бүх хэрэгт реубенчүүд, гадчууд болон манассегийн хагас овгийн харгалзагчид болгов.
