verse|start|end|sentence
1|91551|168329|хоринхоердугаар бүлэг
2|215208|266011|Тэгээд Давид
3|304642|722887|Бурхан ЭЗЭНий өргөө энэ бөгөөд Израилийн төлөөх шатаалт тахилын ширээ энэ юм гэв. ЭЗЭНий өргөөг барих бэлтгэл
4|760548|1130283|Израилийн нутагт байсан ирмэл хүмүүсийг цуглуулахыг Давид тушааж, Бурханы өргөөний барилгын чулуунуудыг цавчих чулуучдыг томилов.
5|1176411|1543235|Давид хаалганы самбаруудын хадаасыг хийх үлэмж хэмжээний төмөр мөн жинлэж барахааргүй их хэмжээний хүрэл бэлтгэв.
6|1576663|1949881|Бас сидончууд ба тирчүүд Давидад их хэмжээний хушин дүнз авчирч өгсөн тул хушин дүнз тоймгүй байв.  Давид
7|1977355|2118564|Миний хүү Соломон балчир, чадал мөхөс байна.
8|2155387|2481110|Гэтэл ЭЗЭНд баригдах өргөө бүх дэлхий дахинд алдаршин магтагдахаар маш сүрлэг байх ёстой юм.
9|2524151|2671004|Тиймээс одоо би үүний бэлтгэлийг хангана гэв.
10|2696582|2916421|Ингээд Давид өөд болохоосоо өмнө их хэмжээний бэлтгэлийг базаав.
11|2961976|3125499|Соломонд мөн удирдагчдад өгсөн үүрэг
12|3196588|3542200|Тэгээд Давид өөрийн хүү Соломоныг дуудаж, Израилийн Бурхан ЭЗЭНд зориулан өргөө барихыг түүнд захин тушаав.
13|3577700|3644953|Давид, Соломонд
14|3667797|3706119|Хүү минь ээ
15|3735137|3939673|би Бурхан ЭЗЭНийхээ нэр алдарт зориулан өргөө барих бодолтой байсан билээ.
16|3985802|4594249|Гэвч ЭЗЭНий үг надад ирж, Чи их цус урсган үлэмж дайныг өдөөсөн. Чи Миний мэлмийн өмнө дэлхий дээр их цус урсгасан тул Миний нэр алдарт зориулан өргөө барьж болохгүй.
17|4624987|4839666|Харагтун, чамд хүү төрөх бөгөөд тэрээр амар тайвны хүн байх болно.
18|4874064|5084774|Би түүнийг эргэн тойрны бүх дайснуудаас нь энх тунх байлгах болно.
19|5116482|5460903|Түүний нэрийг Соломон гэх бөгөөд түүний амьдралын өдрүүдэд Би Израилийг амар тайван, энх тунх байлгана.
20|5484276|5611813|Тэр Миний нэр алдарт зориулан өргөө барина.
21|5634701|5978063|Тэр Миний хүү, Би эцэг нь болж, түүний хаанчлалын сэнтийг Израилийн дээр үүрд мөнхөд тогтооно гэсэн юм.
22|6012990|6502589|Миний хүү, энэ нь чамд биелэхэд, чиний тухайд Түүний айлдсан ёсоор чи өөрийн Бурхан ЭЗЭНий өргөөг барихад ЭЗЭН чамтай хамт байх болтугай.
23|6542411|6804100|ЭЗЭН чамд хэрсүү ухаан ба оюун билгийг өгч, чамаар Израилийг захируулах болтугай.
24|6843834|7007798|Гагцхүү чи Бурхан ЭЗЭНийхээ хуулийг сахиарай.
25|7052868|7394158|Израилийн талаар Мосед ЭЗЭНий тушаасан зарлиг, шүүлтүүдийг дагахыг анхаарах аваас, энэ нь чамд биелэх болно.
26|7415679|7609278|Тууштай бөгөөд зоригтой бай. Бүү ай, бүү шантар.
27|7631681|8383674|Харагтун, би өөрийн чармайлтаар ЭЗЭНий өргөөнд зориулан зуун мянган талант алт, нэг сая талант мөнгө, жинлэж барахааргүй маш их хэмжээний хүрэл ба төмөр мөн мод болон чулуу бэлтгэн тавьсан билээ. Чи улам ихийг нэмэх болно.
28|8413177|9070091|Мөн чамтай хамт маш олон ажилчид буюу чулуу цавчигч, чулуу өнгөлөгч, мужаанууд болон бүх төрлийн ажилд чадварлаг янз бүрийн хүн байна.  Алт, мөнгө, хүрэл, төмрийн хувьд хэмжээлшгүй их байна. Босоод, ажиллагтун
29|9093949|9454113|ЭЗЭН чамтай хамт байх болтугай гэв.  Мөн хүү Соломонд нь туслахыг Израилийн бүх удирдагчдад Давид тушаан
30|9485645|9802944|Бурхан ЭЗЭН тань та нартай хамт бус уу Тэр та нарт эргэн тойронд чинь амар тайвныг өгөөгүй гэж үү
31|9834255|10179823|Тэрээр энэ газрын оршин суугчдыг миний гарт тушааж, ЭЗЭН хийгээд Түүний ард түмний өмнө энэ газар сөхөрсөн юм.
32|10211399|11110509|Тиймээс Бурхан ЭЗЭНээ эрэлхийлэхээр өөрсдийн зүрх, санаа сэтгэлээ хандуулагтун. Босож, ЭЗЭНий нэр алдарт зориулан баригдах өргөөнд ЭЗЭНий гэрээний авдар болон Бурханы ариун сав хэрэгслүүдийг оруулан тавихын тулд ЭЗЭН Бурханы ариун газрыг барьж босгогтун гэв.
