verse|start|end|sentence
1|86259|157525|хоердугаар бүлэг
2|183147|327707|Израилийн хөвгүүд ба Иудагийн үр удам
3|389755|849189|Израилийн хөвгүүд нь Реубен, Симеон, Леви, Иуда, Иссахар, Зебулун, 2 Дан, Иосеф, Бениамин, Нафтали, Гад, Ашер нар билээ.
4|877854|1235417|Иудагийн хөвгүүд нь Ер, Онан, Шела нар бөгөөд энэ гурвыг нь канаан эмэгтэй Батшуа түүнд төрүүлж өгсөн юм.
5|1268316|1541559|Иудагийн ууган хүү Ер нь ЭЗЭНий мэлмийд хорон муу хүн байсан тул Тэр түүнийг үхүүлжээ.
6|1574370|1915395|Иудагийн бэр Тамар түүнд Перез, Зера нарыг төрүүлж өгсөн ажээ. Иудагийн хөвгүүд нь бүгд тав байв.
7|1957951|2094088|Перезийн хөвгүүд нь Хезрон, Хамул нар болой
8|2119534|2434275|Зерагийн хөвгүүд нь Зимри, Етан, Хеман, Калкол, Дара нар бөгөөд тэд бүгд тавуулаа байв.
9|2482256|2792059|Кармийн хүү нь Ахар бөгөөд хориг цээртэй зүйлсийн тухайд итгэл эвдэж Израильд лай тарьсан хүн байв.
10|2822796|3154120|Етаны хүү нь Азариа юм.  Хезронд төрсөн хөвгүүд нь Иерахмеел, Рам, Хелубаи нар байв.
11|3190414|3471507|Рам Амминадабыг, Амминадаб нь Иудагийн хөвгүүдийн удирдагч болох Нахшоныг төрүүлсэн юм.
12|3500261|3780825|Нахшон Салмоныг, Салмон Боазыг, 12 Боаз Обедыг, Обед Иессийг төрүүлжээ.
13|3804198|4393242|Иессийн ууган хүү нь Елиаб, удаах хүү нь Абинадаб, гуравдугаар нь Шимеа,  дөрөвдүгээр хүү нь Нетанел, тавдугаар нь Раддаи,  зургадугаар хүү нь Озем, долдугаар хүү нь Давид юм.
14|4417320|4599277|Тэдний эгч нарыг Зеруиа ба Абигаил гэдэг байв.
15|4626531|5035867|Зеруиа нь Абишаи, Иоаб, Асахел хэмээх гурван хөвгүүнтэй билээ.
16|5074587|5175355|Абигаил нь Амасаг төрүүлжээ.
17|5206313|6082448|Амасагийн эцэг нь ишмаел хүн Иетер билээ. Хезроны хүү Калеб өөрийн эхнэр Азуба болон Иериотаар хөвгүүдтэй болсон юм. Тэр эмэгтэйн хөвгүүд нь Иешер, Шобаб, Ардон нар байв.  Азуба үхэхэд Калеб бас Ефраттай гэрлэж, тэр түүнд Хурыг төрүүлж өгсөн.
18|6107850|6208530|Хур Урийн, Ури нь
19|6228904|6322484|Безалелын эцэг болсон ажээ.
20|6345063|6631625|Түүний дараа Хезрон жаран насандаа Гилеадын эцэг Махирын охин дээр ирээд, түүнийг авчээ.
21|6660643|6752768|Тэр түүнд Сегубыг төрүүлж өгөв.
22|6780022|7051104|Сегуб Иаирыг төрүүлж, Иаир нь Гилеад нутгийн хорин гурван хотыг эзэмшив.
23|7105877|8309145|Гэвч Гешур, Арам нь Кенат болон тэндхийн жаран хот суурин ба Иаирын хотуудыг тэднээс булаан авсан юм. Эд бүгд Гилеадын эцэг Махирын хөвгүүд билээ.  Хезрон Калеб-ефратад үхсэний дараа түүний эхнэр Абиа түүнд Текоагийн эцэг Ашурыг төрүүлж өгсөн юм. Хезроны ууган хүү Иерахмеелийн хөвгүүдийн ууган хүү нь Рам, удаах нь Буна, Орен, Озем, Ахиа нар билээ.
24|8368063|8604218|Иерахмеелд Атара хэмээх бас өөр нэг эхнэр байсан нь Онамын эх билээ.
25|8627062|9142238|Иерахмеелийн ууган хүү Рамын хөвгүүд нь Мааз, Иамин, Екер юм.  Онамын хөвгүүд нь Шаммаи, Иада бөгөөд Шаммаин хөвгүүд нь Надаб, Абишур нар билээ.
26|9170550|9278860|Абишурын эхнэрийн нэр нь Абихаил.
27|9321946|9602510|Тэр түүнд Ахбан, Молид нарыг төрүүлж өгөв.  Надабын хөвгүүд нь Селед, Аппаим билээ.
28|9645552|9761976|Селед хөвгүүдгүй өөд болов.
29|9802371|10048229|Аппаимын хүү нь Иши, Ишийн хүү нь Шешан, Шешаны хүү нь Ахлаи ажээ.
30|10078393|10403851|Шаммаин дүү Иадагийн хөвгүүд нь Иетер, Ионатан нар юм. Иетер нь хөвгүүдгүй насан эцэслэжээ
31|10426607|10554894|Ионатаны хөвгүүд нь Пелет, Заза билээ.
32|10584308|10676345|Эд Иерахмеелийн хөвгүүд билээ.
33|10701394|10853539|Шешан хөвгүүдгүй харин зөвхөн охидтой байв.
34|10891906|11036466|Шешанд Иарха гэдэг Египет боол байв.
35|11058119|11287262|Шешан охиноо өөрийн боол Иархад өгсөн бөгөөд тэр түүнд Аттаиг төрүүлжээ.
36|11317824|11691439|Аттаи Натаныг, Натан нь Забадыг,  Забад нь Ефлалыг, Ефлал нь Обедыг тус тус төрүүлэв.
37|11741757|12027040|Обед нь Иехүг, Иехү нь Азариаг,  Азариа нь Хелезийг, Хелез нь Елеасаг төрүүлэв.
38|12074271|12416531|Елеаса нь Сисмаиг, Сисмаи нь Шаллумыг, 41 Шаллум Иекамиаг, Иекамиа нь Елишамаг төрүүлэв.
39|12463542|12733301|Иерахмеелийн дүү Калебын хөвгүүдийн ууган нь Меша бөгөөд тэр Зифийн эцэг юм.
40|12789088|12920726|Түүний хүү Мареша нь Хеброны эцэг билээ.
41|12947274|13395948|Хеброны хөвгүүд нь Кора, Таппуа, Рекем, Шема юм.  Шема нь Иеркоамын эцэг Рахамыг төрүүлж, Рекем нь Шаммаиг төрүүлжээ.
42|13444458|13860144|Шаммаин хүү нь Маон, Маон нь Бетзурын эцэг билээ.  Калебын татвар эм Ефа нь Харан, Моза, Газезыг төрүүлжээ.
43|13884973|14237376|Харан нь Газезын эцэг болов.  Иахдайн хөвгүүд нь Регем, Иотам, Гешан, Пелет, Ефа, Шааф нар юм.
44|14286371|14487026|Калебын татвар эм Маака нь Шебер, Тирхана нарыг төрүүлжээ.
45|14516838|14802164|Тэр мөн Мадманнагийн эцэг Шаафыг бас Махбена, Гибеа нарын эцэг Шеваг төрүүлжээ.
46|14844015|14953472|Калебын охиныг Ахса гэдэг байв.
47|14974728|15067779|Эд Калебын хөвгүүд байсан юм.
48|15090667|16062851|Ефратагийн ууган хүү Хурын хөвгүүд нь Кириат- иеаримын эцэг Шобал,  Бетлехемийн эцэг Салма, Бетгадерын эцэг Хареф нар билээ.  Кириатиеаримын эцэг Шобалын хөвгүүд нь Харое, Хази манахатчуудын хагас бөгөөд  Кириатиеаримын ургууд болох итри, пут, шумат, мишраичууд билээ.
49|16116786|16290628|Эдгээрээс зоратчууд, ештоалчууд бий болсон юм.
50|16325864|16488593|Салмагийн хөвгүүд нь Бетлехем, нетофатчууд
51|16517787|16745784|Атротбетиоаб, хази манахатчуудын хагас болох зоричууд байв.
52|16779829|17308544|Иабезэд амьдарч байсан, тэмдэглэгдсэн өрхүүд нь тиратчууд, шимеатчууд, сукатчууд бөгөөд эдгээр нь Рехабын гэрийнхний эцэг болох Хамматаас гарсан кенчүүд билээ.
