verse|start|end|sentence
1|97152|166521|есдүгээр бүлэг
2|234303|581458|Ингээд бүх Израиль удмын бичигт оров. Үзэгтүн, тэд Израилийн Хаадын номд тэмдэглэгдсэн билээ.
3|604875|829432|Иуда өөрийн итгэлгүй байдлаасаа болж Вавилон уруу олзлогдон явав.
4|869607|1265140|Өөрсдийн хотууд болон эзэмшил газартаа амьдрагсдын түрүүч нь тахилч нар, левичүүд, сүмийн үйлчлэгчид болох израильчууд болой.
5|1293982|1437130|Цөллөгийн дараа Иерусалимд амьдрагсад
6|1503501|1793811|Иуда, Бениамин, Ефраим, Манассегийн хөвгүүдийн зарим нь Иерусалимд амьдарсан юм.
7|1840689|2238604|Иудагийн хүү Перезийн хөвгүүдээс Утаи бөгөөд тэр Аммихудын хүү, Омрийн ач, Имрийн гуч, Банийн дөч болой.
8|2272605|2492355|Шилончуудаас ууган хүү Асаиа болон түүний хөвгүүд тэнд амьдарчээ.
9|2528694|2837614|Зерагийн хөвгүүдээс Иеуел болон түүний төрөл садангийн зургаан зуун ерэн хүн амьдарсан ажээ.
10|2872497|3348645|Бениамин хөвгүүдээс Хассенуагийн гуч Ходавиагийн ач, Мешулламын хүү Саллу амьдарсан болой.
11|3369107|4127627|Мөн Иерохамын хүү болох Ибнеиа, Микрийн ач Уззийн хүү Ела, Ибнеиагийн гуч Реуелийн ач Шефатиагийн хүү Мешуллам амьдарсан юм. Тэдний садан төрөл нь уг угсааныхаа дагуу бүгд есөн зуун тавин зургаан хүн бөгөөд тэд бүгдээрээ тус тусын эцгийн бүлийн тэргүүнүүд болой.
12|4174947|4254327|Тахилчдын бүл
13|4292649|5288427|Тахилч нараас Иедаиа, Иехоиариб, Иахин,  Азариа нар байсан бөгөөд Азариа бол Хилкиагийн хүү, Мешулламын ач Задокийн гуч, Мераиотын дөч, Бурханы сүмийн ахлах даамал Ахитубын тач хүү болой.  Бас Адаиа байсан бөгөөд тэр бол Иерохамын хүү, Пашхурын ач, Малхиагийн гуч юм.
14|5329352|6262464|Мөн Маасаи байсан бөгөөд тэр бол Адиелын хүү, Иазерагийн ач, Мешулламын гуч, Мешиллемитийн дөч, Иммерийн тач юм.  Тэдний төрөл садан болох эцгийн бүлийн тэргүүн нар буюу Бурханы сүмийн үйлчлэлийн ажилд авъяаслаг мянга долоон зуун жаран хүн байв. Левичүүдийн бүл
15|6290159|6680223|Леви хүмүүсээс Мерарийн хөвгүүдийн нэг болох Шемаиа нь Хасшубын хүү, Азрикамын ач, Хашабиагийн гуч болой.
16|6716474|7339871|Бас Бакбаккар, Хереш, Галал, Маттаниа нар байсан бөгөөд Маттаниа бол Микагийн хүү, Зихрийн ач, Асафын гуч болой.  Бас Обадиа байсан бөгөөд тэр бол Шемаиагийн хүү,
17|7380531|8166570|Галалын ач, Иедутуны гуч юм. Мөн Берехиа ч байсан бөгөөд тэр бол Асагийн хүү, Нетофат хүмүүсийн тосгонд амьдарч байсан Елканагийн ач болой.  Хаалгач нар нь Шаллум, Аккуб, Талмон, Ахиман нар болон тэдний төрөл садангууд болой.
18|8198454|8661681|Шаллум нь тэргүүн бөгөөд  одоог хүртэл зүүн тал дахь Хааны хаалган дээр хаалгач байна. Эдгээр нь Левийн хөвгүүдийн хүрээний хаалгач нар байсан юм.
19|8698284|9213548|Корагийн гуч, Ебиасафын ач, Корегийн хүү Шаллум болон түүний эцгийн бүлийнхэн түүний төрөл садан, корачууд майхны үүдийг сахин үйлчлэлийн ажилд тавигджээ.
20|9247329|9764092|Тэдний өвөг дээдэс ч ЭЗЭНий хуарангийн үүд хаалгыг хамгаалдаг хүмүүс байв.  Урьд Елеазарын хүү Финехас нь тэдний удирдагч байсан бөгөөд ЭЗЭН түүнтэй хамт байв.
21|9789009|10359001|Мешелемиагийн хүү Зехариа хурлын майхны үүдний сахиул болой.  Үүдний сахиулаар сонгогдсон хүмүүс нь бүгд хоёр зуун арван хоёулаа байсан бөгөөд тосгоноороо удмын бичигт тэмдэглэгджээ.
22|10387137|10581442|Давид болон үзмэрч Самуел ч тэднийг итгэмжит ажилд томилов.
23|10604197|11432395|Иймээс тэд болон тэдний хөвгүүд нь майхан гэр буюу ЭЗЭНий сүмийн хаалганы хамгаалалтыг даан авав. Сахиулууд зүүн, баруун, өмнө, хойд дөрвөн зүгт байв. Тэдний тосгон дахь төрөл садангууд нь долоо хоног бүр ирж, ээлжээр тэдэнтэй хамт байдаг байв.
24|11463883|12553550|Бурханы өргөөний эрдэнэсийн сан ба өрөөнүүдийг хариуцсан итгэмжит үйлчлэлд дөрвөн ахлах хаалгач байсан бөгөөд тэд левичүүд байв. Харуул хамгаалалт ба өглөө бүр хаалгыг нээх үүргийг даан авсан тул тэд Бурханы сүмийн эргэн тойронд шөнийг өнгөрөөдөг байв.  Тэдний зарим нь үйлчлэлийн хэрэгслүүдийг даан авсан тул тэдгээрийг гаргаж, оруулах бүрийдээ тоолдог байжээ.
25|12588168|12965488|Тэдний зарим нь ариун газрын бүх хэрэгсэл, тавилгууд, сайн гурил, усан үзмийн дарс, тос, гүгэл, үнэртнийг хариуцаж байлаа.
26|12990757|13543242|ахилч нарын хөвгүүдийн зарим нь үнэртнүүдийг холин бэлтгэдэг байв.  Левичүүдийн нэг Маттитиа нь кора хүн Шаллумын ууган хүү бөгөөд тэрээр саванд шарах зүйлсийг хариуцаж авчээ.
27|13565424|14705233|Кохатчуудын хөвгүүдийн төрөл садангийн зарим нь Амралтын өдөр бүр тавиг талх хийхийг хариуцаж авсан байв.  Дуучид нь Левийн өрхүүдийн захирагчид бөгөөд сүмийн өрөөнүүдэд амьдран, өдөр ч шөнө ч өөрсдийн ажлыг хийх тул өөр бусад үйлчлэлээс чөлөөлөгдөв.  Эдгээр нь уг угсааныхаа дагуу левичүүдийн эцгийн бүлийн тэргүүн нар бөгөөд тэдгээр удирдагчид Иерусалимд амьдарчээ.
28|14731605|14827743|Саул хааны бүл
29|14878193|15152980|Гибеоны эцэг Иеиел нь Гибеонд амьдарсан бөгөөд түүний эхнэрийн нэр нь Маака болой.
30|15178161|15959922|Түүний ууган хүү нь Абдон, удаах нь Зур, Киш, Баал, Нер, Надаб,  Гедор, Ахио, Зехариа, Миклот нар болой.  Миклот нь Шимеамыг төрүүлжээ. Тэд өөрсдийн ах дүүсийн хамт бусад хамаатнуудынхаа зэргэлдээ Иерусалимд амьдрав.
31|16003449|16410580|Нер Кишийг төрүүлж, Киш нь Саулыг төрүүлж, Саул нь Ионатан, Малхи-шуа, Абинадаб, Ешбаал нарыг төрүүлсэн юм.
32|16431130|16642678|Ионатаны хүү нь Мериб баал бөгөөд Мериб-баал нь Микаг төрүүлжээ.
33|16669403|16867544|Микагийн хөвгүүд нь Питон, Мелек, Тареа, Ахаз нар болой.
34|16895636|17236837|Ахаз нь Иараг, Иара нь Алемет, Азмавет, Зимри нарыг, Зимри нь Мозаг төрүүлжээ.
35|17258138|17600839|Моза нь Бинеаг төрүүлэв. Бинеагийн хүү нь Рефаиа, түүний хүү нь Елеаса, түүний хүү нь Азел болой.
36|17630871|18144636|Азел зургаан хүүтэй болсон бөгөөд тэдний нэрс нь Азрикам, Бохеру, Ишмаел, Шеариа, Обадиа, Ханан юм. Тэд бүгд Азелын хөвгүүд болой
