verse|start|end|sentence
1|93139|167624|долоодугаар бүлэг
2|220323|298601|Иссахарын үр удам
3|333528|1187436|Иссахарын хөвгүүд нь Тола, Пуа, Иашуб, Шимрон дөрөв байв.  Толагийн хөвгүүд нь Уззи, Рефаиа, Иериел, Иахмаи, Ибсам, Самуел бөгөөд тэд эцгийнхээ бүлийн тэргүүнүүд байв. Толагийн хөвгүүд өөрсдийн уг угсаа дундаа эрэлхэг зоригтой эрс байв.
4|1212970|1426679|Давидын өдрүүдэд тэдний тоо хорин хоёр мянга зургаан зуу байв.
5|1453227|2788795|Уззийн хүү нь Израхиа, Израхиагийн хөвгүүд нь Михаел, Обадиа, Иоел, Ишшиа юм. Тэд тавуулаа бүгд захирагчид байв.  Тэдний уг угсаа эцгийн гэрүүдийн дагуу тэдэнтэй хамт дайтах цэргүүд гучин зургаан мянга байв. Учир нь тэдэнд эхнэр, хөвгүүд маш олон байжээ.  Иссахарын бүх ургийн доторх тэдний ах дүүс эрэлхэг зоригтой дайчид бөгөөд наян долоон мянгуулаа удмын бичигт оржээ. Бениамины үр удам
6|2839599|3020100|Бениамины хөвгүүд Бела, Бехер, Иедиаел гурав билээ.
7|3055159|3479622|Белагийн хөвгүүд нь Езбон, Уззи, Уззиел, Иеримот, Ири энэ тав бөгөөд тэд тус тусын эцгийн бүлийн тэргүүн байв.
8|3504185|3761906|Тэдний удмын бичигт орсон эрэлхэг зоригтой эрс нь хорин хоёр мянга гучин дөрвөн хүн юм.
9|3791409|4202200|Бехерийн хөвгүүд нь Земира, Иоаш, Елиезер, Елиоенаи, Омри, Иеремот, Абиа, Анатот, Алемет юм.
10|4222442|4682626|Тэд бүгд Бехерийн хөвгүүд билээ. 9 Эдний уг удмын бичигт тус тусын эцгийн бүлийн тэргүүнээр бичигдсэн эрэлхэг баатрууд нь хорин мянга хоёр зуун хүн байв.
11|4724388|5192642|Иедиаелын хүү нь Билхан бөгөөд түүний хөвгүүд нь Иеуш, Бениамин, Ехүд, Хенаана, Зетан, Таршиш, Ахишахар нар билээ.
12|5215221|5721269|Тэд бүгд Иедиаелын хөвгүүд бөгөөд тус тусын эцгийн бүлийн тэргүүн байв. Дайнд мордоход бэлэн, шалгарсан эрэлхэг баатрууд нь арван долоон мянга хоёр зуу байв.
13|5745789|6051710|Ирийн хөвгүүд нь Шуппим, Хуппим нар бөгөөд Ахерын хүү нь Хушим билээ. Нафталийн үр удам
14|6084918|6491872|Нафталийн хөвгүүд нь Иахзиел, Гуни, Иезер, Шаллум бөгөөд тэд Билхагийн хөвгүүд билээ. Манассегийн үр удам
15|6545321|6768203|Манассегийн хүү нь түүний татвар эм арам эмэгтэйн төрүүлсэн Асриел билээ.
16|6788754|7334182|Гилеадын эцэг Махир ч энэ эмэгтэйгээс төрсөн ажээ.  Махир нь Хуппим, Шуппимд эхнэр авч өгсөн бөгөөд түүний эгчийн нэр нь Маака байв. Удаах хөвгүүний нэр нь Зелофехад юм.
17|7375680|7644646|Зелофехад нь охидтой болов.  Махирын эхнэр Маака хүү төрүүлэн, түүнийг Переш гэж нэрлэв.
18|7665682|7981041|Түүний дүүгийн нэр нь Шереш бөгөөд түүний хөвгүүд нь Улам, Ракем нар билээ. Уламын хүү нь Бедан билээ.
19|8004282|8493924|Манассегийн үр удам Махирын хөвгүүн Гилеадын хөвгүүдийг тоочвол эд нар билээ.  Түүний эгч Хаммолехет нь Ишход, Абиезер, Махлаг төрүүлсэн юм.
20|8528940|8768667|Шемидагийн хөвгүүд нь Ахиан, Шехем, Ликхи, Аниам нар билээ.
23|15064383|15602315|Уллагийн хөвгүүд нь Ара, Ханниел, Ризиа билээ.  Тэд бүгдээрээ Ашерын хөвгүүд бөгөөд тус тусын эцгийн бүлийн тэргүүн, шалгарсан баатар эрчүүд, хан хөвгүүдийн тэргүүнүүд байв.
24|15635655|15851745|Дайны цэргийн албаны удмын бичигт орсон хүний тоо нь хорин зургаан мянга билээ.
