verse|start|end|sentence
1|94947|172210|арванзургаадугаар бүлэг
2|212120|329647|ЭЗЭНий авдрыг асарт байрлуулав
3|355975|1221040|Ингээд тэд Бурханы авдрыг дотогш авчран Давидын зориулан босгосон майхны голд байранд нь заллаа. Тэд Бурханы өмнө шатаалт тахил болон эвийн тахилуудыг өргөв.  Давид шатаалт тахил болон эвийн тахилыг өргөж дуусаад ЭЗЭНий нэрээр ард олныг ерөөв.
5|3036505|3153414|Давидын талархлын дуулал
6|3186974|3476270|Тэр өдөр Давид анх удаа Асаф болон түүний ах дүүст ЭЗЭНд талархал өргөхийг даалгав.
7|3515210|3986243|Аяа, ЭЗЭНд талархлыг өргөн Алдар нэрийг нь дуудан Ард түмний дунд үйлсийг нь мэдүүлэгтүн. Түүнд дуулж, Түүнд магтуу дууг дуулагтун.
8|4015613|4118984|Түүний бүх гайхамшгуудыг яригтун.
9|4145620|4232541|Түүний ариун нэрд алдар байг.
10|4273995|4557602|ЭЗЭНийг эрэлхийлэгчийн зүрх баясах болтугай. ЭЗЭНийг хийгээд Түүний хүч чадлыг эрэлхийлэгтүн.
11|4588693|4699957|Түүний нүүр царайг үргэлж хайгтун.
12|4742514|5042526|ЭЗЭНий үйлдсэн гайхамшигт үйлсийг, Түүний тэмдгүүд болон Түүний амнаас гарах шүүлтүүдийг санагтун.
13|5071941|5336673|Түүний зарц Израилийн үр удам, Түүний сонгосон хүмүүс, Иаковын хөвгүүд ээ
14|5384124|5609608|Тэр бидний Бурхан ЭЗЭН. Түүний шүүлтүүд бүх дэлхийд байна.
15|5655119|5883513|Мянга мянган үеийнхэнд Түүний тушаасан үг, гэрээг нь мөнхөд санагтун.
16|5910723|6337566|Абрахамтай тогтоосон гэрээ, Исаакт өгсөн амлалтаа Иаковт зарлиг, Израильд мөнхийн гэрээ болгож баталсан юм. Ингэхдээ
17|6383430|6655042|Би та нарт Канаан нутгийг Өв залгамжлалын хувь болгон өгнө гэж айлдсан билээ.
18|6699539|8026508|Тэд тоогоор цөөн, дорой бөгөөд тэнд харь хүмүүс байсан Тэд нэг үндэстнээс нөгөө үндэстэн уруу, Нэг хаанчлалаас нөгөө ард түмэн уруу тэнүүчилсэн. Тэднийг дарлахыг Тэрээр хэнд ч үл зөвшөөрч, Тэдний төлөө хаадыг зэмлэсэн. Миний тослогдсон хүмүүст бүү хүр, Эш үзүүлэгчдэд минь хор хөнөөл бүү учруул гэсэн. Бүх газар дэлхий, ЭЗЭНд дуулагтун. Түүний авралыг өдрөөс өдөрт тунхаглагтун.
19|8065272|8388084|Түүний яруу алдрыг үндэстнүүдэд тунхаглаж, Түүний гайхамшигт үйлсийг бүх ард түмнүүдийн дунд яригтун.
20|8412030|9087598|Учир нь ЭЗЭН аугаа бөгөөд агуу ихээр магтагдах Нэгэн. Мөн бүх бурхдаас дээгүүр Түүнээс эмээгтүн. Учир нь хүмүүсийн бүх бурхад нь шүтээнүүд юм. Харин ЭЗЭН, тэнгэрсийг бүтээсэн билээ.
21|9121114|9239038|Түүнд яруу алдар ба сүр жавхлан бий.
22|9268585|9413012|Түүний газарт хүч чадал, баяр баясгалан бий.
23|9446220|9746673|Ард түмнүүдийн ургууд аа, ЭЗЭНд өргөгтүн, ЭЗЭНд яруу алдар, хүч чадлыг өргөгтүн.
24|9779792|10162359|Нэрд нь дүйцэх яруу алдрыг ЭЗЭНд өргөгтүн. Өргөлөө авчран Түүний өмнө ир. Ариун хүндэтгэл дунд ЭЗЭНд мөргөгтүн.
25|10200550|10560318|Бүх дэлхий, Түүний өмнө чичрэгтүн. Үнэхээр ертөнц дэлхий бат тогтсон бөгөөд ганхахгүй.
26|10603315|10932081|Тэнгэрс баясаж, газар дэлхий баярлаг. ЭЗЭН хаанчилдаг гэж үндэстнүүдийн дунд тэд хэлэг.
27|10962157|11290702|Далай болон түүний доторх бүх юмс нүргэлэг, Тал болон дээр нь байгаа бүх юмс баясаг.
28|11314075|11632080|Ойн бүх мод ЭЗЭНий өмнө бас баясан дуулна Учир нь Тэрээр газар дэлхийг шүүхээр ирж байна.
29|11665772|11747490|Түүнд талархал өргөгтүн.
30|11769937|12643249|ЭЗЭН сайн сайхан бөгөөд, Түүний хайр энэрэл үүрдийнх. Тэгээд Бидний авралын Бурхан, биднийг авраач. Таны ариун нэрд талархлыг, Таны магтаал дотор алдрыг бид өргөхийн тулд үндэстнүүдийн дундаас биднийг цуглуулж, чөлөөлөөч гэж хэлэгтүн.
31|12687040|12935015|Израилийн Бурхан ЭЗЭН Мөнхөөс мөнхөд магтагдах болтугай.
32|12973514|13167333|Дараа нь бүх ард түмэн Амен гээд ЭЗЭНийг магтав.
33|13201290|13290637|Байнгын үйлчлэл
34|13340999|13781955|Ингээд өдөр тутмын ажилд авдрын өмнө үргэлжлүүлэн үйлчлэхийн тулд Асаф болон ах дүүсийг нь тэнд, ЭЗЭНий гэрээний авдрын өмнө Давид үлдээсэн билээ.
35|13808503|14199406|Мөн Обедедомыг түүний ах дүү, жаран найман хүнтэй үлдээв. Иедутуны хүү Обед-едом болон Хоса нар хаалгач болов.
36|14221368|15068396|Тахилч Задок болон түүний ах дүү, тахилчдыг Гибеон дахь мөргөлийн өндөрлөг дээрх ЭЗЭНий асрын өмнө үлдээсэн нь  ЭЗЭНий Израильд тушаасан ЭЗЭНий хуульд бичигдсэн бүгдийн дагуу ЭЗЭНд шатаалт тахилыг шатаалт тахилын ширээн дээр өглөө оройгүй үргэлжлүүлэн өргөхийн тулд байв.
37|15103456|15974519|Тэдний хамт Хеман, Иедутун болон ЭЗЭНий энэрэл хайр үүрдийнх учир Түүнд талархал өргөж байхаар нэрс нь тогтоогдож, сонгогдсон бусад хүмүүсийг үлдээв.  Хеман Иедутун нар эгшиглүүлэх бүрээ, цан, Бурханы магтаалд зориулсан хөгжмийн зэмсгүүдтэйгээ тэдэн дээр байлаа.
38|16008520|16434394|Иедутуны хөвгүүд нь хаалгач болов.  Тэгээд бүх ард олон өөр өөрийн гэр уруу явцгааж, Давид ч өөрийн гэрийнхнийг ерөөхөөр буцав.
