verse|start|end|sentence
1|95785|545825|арвангуравдугаар бүлэг Иудаг Абиа хаанчлав Иеробоам хааны арван наймдугаар онд Абиа Иудагийн хаан болжээ.
2|572682|720594|Тэрээр Иерусалимд гурван жилийн турш хаанчлав. 
3|745995|1964302|Түүний эх Гибеагийн Уриелийн охин Микаиа байв. Абиа, Иеробоам нарын хооронд дайн болж байлаа.  Абиа дөрвөн зуун мянган шилдэг эр, эрэлхэг дайчидтай тулааныг эхлүүлж байхад, Иеробоам түүний эсрэг найман зуун мянган шилдэг, эрэлхэг хүчтэнүүдтэй тулааныг эхлүүлэв.  Абиа, Ефраимын уулсын нэг болох Земараим уулан дээр зогсоод Иеробоам болон бүх Израиль аа, намайг сонсогтун
4|1991159|2393042|Израилийн Бурхан ЭЗЭН, Израилийг захирах эрхийг давсан гэрээгээр Давид болон түүний хөвгүүдэд мөнхөд өгснийг та нар мэдэхгүй гэж үү
5|2425500|2744695|Гэтэл Давидын хүү Соломоны зарц болох Небатын хүү Иеробоам эзнийхээ эсрэг босож тэрслэв.
6|2772787|3891604|Түүн дээр хамгийн олиггүй, үл бүтэх хүмүүс цугларцгаасан бөгөөд Соломоны хүү Рехобоамыг балчир, туршлагагүй, өөдөөс нь зогсож чадахааргүй байхад нь түүний эсрэг тэд хүчээ нэгтгэлээ.  Та нар үй олуулаа бөгөөд өөрсдөд чинь бурхад болгон Иеробоамын бүтээсэн алтан тугалуудаа авчирсан тул одоо Давидын хөвгүүдийн гарт байдаг ЭЗЭНий хаанчлалыг тэсвэрлэнэ хэмээн бодож байна.
7|3919608|4368590|Та нар ЭЗЭНий тахилч нар болох Аароны хөвгүүдийг болон левичүүдийг хөөн зайлуулж, өөр газрын ард түмнүүдийн адил өөрсдөдөө тахилчдыг томилсон бус уу
9|6705581|7155798|эцэг өвгөдийнхөө Бурхан ЭЗЭНий эсрэг бүү дайтагтун. Та нар амжилтад хүрэхгүй шүү дээ гэв.  Харин Иеробоам тэдний араас нь орж ирэх отолт явуулжээ.
10|7179656|7658670|Ингээд Иудагийн урд талд Израиль, ар талд нь отолт байв.  Иудачууд эргэх үедээ, харагтун, урдаасаа араасаа зэрэг довтлуулжээ.
12|9764048|10992277|Иешанаг гацаануудынх нь хамт болон Ефроныг гацаануудынх нь хамт булаан авав. Абиагийн өдрүүдэд Иеробоам хүчээ сэргээж чадсангүй. ЭЗЭН түүнийг цохисонд тэрээр үхэв. Харин Абиа хүчирхэгжив. Тэр арван дөрвөн эхнэр авч, хорин хоёр хүү, арван зургаан охин төрүүлэв.  Абиагийн бусад үйл хэрэг, түүний замнал ба түүний үгс нь эш үзүүлэгч Иддогийн тэмдэглэлд бичигдсэн билээ.
