verse|start|end|sentence
2|2699228|3281877|Тиймээс Соломон чуулганы хамт түүнийг зорин очжээ.  Соломон тэнд уулзалтын майхны урд байсан хүрэл тахилын ширээ уруу өгсөж ЭЗЭНий өмнө очоод, мянган шатаалт тахил тахив.
3|3304413|3753880|Бурхан тэр шөнө Соломонд үзэгдэж Би чамд юу өгөх вэ Надаас гуйгтун гэж айлдав. Бурханд хандан Соломон
4|3773989|4317081|Та эцэг Давидад минь агуу их хайр энэрлийг үзүүлж, намайг түүний оронд хаан болголоо. Одоо Бурхан ЭЗЭН минь ээ, миний эцэг Давидад өгсөн Таны амлалт биелэгдэг.
5|4340366|5182896|Учир нь Та намайг газрын тоос шороо мэт үй олон ард түмний хаанаар томиллоо.  Энэ ард түмний өмнө би орж гарч явах мэргэн ухаан, мэдлэгийг надад өгөөч. Учир нь Таны энэ агуу их ард түмнийг хэн удирдаж чадах билээ гэв.
6|5209092|5271493|Бурхан түүнд
