verse|start|end|sentence
2|3489103|4594514|Үнэндээ таны мэргэн ухаан, агуу байдал тань миний сонсож дуулсан сургаас үлэмж давуу ажээ. Таны хүмүүс юутай ерөөлтэй вэ Таны өмнө үргэлж зогсож, таны мэргэн ухааныг сонордох эдгээр албат нар тань юутай ерөөлтэй вэ Таныг таалан Бурхан ЭЗЭНий төлөө хаан болгохоор таныг сэнтийдээ залсан таны Бурхан ЭЗЭН магтагдах болтугай.
3|4618945|5148454|аны Бурхан, Израилийг хайрлан, түүнийг мөнхөд тогтоосон учир шүүлт ба үнэн зөвийг гүйцэлдүүлэхийн тулд таныг тэдний дээр хаан болгосон ажээ гэж хэлэв.
4|5174605|5881617|Тэгээд тэрээр хаанд зуун хорин талант алт, арвин их анхилуун үнэртэн болон эрдэнийн чулуу бэлэглэв. Шебагийн хатан хаанаас Соломон хаанд бэлэглэсэн шиг тийм их анхилуун үнэртнүүд хэзээ ч байгаагүй билээ.
5|5905739|6311106|Түүнчлэн Офироос алт тээн авчирсан Хурамын зарц нар болон Соломоны зарц нар мөн улаан мод, эрдэнийн чулуу авч ирэв.
6|6332892|6692130|Хаан улаан модоор ЭЗЭНий өргөө болон хааны өргөөний шатнууд мөн дуучдад зориулан ятга ба босоо ятгууд хийв.
7|6717312|7294140|Тэдгээртэй адил зүйлс урд өмнө Иуда нутагт үзэгдсэнгүй билээ.  Соломон хаан Шебагийн хатан хаанд авчирсан бэлгээс нь хамаагүй илүүгээр түүний хүссэн бүхнийг өгчээ.
8|7314514|7507539|Тэгээд хатан хаан зарц нарынхаа хамт нутагтаа буцлаа.
10|9155601|9569214|Хаан эдгээрийг Ливаны ойн өргөөндөө тавьж хадгалав.  Хаан зааны ясаар асар том сэнтий урлаж шижир алтаар бүрэв.
13|15964993|16155020|Хүү Рехобоам нь түүний оронд хаан болов.
