verse|start|end|sentence
1|70868|1263553|хорьдугаар бүлэг Зүүн зүгээс халдав Үүний дараа Моабын хөвгүүд, Аммоны хөвгүүд зарим меуничүүдийн хамтаар Иехошафатын эсрэг дайтахаар ирэв.  Хэсэг хүн ирж, Иехошафатад мэдээлж Далайн чанадаас, Арамаас асар их цэрэг таны эсрэг ирж байна. Харагтун, тэд Хазазон-тамарт буюу нөгөө Енгедид байна гэв.
2|1285515|2294743|Иехошафат айж, ЭЗЭНийг эрэлхийлэхээр анхааралаа хандуулсан ба бүх Иуда даяар мацаг барилтыг зарлав.  Ингээд ЭЗЭНээс тусламж хүсэхээр иудачууд хамтдаа цугларчээ. ЭЗЭНийг эрэлхийлэхээр тэд Иудагийн бүх хотоос ирэв. Иехошафатын залбирал ба ялалт
3|2320806|2687718|Тэгээд Иехошафат Иуда болон Иерусалимын чуулганы дунд, ЭЗЭНий өргөөнд шинэ хашааны өмнө зогсоод,  залбиран
4|2707695|2940014|Бидний эцэг өвгөдийн Бурхан, ЭЗЭН, Та тэнгэр дэх Бурхан бус уу
5|2965460|3155399|Та үндэстнүүдийн бүх хаанчлалыг захирагч биш гэж үү
6|3179433|3411223|Хүч чадал Таны мутарт байдаг тул Таны эсрэг зогсож хэн ч үл чадна.
8|9060477|9544298|Та нар энэ тулалдаанд дайтах хэрэггүй. Иуда болон Иерусалим аа, өөрсдийгөө жагсаан, зогсоож, та нарт зориулсан ЭЗЭНий авралыг харагтун гэв.
