verse|start|end|sentence
1|77439|175209|наймдугаар бүлэг
2|199287|342392|Соломоны бусад үйл хэрэг
5|4092215|4149104|Тэгээд Соломон
6|4170713|4373838|Миний эхнэр Израилийн хаан Давидын өргөөнд заларч болохгүй.
8|7695758|7801025|ЭЗЭНий өргөө бэлэн болов.
9|7826338|8879049|Тэр үед Едомын нутаг дахь тэнгисийн эргийн Езион-гебер болон Елот уруу Соломон явав.  Хурам хөлөг онгоц болон далайг сайн мэддэг зарц нараа түүний зарц нарын удирдлага дор явуулжээ. Тэд Соломоны зарц нарын хамт Офирт очоод тэндээс дөрвөн зуун тавин талант алт авч Соломон хаанд авчирсан юм.
