verse|start|end|sentence
1|84407|1368378|хоринтавдугаар бүлэг Амазиагийн хаанчлал Амазиа хаан болохдоо хорин таван настай байсан бөгөөд тэрээр Иерусалимд хорин есөн жил хаанчилжээ. Түүний эхийг Иерусалимын Иехоаддан гэдэг байв. Тэрээр ЭЗЭНий мэлмийд зөв зүйтэйг үйлдсэн ч бүх зүрх сэтгэлээсээ үйлдсэнгүй. Хаанчлал түүний гарт бат атгагдмагц тэрээр хаан эцгийг нь хороосон зарц нараа цаазлав.
2|1391884|1883158|Харин Мосегийн хуулийн номд бичигдсэний дагуу ЭЗЭН Хөвгүүдээс нь болж эцгүүдийг нь цаазалж болохгүй мөн эцгүүдээс нь болж хөвгүүдийг нь ч цаазалж болохгүй.
4|6115479|6518112|Амазиа зоригжин, ард түмнээ удирдав. Тэрээр Давст Хөндий  уруу хөдөлж, Сеирийн хөвгүүдээс арван мянган хүнийг алав.
6|9207683|10213471|Эш үзүүлэгч зогсоод Чи үүнийг үйлдэж, зөвлөгөөг минь сонсоогүй учраас Бурхан чамайг устгахаар төлөвлөснийг би мэднэ гэлээ. Иудаг Израиль ялав Тэгэхэд Иудагийн хаан Амазиа зөвлөлдөж, Иехүгийн ач, Иехоахазын хүү Израилийн хаан Иоашт элч илгээн
