verse|start|end|sentence
1|88773|313242|зургаадугаар бүлэг ЭЗЭНий өргөөг зориулсан нь
2|352623|409909|Тэгээд Соломон
3|434958|1685149|Үүл манан дунд Би оршмуй хэмээн ЭЗЭН айлтгалаа Үүрд мөнх Түүний залрах газар, Цог жавхлант өргөөг би барьж босголоо гэж хэлэв. Тэгээд хаан эргэн харж, Израилийн бүх чуулганыг тэнд зогсож байхад нь тэднийг ерөөлөө. Тэрээр Өөрийн амаар миний эцэг Давидад айлдсан бүхнээ Өөрийнхөө мутраар биелүүлж өгсөн Израилийн Бурхан ЭЗЭН магтагдах болтугай.
4|1719238|2970884|Тэрээр айлдахдаа, Би ард түмнээ Египет газраас удирдан гаргасан өдрөөс хойш Өөрийн нэрийг байлгах өргөөг бариулах гэж Израилийн бүх овгоос аль ч хотыг сонгоогүй мөн Миний ард түмэн Израилийг удирдах ямар ч хүнийг Би сонгоогүй байв. 6 Харин Би нэрээ тавихын тулд Иерусалимыг сонгож, Өөрийн ард түмэн Израилийг захируулахаар Давидыг сонгосон билээ гэсэн юм.
5|3004621|3314556|Израилийн Бурхан ЭЗЭНий нэр алдрын төлөө өргөө барих нь миний эцэг Давидын зүрхэнд байсан юм.
6|3353981|3473889|Харин ЭЗЭН миний эцэг Давидад
8|5166491|5281548|Соломоны залбирал
9|5302054|6388370|Тэгээд Соломон Израилийн бүх чуулганы өмнө ЭЗЭНий тахилын ширээний урд зогсоод, гараа сунгав. Соломон таван тохой урт, таван тохой өргөн, гурван тохой өндөр хүрэл тавцан хийгээд, хашааны голд байрлуулсан байжээ. Тэрээр тавцан дээр гарч, Израилийн бүх чуулганы өмнө өвдөг сөгдөн, тэнгэр өөд гараа сунгав.
11|7816195|8527617|Чи Миний өмнө явсны адил хэрэв чиний хөвгүүд Миний хууль дотор явахын тулд өөрсдийн замаа анхааран сахих аваас Израилийн сэнтийд суух хүн Миний өмнө чамд тасрахгүй гэж айлдан амласнаа сахин биелүүлнэ үү
12|8548652|9371602|Тиймээс, Израилийн Бурхан ЭЗЭН минь ээ, Та Өөрийн зарц Давидад хэлсэн үгээ бататгаж өгөөч Гэхдээ Бурхан үнэхээр газар дээр хүн төрөлхтний хамт оршино гэж үү Харагтун, тэнгэр болон тэнгэрсийн тэнгэр ч Таныг багтааж чадахгүй.
13|9398459|9581695|Тэгвэл миний барьсан энэ өргөө хичнээн өчүүхэн юм бэ
14|9602775|9797344|Гэсэн ч боолынхоо залбирал, айлтгалыг анхааран үзээч.
15|9823363|11071481|Бурхан ЭЗЭН минь ээ Боол тань Таныхаа өмнө залбирсан энэ залбирал, хашхирах гуйлтыг сонсооч.  Энэ газарт хандан залбирах зарцынхаа залбирлыг сонсохын тулд Миний нэр тэнд байг гэж Өөрийн айлдсан тэр газар буюу энэ өргөөн дээр Таны мэлмий өдөр ч, шөнө ч тусах болтугай! Энэ газарт хандсан Таны боол болон Таны ард түмэн Израилийн гуйлтыг Та сонсооч.
19|22809137|23798432|Өө, ЭЗЭН Бурхан минь, тахилчид чинь авралаар хувцаслаж, бишрэлтнүүд чинь сайн зүйлсэд баярлаг Өө, ЭЗЭН Бурхан минь, тослогдсон нэгнээсээ нүүр бүү буруулаач Өөрийн зарц Давидад үзүүлсэн хайр энэрэлээ дурсан санаач гэв.
