verse|start|end|sentence
2|3983376|4232497|Харин Иехошафат түүнд Хаан хүн ингэж ярьж боломгүй гэжээ.
4|5697940|6697114|Бүх эш үзүүлэгчид Рамот-гилеад уруу явж, ялагтун. Учир нь ЭЗЭН тэр хотыг хааны гарт өгнө гэж эш үзүүлцгээж байлаа. Микаиаг дуудахаар явсан элч түүнд Харагтун, эш үзүүлэгчдийн үгс нэгэн дуугаар хааны талд байна. Үгээ тэдний нэгнийх нь үг шиг болгож, сайныг яригтун гэв.  Харин Микаиа
5|6717664|6950204|ЭЗЭН амьд Бурхан надад юу хэлнэ, түүнийг л би ярих болно гэлээ.
6|6974547|8149062|Түүнийг хааны өмнө ирэхэд хаан түүнээс Микаиа, бид Рамот-гилеадыг довтлохоор хөдлөх үү эсвэл би түдгэлзэх үү гэж асуусанд Микаиа түүнд Явж, ялагтун. Тэд таны гарт өгөгдөх болно гэжээ.  Хаан харин түүнд ЭЗЭНий нэр дээр надад зөвхөн үнэнээс өөр юуг ч хэлэхгүй байхыг би чамаас хичнээн удаа гуйх юм бэ гэхэд нь  Микаиа
7|8178962|8413927|Бүх Израиль хоньчингүй хоньд мэт Уулсын оройгоор тархан явахыг би харлаа.
8|8437564|9302762|ЭЗЭН айлдахдаа Тэдэнд эзэн байхгүй. Тэд бүгд өөр өөрсдийн гэртээ амар тайван харьцгааг гэв хэмээв. Тэгэхэд Израилийн хаан, Иехошафатад Тэр миний тухай сайн юм эш үзүүлдэггүй, харин ёрын мууг л эш үзүүлдэг гэж би чамд хэлсэн биш бил үү гэв.  Микаиа
9|9322916|9813087|Тиймээс ЭЗЭНий үгийг сонсогтун ЭЗЭН сэнтийдээ залран Түүний баруун, зүүн талаар тэнгэрийн бүх дайчид хүрээлэн зогсож байхыг би харсан юм.  ЭЗЭН 
