verse|start|end|sentence
1|73294|208328|долоодугаар бүлэг
2|233906|1180380|Соломоны зориулалт Соломоныг залбирч дуусахад тэнгэрээс гал буун ирж, шатаалт тахилыг болон тахилуудыг шатаасан бөгөөд ЭЗЭНий сүр жавхлан өргөөг дүүргэв. ЭЗЭНий сүр жавхлан ЭЗЭНий өргөөг дүүргэснээс болж тахилч нар ЭЗЭНий өргөөнд нэвтрэн орж чадахгүй байлаа.
4|3583345|3768124|Тахилчид өмнө нь бүрээ үлээж байхад бүх Израиль зогсож байв.
5|3792335|3981392|Тэгээд Соломон, ЭЗЭНий өргөөний өмнөх хашааны төвийг ариусгав.
