verse|start|end|sentence
1|91242|191746|хорин зургаадугаар бүлэг
3|8189502|9238156|түүний зүрх сэтгэл ихэд бардам болсноос болж тэрээр завхарч, өөрийн Бурхан ЭЗЭНий эсрэг харш юм хийв. Тэрээр утлагын тахилын ширээн дээр утлага уугиулахаар ЭЗЭНий сүмд орсон юм. Түүний араас тахилч Азариа болон түүнтэй хамт зоригт эрс болох ЭЗЭНий наян тахилч орсон билээ. Тэд Уззиа хааныг эсэргүүцэж, түүнд
4|9261220|9672188|Уззиа, ЭЗЭНд утлага уугиулах нь чиний үүрэг биш, харин утлага өргөхөөр ариусгагдсан Аароны хөвгүүд болох тахилч нарын үүрэг юм.
5|9696443|10915191|Ариун газраас гарагтун, учир нь чи харш юм үйлдсэн бөгөөд ЭЗЭН Бурханаас хүндлэл хүртэхгүй болно гэв. Харин Уззиа утлага өргөхөөр утлагын бойпорыг гартаа барин, уурлаж хилэгнэжээ. Түүнийг тахилч нарт уурлан хилэгнэж байх үед духан дээр нь уяман өвчин гарчээ. Энэ нь тахилч нарын өмнө ЭЗЭНий өргөөнд, утлага уугиулдаг тахилын ширээний хажууд болсон билээ.
6|10939225|11683413|Ахлах тахилч Азариа болон тахилч нар бүгд түүн уруу эргэтэл, харагтун, тэр духан дээрээ уяман өвчтэй болсон байв. Тэд түүнийг тэндээс түргэхэн гаргажээ. ЭЗЭН түүнийг цохисон учраас Уззиа өөрөө ч бас гарах гэж яаравчлав.
