verse|start|end|sentence
1|92786|157128|есдүгээр бүлэг
2|184602|310111|Харийнхантай урагласныг буруушаав
3|340187|481483|Энэ явдлууд өнгөрсний дараа ноёд надад ирж
4|503048|1179763|Израилийн ард түмэн, тахилч нар болон левичүүд энэ нутгийн жигшүүрт зүйлс бүхий хүмүүсээс, канаанчууд, хитчүүд, перизчүүд, иебусчууд, аммончууд, моабчууд, египетчүүд ба аморичуудаас өөрсдийгөө тусгаарласангүй.
5|1208781|1559905|Тэдний охидоос өөрсдөдөө болон хөвгүүддээ эхнэр авч, ариун үндэстний үрийг тэр газрын ард түмнүүдтэй холилдуулсан юм.
6|1584027|2162796|Захирагч тэргүүлэгчдийн гар энэхүү итгэлгүй байдалд хамгийн түрүүнд оролцсон гэв. Энэ явдлын тухай би сонсоод хувцас, нөмрөгөө урж, толгой, сахлынхаа үсийг зулгаан балмагдаж суув.
7|2195474|2717618|Тэгэхэд олзлолоос ирэгсдийн үнэнч бусын учир Израилийн Бурханы үгсээс бүгд айн чичирч, над дээр цугларав. Гэвч би оройн тахил хүртэл балмагдсан хэвээр суув.
8|2748488|2826677|Езрагийн залбирал
9|2860987|3343706|Гэвч оройн тахилын үед би хувцас, нөмрөгөө урж, өөрийн дорд байдлаас босож, өвдөг сөхрөн унаж, өөрийн Бурхан ЭЗЭНд гараа дэлгэв. Тэгээд би
10|3376913|3958019|Өө, Бурхан минь Би Таны өөдөөс нүүрээ өргөхөөс ичиж зовж байна, Бурхан минь. Учир нь бидний хууль бус явдал толгойг маань давж, бидний хилэнц тэнгэрт тултлаа өсжээ.
12|5543193|6402658|Бид хэдийгээр боол ч, биднийг боолчлолд байсан ч Бурхан маань биднийг орхилгүй, харин ч Персийн хаадын өмнө бидэнд энэрэл хайраа үзүүлэн биднийг дахин сэргээж, бидний Бурханы өргөөг босгон түүний нурангийг сэргээн бидэнд Иуда болон Иерусалимын хамгаалах даланг өгчээ.
13|6435027|6937106|Одоо, Бурхан минь, үүний дараа бид юу хэлэх вэ Учир нь бид Таны тушаалуудыг орхисон. Та тэдгээрийг Өөрийн эш үзүүлэгчид болох зарц нараараа дамжуулан ийн тушаасан.
14|6974194|7265871|Та нарын эзэмшихээр орж ирж буй газар нь энэ газруудын хүмүүсийн бузар байдлаар бузартсан газар юм.
15|7299608|7615011|Тэд энэ газрыг жигшүүрт зүйлсээрээ болон бузар байдлаараа нэг захаас нөгөө захыг хүртэл дүүргэсэн.
16|7645176|7896546|Тиймээс одоо охидоо тэдний хөвгүүдэд бүү өг, тэдний охидыг ч хөвгүүддээ бүү ав
17|7928209|8554032|Та нар тэдний амар амгаланг эсвэл сайн сайхныг хэзээ ч бүү эр Тэгснээр та нар хүчирхэг байж, газрын шимээр хооллож, үүнийг үр хүүхдүүддээ өв болгон үүрд үлдээх юм гэсэн билээ.
18|8584814|9537771|Бидний ёрын муу үйлийн асар их ялаас болж бидний дээр ирсэн энэ бүхний эцэст Бурхан минь, Та бидний хилэнцээс хавьгүй хөнгөн шийтгэж, бидэнд энэ мэт үлдэж хоцрогсдыг өгснөөс хойш бид дахин Таны тушаалуудыг зөрчиж, эдгээр жигшүүрт зүйлсийг үйлдэгч ард түмнүүдтэй ураг төрөл болно гэж үү
19|9571023|10645563|Биднийг нэг ч үлдэгсэдгүй, нэг ч зугтагсадгүй болтол бүү устгаач. Та бидэндээ ингэтлээ бүү хилэгнээч. Өө, Израилийн Бурхан ЭЗЭН, Та зөвт. Энэ өдөр, Та биднийг зугтаалган, үлдэгсэд болгосон. Харагтун, Таны өмнө бид ялтай. Учир нь хэн ч үүний улмаас Таны өмнө зогсож чадахгүй гэв.
