verse|start|end|sentence
1|88376|1142190|ЕЗРА нэгдүгээр бүлэг Вавилоны олзлол эцэслэв  Иеремиагийн амаар дамжуулсан ЭЗЭНий үг биелэгдэхийн тулд Персийн хаан Корешийн анхдугаар онд Персийн хаан Корешийн сүнсийг ЭЗЭН хөдөлгөв. Тэрээр өөрийн хаанчлал даяар тунхаг илгээсэн бөгөөд бичгээр гаргасан зарлигтаа тунхаглахдаа Персийн хаан Кореш ийнхүү айлдаж байна.
2|1168870|1624026|Тэнгэрийн Бурхан ЭЗЭН, надад дэлхийн бүх хаанчлалыг өгсөн билээ. Одоо Тэрээр надад Иуда дахь Иерусалимд Өөрт нь зориулан өргөө барихыг даалгав.
3|1646914|2865794|Бурханы ард түмнээс та нарын дунд буй хэнтэй нь ч тэр, Бурхан хамт байг Тэд Иуда дахь Иерусалим уруу явж, Израилийн Бурхан, ЭЗЭНий өргөөг дахин бариг. Тэр бол Иерусалимд байдаг Бурхан мөн. Иерусалим дахь Бурханы өргөөнд зориулах сайн дурын өргөл бас мөнгө, алт, эд бараа, мал сүргээр Түүний амьд үлдсэн бүх хүнийг хаа байгаа газрынх нь хүмүүс тэтгэх болтугай гэв.
4|2896223|3470229|Тэгэхэд Иуда болон Бениамины эцгүүдийн бүлийн тэргүүнүүд, тахилч нар ба левичүүд бас Иерусалим дахь ЭЗЭНий өргөөг барихын тулд явуулахаар Бурханаас сүнсийг нь хөдөлгөсөн хүн бүр босоцгоов.
6|5410540|5854451|Бүх алт, мөнгөн эд юмс таван мянга дөрвөн зуу байв. Цөлөгдөгсдийг Вавилоноос Иерусалим уруу авчрахдаа Шешбазар энэ бүгдийг хамт аваачив.
