verse|start|end|sentence
1|92521|170490|наймдугаар бүлэг
2|201140|324355|Езратай хамт буцсан бүлийн тэргүүн нар
3|355093|725533|Артаксеркс хааны хаанчлалын үед надтай хамт Вавилоноос явсан эцгүүдийн бүлийн тэргүүнүүд удмын бичигтэйгээ энэ болой.
4|758387|1386592|Финехасын хөвгүүдээс Гершом, Итамарын хөвгүүдээс Даниел, Давидын хөвгүүдээс Хаттуш, Парошийн хөвгүүдийнх болох Шеканиагийн хөвгүүдээс Зехариа болон түүнтэй хамт удмын бичигт тэмдэглэгдсэн зуун тавин эр
5|1413846|2298051|Пахат моабын хөвгүүдээс Зерахиагийн хүү Елиехоенаи болон түүнтэй хамт хоёр зуун эр, Шеканиагийн хөвгүүдээси Иахазиелын хүү болон түүнтэй хамт гурван зуун эр, Адины хөвгүүдээс Ионатаны хүү Ебед болон түүнтэй хамт тавин эр
6|2329626|2577600|Еламын хөвгүүдээс Аталиагийн хүү Иешаиа болон түүнтэй хамт далан эр
8|4544549|4913886|Бурханы өргөөний үйлчлэл Би тэднийг Ахава уруу урсдаг гол дээр цуглуулж, тэнд бид гурав хоног буудаллав.
9|4936289|5822743|Би хүмүүсийг болон тахилч нарыг ажиглаж байхдаа тэндээс нэг ч леви хүнийг олсонгүй.  Тэгээд би Елиезер, Ариел, Шемаиа, Елнатан, Иариб, Елнатан, Натан, Зехариа ба Мешуллам гэх тэргүүнүүд болон Иоиариб, Елнатан гэх багш нарыг дуудуулахаар хүмүүсийг илгээв.
10|5844396|6580866|Би тэднийг Касифиа газрын удирдах хүн Иддо уруу илгээв. Бидний Бурханы өргөөнд зориулан бидэн уруу үйлчлэгчдийг ирүүлэхийн тулд Иддо болон Касифиа газар дахь сүмийн үйлчлэгчид болох түүний ах дүү нарт юу хэлэхийг би тэдэнд зааж өгөв.
11|6602034|7060057|Бидний дээрх Бурханы сайн мутрын дагуу тэд бидэнд нэгэн билиг ухаантай хүн болох Шеребиа болон түүний хөвгүүд, ах дүү нар арван найман хүнийг авчрав.
12|7080872|7298594|Шеребиа Израилийн хүү, Левийн хүү Махлийн хөвгүүдээс гаралтай юм.
13|7320688|8206701|Хашабиа болон Мерарийн хөвгүүдээс Иешаиа, өөрийн ах дүү нар болон тэдний хөвгүүдтэй хамт хорин хүн, мөн левичүүдэд үйлчлүүлэхээр Давид ба ноёдын өгсөн сүмийн үйлчлэгчдээс хоёр зуун хорин хүн буюу бүгд нэр нэрээрээ тэмдэглэгдсэн юм.Хамгаалалтын төлөөх залбирал ба мацаг
14|8229897|8851178|Тэгээд Түүнээс өөрсдийнхөө болон багачууд, бүх эд хөрөнгөнийхөө төлөө аюулгүй аян замыг гуйхын тулд Бурханыхаа өмнө өөрсдийгөө номхтгохоор би тэнд Ахава голын дэргэд мацаг барилт зарлав.
15|8874639|9202435|Учир нь замд учрах дайснаас хамгаалуулахын төлөө цэрэг ба морьтонгуудыг хаанаас гуйхаас би ичсэн юм.
16|9225940|9751392|Учир нь бид хаанд Бидний Бурханы мутар Өөрийг нь эрж буй бүхэнд ээлтэй ханддаг боловч, Түүний хүч чадал, уур хилэн Өөрийг нь орхидог бүхний эсрэг байдаг гэж хэлсэн юм.
17|9772251|10072440|Тиймээс бид мацаг барьж, энэ асуудлын тухайд Бурханаа эрэлхийлсэн бөгөөд Тэр гуйлтыг минь сонсов.
18|10094269|10211090|Бурханы өргөөнд зориулсан бэлэг
19|10233581|11147112|Тэгээд би арван хоёр удирдах тахилч нар болох Шеребиа, Хашабиа болон тэдний хамт ах дүү нараас арвыг тусгаарлаж, хаан болон түүний зөвлөхүүд, түүний ноёд болон тэнд байсан израильчууд бүгдээс манай Бурханы өргөөнд зориулан өргөсөн алт, мөнгө, сав суулгууд өргөлүүдийг би тэдэнд жинлэж өгөв.
20|11168236|11681913|Ийнхүү би тэдний гарт зургаан зуун тавин талант мөнгө, зуун талантын үнэтэй мөнгөн сав суулгууд, зуун алтан талант, мянган дарикийн үнэтэй хорин алтан аяга
21|11703699|12397568|алт мэт үнэтэй гялалзсан хоёр нарийн хүрэл савыг жинлэж өгөв. Тэгээд би тэдэнд Та нар ЭЗЭНд ариун. Сав суулгууд ч ариун. Эдгээр мөнгө, алт та нарын эцэг өвгөдийн Бурхан ЭЗЭНд сайн дураар өргөсөн өргөл билээ.
22|12418515|13441327|ЭЗЭНий өргөөний өрөөнүүдэд, Иерусалим дахь Израилийн эцгүүдийн бүлийн тэргүүнүүд, левичүүд болон удирдах тахилч нарын өмнө жинлэж өгтлөө тэднийг сонор соргог хадгал гэв. Тэгээд жинлэж өгсөн алт, мөнгө ба сав суулгуудыг Иерусалим уруу бидний Бурханы өргөөнд авчрахаар тахилч нар болон левичүүд хүлээн авцгаав.Иерусалимын зүг
23|13461260|14044615|Дараа нь бид Ахава голоос Иерусалим уруу явахаар нэгдүгээр сарын арван хоёронд гарлаа. Манай Бурханы мутар бидний дээр байсан бөгөөд Тэр биднийг замын дагуух отолтууд болон дайсны гараас гэтэлгэв.
24|14064504|14214885|Ийнхүү бид Иерусалимд ирж, тэнд гурав хоног байлаа.
25|14237596|15073027|Тэгээд дөрөв дэх өдөр алт, мөнгө ба сав суулгуудыг бидний Бурханы өргөөнд тахилч Уриагийн хүү Меремотын гарт жинлэж өгөв. Түүнтэй хамт Финехасын хүү Елеазар байсан бөгөөд тэдэнтэй хамт левичүүд болох Иешуагийн хүү Иозабад ба Биннуин хүү Ноадиа нар байв.
26|15094151|15356016|Нэгбүрчлэн тоогоор нь, жингээр нь мөн бүх жин хэмжээг нь тэр үед тэмдэглэж авсан юм.
27|15375906|15586571|Олзлолоос ирсэн цөлөгдөгсөд Израилийн Бурханд шатаалт тахил тахив.
28|15609195|16103732|Бүх Израильд арван хоёр бух, ерэн зургаан хуц, далан долоон хурга, нүглийн тахилын арван хоёр ухна энэ бүгдийг ЭЗЭНд шатаалт тахил болгон тахив.
29|16125164|16607751|Тэгээд тэд Евфрат мөрний тэртээх захирагчид ба хааны засаг ноёдод хааны зарлигийг уламжилсан бөгөөд тэд хүмүүсийг болон Бурханы өргөөг тэтгэн туслав.
