verse|start|end|sentence
1|91287|158715|долоодугаар бүлэг
2|189409|270200|Езрагийн үйлс
4|2338931|2599783|ЭЗЭН Бурханых нь мутар түүний дээр байсан учир хаан түүний хүссэн бүхнийг түүнд соёрхжээ.
5|2625317|3174450|Израилийн хөвгүүдийн зарим нь, тахилч нарын зарим нь, левичүүд, дуучид, дааман хаалганы сахиулууд, сүмийн үйлчлэгчид Артаксеркс хааны долдугаар онд Иерусалим уруу  явцгаав.
6|3197029|3390275|Тэрээр хааны долдугаар оны тавдугаар сард Иерусалимд ирэв.
7|3413031|3551814|Нэгдүгээр сарын нэгэнд Вавилоноос аян зам эхэлж
8|3573864|3838067|Бурханых нь ивээлт мутар түүний дээр байсан учир тавдугаар сарын нэгэнд Иерусалимд иржээ.
9|3859808|4239862|Учир нь Езра, ЭЗЭНий хуулийг судалж, түүнийг хэрэгжүүлэхэд, Израильд Түүний тогтоол, зарлигуудыг заахад зүрхээ зориулсан юм.
10|4285858|5189070|Езрад бичсэн Артаксеркс хааны захидал ЭЗЭНий тушаалуудын үгс ба Түүний Израильд өгсөн тогтоолд суралцсан гүүш, тахилч Езрад өгсөн хаан Артаксерксийн захидлын хуулбарыг сийрүүлбэл, Хаадын хаан Артаксерксээс тэнгэрийн Бурханы хуулийн гүүш, тахилч Езрад
11|5210900|5761179|Төгс амгалан байтугай Одоо миний хаанчлалд буй, Иерусалим уруу явахыг хүсэж байгаа Израилийн ямар ч хүн, тэдний тахилч нар ба левичүүд чамтай хамт явж болно гэж би зарлиг буулгав.
13|7159061|7701227|Чи бух, хуц бас хургануудыг хичээнгүйлэн худалдаж аваад тэднийг идээн өргөл болон ундаан өргөлтэй хамт Иерусалим дахь Бурханыхаа өргөөний тахилын ширээн дээр өргө
14|7726540|8120794|Бурханыхаа хүслийн дагуу чиний бас ахан дүүсийн чинь нүдэнд юу тааламжтай гэснээ чи дээрхээс үлдсэн алт, мөнгөөр хийж болно.
15|8148180|8490705|Бас чиний Бурханы өргөөний үйлчлэлд зориулан чамд өгсөн сав суулгыг Иерусалимын Бурханы өмнө иж бүрэн хүргэ
16|8529954|8823924|Бурханы өргөөний үлдсэн хэрэгцээг хангах хэрэг чамд гарвал тэдгээрийг хааны эрдэнэсийн сангаас ханга
17|8850605|9148941|Хаан Артаксеркс би өөрөө Евфрат мөрний тэртээх бүх жасын няравт зарлиг гаргаж байна.
18|9169360|9475811|Тэнгэрийн Бурханы хуулийн гүүш, тахилч Езра та нараас юу хүснэ, тэр нь чанд гүйцэтгэгдэх ёстой.
19|9496802|9875577|Зуун мөнгөн талант, зуун кор буудай, зуун бат дарс, зуун бат тос мөн давсыг хэрэгтэй хэмжээгээр өг
20|9902963|10142911|Тэнгэрийн Бурханы тушаасан бүхэн тэнгэрийн Бурханы өргөөнд хичээл зүтгэлтэйгээр үйлдэгдэг.
21|10165094|10404998|Учир нь, яагаад хааны эзэнт улс болон түүний хөвгүүд дээр хилэн буух ёстой гэж
22|10432560|11003743|Мөн тахилч нар, левичүүд, дуучид, хаалгачид, Нетиним эсвэл Бурханы өргөөний зарц нарын хэнд ч алба гувчуур, гааль татвар ногдуулж болохгүй гэдгийг бид та нарт мэдэгдэж байна.
23|11027557|11774170|Езра, чи өөрийн гарт буй Бурханыхаа мэргэн ухааны дагуу Евфрат мөрний тэртээх бүх ард түмнийг болон чиний Бурханы хуулиудыг мэддэг ард түмнийг ч хүртэл шүүх шүүгчид ба шүүн шийтгэгчдийг томил. Мэдэхгүй аливаа хүнд зааж өг.
24|11796264|12354306|Чиний Бурханы хуулийг болон хааны хуулийг үл сахигч хэнийг ч болов хатуу яллаж, алах эсвэл цөлөх эсвэл эд хөрөнгийг нь хураах эсвэл шоронд хорих ял тохоон гүйцэтгэг.
25|12378340|12835260|Иерусалим дахь ЭЗЭНий өргөөг гайхамшигтай сайхан болгох энэ зүйлийг хааны зүрхэнд оруулсан, эцэг өвгөдийн маань Бурхан ЭЗЭН магтагдах болтугай.
26|12860353|13209361|Учир нь Тэр, хаан хийгээд хааны зөвлөхүүдийн өмнө, хааны бүх хүчирхэг ноёдын өмнө надад энэрэл хайраа сунгасан.
27|13238290|13623416|Харин миний Бурхан ЭЗЭНий мутар над дээр байсан учир би зориг орж, Израилийн удирдагчдыг өөртэйгөө хамт явуулахаар цуглуулав.
