verse|start|end|sentence
1|92213|149895|хоердугаар бүлэг
2|180501|230466|Эргэж ирэгсэд
3|254942|616650|Эдгээр нь Вавилон уруу Вавилоны хаан Небухаднезарын олзлон авч одсон цөлөгдөгсдөөс буцаж ирсэн уг аймгийн хүмүүс юм.
4|640508|830358|Тэд Иерусалим, Иуда уруу, өөр өөрийн хотод буцаж ирсэн билээ.
5|852541|1344917|Зеруббабел, Иешуа, Нехемиа, Сераиа, Реелаиа, Мордехаи, Билшан, Миспар, Бигваи, Рехум, Баана нартай хамт эдгээр нь ирцгээсэн юм.
6|1370451|1608282|Израилийн ард түмний эрчүүдийн тоо нь Парошийн хөвгүүд хоёр мянга нэг зуун далан хоёр
7|1632405|1755532|Шефатиагийн хөвгүүд гурван зуун далан хоёр
8|1779258|1888273|Арагийн хөвгүүд долоон зуун далан тав
9|1913984|2160723|Иешуа ба Иоабын хөвгүүдийн Пахат-моабын хөвгүүд хоёр мянга найман зуун арван хоёр
10|2182597|2675679|Еламын хөвгүүд мянга хоёр зуун тавин дөрөв, Заттугийн хөвгүүд есөн зуун дөчин тав, Заккаин хөвгүүд долоон зуун жар, Банийн хөвгүүд зургаан зуун дөчин хоёр
11|2697464|2941249|Бебаин хөвгүүд зургаан зуун хорин гурав, Азгадын хөвгүүд мянга хоёр зуун хорин хоёр
12|2962593|3097187|доникамын хөвгүүд зургаан зуун жаран зургаа
13|3119678|3613024|Бигваин хөвгүүд хоёр мянга тавин зургаа, Адины хөвгүүд дөрвөн зуун тавин дөрөв, Хезекиагийн Атерын хөвгүүд ерэн найм, Безаин хөвгүүд гурван зуун хорин гурав
14|3633178|3935880|Иорагийн хөвгүүд зуун арван хоёр, Хашумын хөвгүүд хоёр зуун хорин гурав, Гиббарын хөвгүүд ерэн тав
15|3956034|4347598|Бетлехемийн эрчүүд зуун хорин гурав, Нетофагийн эрчүүд тавин зургаа, Анатотын эрчүүд зуун хорин найм, Азмаветын хөвгүүд дөчин хоёр
16|4369383|4850867|Кириатарим, Хефира болон Бееротын хөвгүүд долоон зуун дөчин гурав, Рама ба Гебагийн хөвгүүд зургаан зуун хорин нэг, Михмасын эрчүүд зуун хорин хоёр
17|4871859|6216203|Бетел ба Аин эрчүүд хоёр зуун хорин гурав, Небогийн хөвгүүд тавин хоёр, Магбишийн хөвгүүд зуун тавин зургаа, өөр Еламын хөвгүүд мянга хоёр зуун тавин дөрөв, Харимын хөвгүүд гурван зуун хорь, Лод, Хадид ба Оногийн хөвгүүд долоон зуун хорин тав, Иерихогийн эрчүүд гурван зуун дөчин тав, Сенаагийн хөвгүүд гурван мянга зургаан зуун гуч. Тахилч нар нь Иешуагийн гэрийн, Иедаиагийн хөвгүүд есөн зуун далан гурав, Иммерийн хөвгүүд мянга тавин хоёр
18|6238297|6480494|Пашхурын хөвгүүд мянга хоёр зуун дөчин долоо, Харимын хөвгүүд мянга арван долоо.
19|6503382|6778875|Левичүүд нь Ходавиагийн хөвгүүдээс, Иешуа ба Кадмиелын хөвгүүд далан дөрөв байв.
20|6799117|6940369|Дуучид нь Асафын хөвгүүд зуун хорин найм.
21|6960523|7405757|Хаалгачдын хөвгүүд нь Шаллумын хөвгүүд, Атерын хөвгүүд, Талмоны хөвгүүд, Аккубын хөвгүүд, Хатитагийн хөвгүүд, Шобаин хөвгүүд, бүгд зуун гучин ес.
23|9589853|10600846|Соломоны зарц нарын хөвгүүд нь Сотаин хөвгүүд, Хассоферетын хөвгүүд, Перудагийн хөвгүүд, Иаалагийн хөвгүүд, Дарконы хөвгүүд, Гидделийн хөвгүүд, Шефатиагийн хөвгүүд, Хаттилын хөвгүүд, Похеретхаззебаимын хөвгүүд, Амигийн хөвгүүд юм. Сүмийн бүх үйлчлэгч ба Соломоны зарц нарын хөвгүүд нь гурван зуун ерэн хоёр байв.
24|10623734|11926227|Телмела, Телхарша, Херуб, Аддан болон Иммерээс ирсэн дараах хүмүүс нь Израилийнх мөн эсэхээ, угсаа удамшил, эцгүүдийнхээ бүлийн тухай баталгаагаа гаргаж чадаагүй бөгөөд тэд нь Делаиагийн хөвгүүд, Тобиа мөн Некодагийн хөвгүүд зургаан зуун тавин хоёр. Тахилч нарын хөвгүүдээс Хабаиагийн хөвгүүд, Хаккозын хөвгүүд мөн гилеад хүн Барзиллаин охидоос эхнэр авч тэдний нэрээр нэрлэгдэх болсон Барзиллаин хөвгүүд юм.
25|11947527|12292875|Тэд өөрсдийгөө удмын бичигт тэмдэглэгдсэнийг хайсан ч олоогүй тул тэд бузар гэж тооцогдон, тахилчийн албанаас хасагдав.
27|13790246|14695134|Тэднийг Иерусалим дахь ЭЗЭНий өргөөнд ирцгээхэд, зарим эцгүүдийн бүлийн тэргүүнүүд Бурханы өргөөнд зориулан түүнийг суурин дээр нь сэргээхийн тулд сайн дураараа өргөцгөөв. Тэд өөр өөрсдийн хэр хэмжээгээрээ ажлын санд жаран нэгэн мянган алтан драхма, таван мянган мөнгөн маанэ, тахилчийн зуун хувцас өгөв.
28|14720712|15351254|Тэгээд тахилч нар болон левичүүд, мөн Иерусалим болон ойр орчимд нь амьдардаг зарим ардууд, дуучид, хаалгачид болон сүмийн үйлчлэгчид өөр өөрсдийн хотдоо мөн бүх Израиль ч бас өөрсдийн хотуудад амьдарцгаав.
