verse|start|end|sentence
1|92213|284533|дөрөвдүгээр бүлэг Сэргээн босголтод саад тулгарав
2|311875|745819|Цөллөгөөс ирсэн хүмүүс Израилийн Бурхан ЭЗЭНд сүм барьж байгааг Иуда, Бениамины дайснууд сонсоод, Зеруббабел ба эцгүүдийн бүлийн тэргүүнүүдэд
3|771308|992117|Бид та нартай хамт барилцъя! Учир нь бид та нартай адил танай Бурханыг хайдаг.
4|1015358|1567622|Биднийг энд авчирсан Ассирийн хаан Есархаддоны өдрүүдээс хойш бид Түүнд тахил өргөсөөр байна гэв. Гэвч Зеруббабел, Иешуа болон Израилийн эцгүүдийн бүлийн бусад тэргүүнүүд тэдэнд
5|1589804|1765455|Манай Бурханд өргөө барих нь биднийх болохоос та нарынх биш
6|1788210|2126546|Персийн хаан Корешийн бидэнд тушаасан ёсоор Израилийн Бурхан ЭЗЭНд зориулан бид өөрсдөө босгох болно гэв.
7|2150624|2434320|Тэгэхэд тэр нутгийн ард түмэн Иудагийн хүмүүсийн гарыг сулруулж, цаашид барихад нь айлгаж байв.
8|2456590|2921228|Тэд Персийн Кореш хааны бүх өдөрт Персийн хаан Дариусынг хаанчлал хүртэл тэдний төлөвлөгөөг нураалгахаар тэдний эсрэг зөвлөгчдийг хөлсөлжээ.
9|2947820|3057629|Иерусалимыг сэргээхийг эсэргүүцэв
10|3085721|3457925|Ахашверошийн хаанчлалын үед, түүний хаанчлалын эхэнд тэд Иерусалим ба Иудагийн оршин суугчдын эсрэг заргын бичиг бичив.
11|3485884|4108532|артаксерксийн өдрүүдэд Бишлам, Митредат, Табеел болон түүний бусад хамтрагчид Персийн Артаксеркс хаанд захидал бичсэн бөгөөд уг захидлын эх бичиг арам хэлээр бичигдэж арамаас орчуулагдсан болно.
12|4130538|4464198|Захирагч Рехум болон гүүш Шимшаи нар Артаксеркс хаанд Иерусалимын эсрэг дараах захиаг бичив.
13|4488409|5570932|Захирагч Рехум, гүүш Шимшаи болон тэдний бусад хамтрагчид, шүүгчид, бага тушаалын захирагчид, албан хаагчид, нарийн бичгийн дарга нар, Ерехийн хүмүүс, вавилончууд, Сусын хүмүүс болох еламчууд, бусад хүмүүс буюу агуу, хүндэт Оснаппарын Самарийн хот хийгээд Евфрат мөрний тэртээх бусад газар шилжүүлэн суурьшуулсан хүмүүс хамт бичив гэв.
14|5598186|5944503|Тэдний түүнд илгээсэн захианы энэ хуулбарт Артаксеркс хаанд таны зарц, Евфрат мөрний тэртээх хүмүүс илгээв.
15|5966641|6513173|Эдүгээ танаас бидэн уруу ирсэн иудейчүүд Иерусалим уруу явсан. Тэд тэрслүү, хорон муу хотыг дахин босгож, хэрмийг нь барьж дуусган суурийг нь засаж буйг хаан мэдтүгэй
16|6534914|7064555|Хэрэв тэр хотыг дахин босгож, хэрмүүдийг нь барьж дуусгах аваас тэд алба гувчуур, гааль, татварыг төлөхгүй бөгөөд энэ нь хаадын орлогод хохирол учруулна гэдгийг хаан мэдтүгэй
17|7089516|7345825|Бид ордны давсыг хүртдэг учир бидний хувьд хааны доромжлогдохыг үзэх нь үл зохино.
18|7368580|7497661|Тиймээс бид үүнийг илгээж, хаанд мэдэгдэж байна.
19|7521299|8447928|Ингэх нь таны эцэг өвгөдийн тоймын номуудад нягтлал хийгдэг гэснийх юм. Тэгээд та тоймын номуудаас тэр хот тэрслүү хаад болон улс орнуудад хохирол учруулж байсан ба тэд өнгөрсөн өдрүүдэд тэр хотод өдөөн хатгалга учруулж байсан гэдгийг олж мэдэх болно. Тиймээс энэ хот устгагдсан билээ.
20|8522280|9053024|Хэрэв тэр хот дахин босгогдож, хэрмүүд нь баригдаж дуусвал, үүнээс үүдэн та Евфрат мөрний тэртээх аймагт ямар ч эзэмшилгүй болно гэдгийг бид хаанд мэдээлж байна гэжээ.
21|9090068|9605729|Тэгэхэд захирагч Рехум, гүүш Шимшаи болон Самари, Евфрат мөрний тэртээх бусад нутагт амьдардаг тэдний бусад хамтрагчдад хаан амар тайвны мэндтэй хариу илгээж
22|9632983|10287515|Та нарын бидэнд илгээсэн захидлыг би үг бүрчлэн уншлаа. Би бошиг зарлиг гаргаж, судлуулсанд, тэр хот өнгөрсөн өдрүүдэд хаадын эсрэг босож байсан бөгөөд тэр хотод өдөөн хатгалга болж байсан гэдэг нь олдов.
23|10328925|10803353|Мөн Иерусалим хүчирхэг хаадтай байсан бөгөөд тэд Евфрат мөрний тэртээх бүгдийг захиран өөрсдөдөө алба гувчуур, гааль ба татвар төлүүлж байсныг олж мэдэв.
24|10832591|11203825|Тиймээс одоо тэр хүмүүсийг болиулах бошиг зарлиг өг Намайг бошиг зарлиг гаргатал тэр хотыг дахин босгож болохгүй.
25|11235357|11405009|Энэ хэргийг гүйцэтгэхдээ хайш яйш хандахаас болгоомжил.
26|11426045|11614617|Хаадад учирч болох хор хохирлыг ихэсгэх хэрэг юу байна гэжээ.
27|11641870|11952467|Тэгээд Артаксеркс хааны бичгийн хуулбарыг Рехум, гүүш Шимшаи болон тэдний хамтрагчдын өмнө уншмагц
28|11979456|12222359|тэд Иерусалим дахь иудейчүүд уруу яаран очиж, тэднийг зэвсгийн хүчээр болиулав.
29|12249127|12633591|Тэр үед Иерусалим дахь Бурханы өргөөний ажил зогссон ба энэ нь Персийн хаан Дариусын хаанчлалын хоёрдугаар оныг хүртэл зогсов.
