verse|start|end|sentence
1|98960|272317|дөрөвдүгээр бүлэг дайсагнасан хуйвалдаан
2|293485|604919|Бид хэрмийг сэргээн барьж буйг Санбаллат сонсоод ихэд догшрон уурсаж, иудейчүүдийг доромжлов.
3|629086|1060605|Тэр ах дүүсийнхээ болон Самарийн тэргүүнүүдийн өмнө Энэ дорой иудейчүүд юу хийж байгааг хараач Сэргээн босгох гээд байгаа юм уу Тэд тахил өргөх нь ээ
4|1084374|1504118|Тэд өдрийн дотор үүнийгээ дуусгаж чадна гэж үү Тэд овоорсон шорооноос, тэр ч бүү хэл шатсан тууринаас чулуунуудыг дахин сэргээж чадна гэж үү гэв.
5|1526301|1664378|Аммон хүн Тобиа түүний ойролцоо байсан бөгөөд тэр
6|1686207|1927566|Босгож байгаа юмных нь дээгүүр хэрэв үнэг харайвал тэдний чулуун хэрмийг нураачихна гэж хэлэв.
7|1952086|2414342|Бурхан минь, сонсооч, бид хэрхэн жигшигдэнэ вэ Тэдний зүхлийг өөрсдийнх нь толгой дээр буулгаж, олзны нутагт тэднийг олз болгон өгөөч.
8|2437054|2728378|Барилгачдыг шантруулсан тэдний хилэнцийг бүү уучил, тэдний нүгэл Таны өмнөөс бүү арчигдаг.
9|2749546|2966607|Тиймээс бид хэрмийг барьсан ба бүх хэрэм өндрийнхөө хагаст л хүрчээ.
10|2987951|3128365|Учир нь ард түмэн ажиллах зүрхтэй байв.
11|3149136|3599574|Иерусалимын хэрмийн засвар үргэлжилж, цөмөрхий нь бөглөгдөж эхэлж буйг Санбаллат, Тобиа, арабууд, аммончууд болон ашдодчууд сонсоод ихэд уурсав.
12|3622991|3853854|Тэд бүгд Иерусалимын эсрэг байлдахаар ирж, тэнд үймээн гаргахаар хамтдаа хуйвалдлаа.
13|3874714|4141916|Гэвч бид Бурхандаа залбирсан ба тэднийг өдөр, шөнөгүй харуулдах харуул бас гаргав.
14|4163348|4216974|Харин иудачууд
15|4239288|4601790|Ачаа үүрэгчийн хүч сульдаж байна. Нуранги ч их байна. Бид хэрмээ сэргээн барьж дийлэхгүй нь гэж ярьцгаав.  Дайснууд маань
16|4625119|4882222|Бид тэднийг мэдээгүй, хараагүй байхад тэдний дунд орж, тэднийг алж, ажлыг нь зогсооно гэцгээв.
17|4903258|5047421|Тэдний ойролцоо амьдардаг иудейчүүд хүртэл ирцгээж
18|5067619|5905651|Та нарын эсрэг зүг бүрээс тэд довтолно гэж бидэнд арвантаа хэлэхэд би хүмүүсийг хэрмийн ар талын хамгийн нам хэсгүүд болох задгай газруудад байрлуулж, ураг ургаар нь сэлэм, жад, нумтай зогсоов. Би тэдний айдсыг хараад, босож сурвалжтанууд, захирагчид мөн бусад хүмүүст хандан
19|5926687|5987721|Тэднээс бүү айцгаа.
20|6009066|6368260|Аугаа, аюумшигт ЭЗЭНийг сана. Ах дүүс, хөвгүүд, охид, эхнэрүүд ба ар гэрийнхээ төлөө тулалдацгаа гэв.
21|6390001|7644735|Тэдний төлөвлөгөө бидэнд ил болж, Бурхан түүнийг нь тасалдуулсан гэдгийг дайснууд маань мэдсэн үеэс бид бүгд хэрэм уруу, хүн бүр ажилдаа буцав. Тэр өдрөөс хойш миний зарц нарын хагас нь ажиллаж байх үед хагас нь жад, бамбай, нум ба хуяг барьж, ахлагч нар нь Иудагийн бүх гэрийн ард дэмжиж байв.  Хэрмийг сэргээн босгогчид болон ачаа зөөгчид нэг гараараа ачаагаа авч нөгөө гартаа зэвсгээ барьж ажилаа хийж байв.
22|7671106|8005561|Барилгачдын хувьд, хүн бүр хэрэм босгох үедээ сэлмээ хажуудаа зүүж явсан ба бүрээчин миний хажууд зогсож байв.
23|8035416|8188708|Би сурвалжтанууд, захирагчид болон бусад хүмүүст
24|8210934|8433198|Ажил үлэмж их, хүрээ өргөн, бид хэрэм дээр бие биенээсээ алслагдсан байна.
25|8453529|8624989|Та нар хаа нэгтээ бүрээн дуу сонсвол ийшээ бидэн уруу цугларцгаа.
26|8645496|8780442|Бурхан маань бидний төлөө тулалдана гэв.
27|8801345|9096683|Тийнхүү хүмүүсийн маань хагас нь жад барин, нөгөө нь үүр цайхаас мичид гарах хүртэл бүгд ажиллаж байв.
28|9117234|9196569|Тэр үед би бас хүмүүст
29|9222588|9590691|Хүн бүр зарцтайгаа Иерусалимд шөнийг өнгөрүүл. Тэгвэл тэд бидэнд шөнөдөө харуул, өдөртөө ажилчин болох юм гэж хэлэв.
30|9613888|10177442|Тийнхүү би өөрөө ч, миний ах дүү нар ч, зарц нар минь ч, намайг дагалдаж байгаа хамгаалах хүмүүс ч, бидний хэн нь ч хувцсаа тайлсангүй, усанд явахдаа ч зэвсгээ ташаанаасаа салгасангүй.
