verse|start|end|sentence
1|95873|263585|арван нэгдүгээр бүлэг Хотын хүн ам өсөв
3|1814494|2047298|Иудагийн хөвгүүдийн зарим нь болон Бениамины зарим хөвгүүд Иерусалимд амьдарч байв.
4|2073405|2964975|Иудагийнхнаас Перезийн ураг удам болох Махалалелын тач, Шефатиагийн дөч, Амариагийн гуч, Зехариагийн ач, Уззиагийн хүү Атаиа, 5 мөн Шилогийнхноос Зехариагийн хүү Иоиарибын тач, Адаиагийн дөч, Хазаиагийн гуч, Кол-хозегийн ач, Барухын хүү Маасеиа нар байв
5|2993640|4307247|Иерусалимд амьдарч байсан Перезийн хөвгүүд бүгд дөрвөн зуун жаран найман чадварлаг хүн байв. Бениаминыхнаас Иешаиагийн хүү Итиелийн хөвгүүн Маасеиагийн тач, Колаиагийн дөч, Педаиагийн гуч, Иоедын ач, Мешулламын хүү Саллу, түүнээс цааш Габбаи, Саллаи гэхчлэн есөн зуун хорин наймуул байв. Зихрийн хүү Иоел тэдний харгалзагч байсан ба Хассенуагийн хүү Иуда хотын захиргаанд хоёр дахь нь байв.
8|10295321|10394458|Иерусалимын гаднах тосгод
