verse|start|end|sentence
1|95476|167800|аравдугаар бүлэг
2|192893|500182|Тамгалсан бичгэн дээр эдгээр нэр байв. Үүнд Хакалиагийн хүү захирагч Нехемиа, Зедекиа
3|526554|1282824|Сераиа, Азариа, Иеремиа, Пашхур, Амариа, Малхиа, Хаттуш, Шебаниа, Маллух, Харим, Меремот, Обадиа, Даниел, Гиннетон, Барух, Мешуллам, Абиа, Миамин, Маазиа, Билгаи, Шемаиа. Эдгээр нь тахилч байв.
4|1314003|2151550|Левичүүд болох Азаниагийн хүү Иешуа, Хенададын хөвгүүдийн Биннуи, Кадмиел, мөн тэдний ах дүүс Шебаниа, Ходиа, Келита, Пелаиа, Ханан, Мика, Рехоб, Хашабиа, Заккур, Шеребиа, Шебаниа, Ходиа, Бани, Бенину.
6|3759216|3838993|Гэрээний хураангуй
8|5267833|5510427|Охидоо нутгийн харь хүмүүст эс өгч, тэдний охидыг ч хөвгүүддээ үл авах болно.
10|8224958|9278507|Бид жил бүр газрынхаа үр жимсний дээжийг болон мод бүрийн бүх анхны үр жимсийг ЭЗЭНий өргөөнд авчрахыг мөн хуульд бичигдсэн шиг Бурханы маань өргөөнд үйлчилж буй тахилчид зориулан, хуульд бичигдсэн шиг хөвгүүдийнхээ ууганыг, малын ууганыг, бод малын болон бог малын анхны төлийг Бурханы өргөөнд аваачихыг үүрэг болгон авч байна.
11|9303909|9928277|Бид мөн зуурсан гурилынхаа дээжийг, өөрсдийн хандивыг, мод бүрийн үр жимсийг, шинэ дарс ба тосыг Бурханы өргөөний өрөөнүүдэд тахилчдад хүргэж өгөх ба левичүүдэд газрынхаа аравны нэгийг өгнө.
12|9953061|10726619|Учир нь левичүүд бүх тосгоноос аравны нэгийг авах хүмүүс юм. Левичүүд аравны нэгийг хүлээж авах үед Аароны хүү болох тахилч нь левичүүдтэй хамт байх ба левичүүд аравны нэгийнхээ аравны нэгийг Бурханы өргөөнд, агуулахын өрөөнүүдэд аваачих ёстой.
13|10753079|11545556|Учир нь Израилийн хөвгүүд болон Левийн хөвгүүд нь үр тарианы, шинэ дарс ба тосны өргөлийг тэр өрөөнүүдэд аваачих ёстой. Тэнд ариун газрын хэрэгсэл мөн үйлчилж буй тахилчид, хаалгачид, дуучид бий. Иймээс бид Бурханыхаа өргөөг орхихгүй гэв.
