verse|start|end|sentence
1|93139|256000|есдүгээр бүлэг Бүгд гэмшин улайв
2|284004|605360|Энэ сарын хорин дөрвөнд Израилийн хөвгүүд цуглан мацаг барьж, тааран уут углаж, толгой дээрээ шороо цацав.
3|633893|1011786|Израилийн үр удмынхан өөрсдийгөө бүх гаднынхнаас тусгаарлан, зогсож, өөрсдийн нүгэл болон эцэг өвгөдийнхээ хилэнцийг улайв.
4|1041112|1338567|Байрандаа зогсож байх зуураа тэд ЭЗЭН Бурханыхаа хуулийн номоос өдрийн дөрөвний нэгийн туршид уншив.
5|1366570|1579397|Тэгээд дараагийн дөрөвний нэгийн туршид тэд нүглээ улайн, ЭЗЭН Бурхандаа мөргөв.
6|1608150|2553257|Левичүүдийн тавцан дээр Иешуа, Бани, Кадмиел, Шебаниа, Бунни, Шеребиа, Бани болон Хенани нар зогсоод, Бурхан ЭЗЭНдээ чанга дуугаар хашхирч байсан юм. Тэгээд левичүүд, Иешуа, Кадмиел, Бани, Хашабнеиа, Шеребиа, Ходиа, Шебаниа болон Петахиа нар хэлцгээсэн нь
7|2583863|2756161|Босоцгоо, ЭЗЭН Бурханаа мөнхөөс мөнхөд магт
8|2789325|3109887|Таны суу алдарт нэр магтагдаг, Бүх алдаршуулал ба магтаалын дээр Өргөмжлөгдөгч Та
9|3141948|3998414|Өө, ЭЗЭН минь, Та нөгөө л ганц ЭЗЭН билээ. Тэнгэр болон тэнгэрсийн тэнгэрийг түг түмдтэй нь, Газар ба түүн дээрх бүхнийг, Тэнгис төдийгүй түүний доторх Бүхнийг бүтээсэн нь Та билээ. Тэр бүхнийг амилуулсан нь Та билээ. Тэнгэрийн түг түмдийг өмнөө мөргүүлэгч нь Та билээ.
10|4027256|4345525|Абрамыг сонгож, Түүнийг халдеичуудын Ураас гаргаж, Түүнд Абрахам гэдэг нэрийг өгсөн нь ЭЗЭН Бурхан билээ.
12|5833944|6155301|Учир нь тэд манай эцэг өвгөдөд давлиун хандахыг Та мэдсэн бөгөөд Энэ өдөр байгаа шиг нэрийг Өөртөө өгөв.
13|6185818|6649398|Та тэдний өмнө тэнгисийг хувааж, Тэд тэнгисийн дундуур хуурай газраар өнгөрсөн. Тэднийг нэхэгчдийг Та хүчит усанд чулуу хаях мэт гүн уруу чулуудсан
14|6675593|7157165|Үүлэн баганаар Та тэднийг өдөр нь удирдаж, Шөнө нь тэдний явах замыг галан баганаар гэрэлтүүлсэн. Тэгээд Та Синаи уулан дээр бууж ирэн, Тэдэнтэй тэнгэрээс ярьсан.
15|7182390|7452194|Та тэдэнд шударга зарлиг ба үнэн хуулиудыг, Сайн дүрэм ба тушаалуудыг өгсөн.
16|7478125|7791676|Та тэдэнд ариун Амралтын өдрөө мэдүүлж, Зарц Мосегоороо дамжуулан Тушаалууд, дүрэм ба хуулийг тэдэнд өгсөн.
17|7817474|8120177|Тэднийг өлсөхөд Та тэднийг тэнгэрээс талхаар хангаж, Тэднийг ундаасахад Та тэдэнд хаднаас ус гаргаж өгсөн.
18|8144476|8333312|Та тэдэнд өгөхөөр тангарагласан газрыг эзэмшихээр тийш очихыг тэдэнд айлдсан.
19|8360301|8678615|Гэвч тэд, манай эцэг өвгөд давлиун хандав. Тэд зөрүүдлэн, тушаалуудыг тань эс сонсов.
20|8706618|9254473|Тэд сонсохоос татгалзан, Тэдний дунд Таны үйлдсэн гайхамшигт үйлсийг санасангүй. Тиймээс тэдний шил нь татаж, тэрсэлсээр Египет дэх боолчлолдоо буцахын тулд удирдагчийг томилов.
21|9280845|9774985|Гэвч Та өршөөл уучлалын Бурхан, Нигүүлсэнгүй болоод өрөвч, уурлахдаа удаан, Хайр энэрлээр бялхам билээ. Та тэднийг орхисонгүй.
22|9801533|10201917|Тэд хайлшаар өөрсдөдөө тугал цутгаад, Та нарыг Египетээс гаргасан та нарын Бурхан энэ юм гэж, Аймшигт доромжлолыг үйлдэхэд
23|10226922|10399221|Та агуу энэрлээрээ тэднийг цөлд орхисонгүй.
24|10426871|10839294|Тэдний замыг заахын тулд үүлэн багана ч өдрөөр тэднийг орхисонгүй. Тэдний явах замыг гэрэлтүүлэхийн тулд галан багана ч Шөнөөр тэднийг орхисонгүй.
25|10865666|11288144|Тэдэнд зааварчлахын тулд Та сайн Сүнсээ өгөв. Та маннагаа тэдний амнаас салгасангүй. Та тэднийг ундаасахад ус өгсөн.
26|11313061|11673578|нэхээр цөлд дөчин жилийн турш Та тэднийг тэтгэсэн ба тэд эс гачигдав Тэдний хувцас нь элэгдээгүй, хөл нь ч хавдаагүй.
27|11700920|12794071|Тэднийг хил хязгаараар нь тэдэнд хуваав. Тэд Хешбоны хаан Сихоны газрыг, Башаны хаан Огийн газрыг эзлэв. Та тэдний хөвгүүдийг тэнгэрийн одод мэт олон болгов. Очиж, эзэмш гэж Эцэг өвгөдөд нь айлдсан тэр газартаа Та тэднийг оруулав. Тиймээс тэдний хөвгүүд тэр газарт орж, Түүнийг эзэмшив.
28|12821942|13328651|Та тэдний өмнө тэр газрын оршин суугч канаанчуудыг дарав. Тэгээд тааллаараа тэдэнд үйлдэг гэж Та тэднийг хаадтай нь, Тэр газрын ард түмнүүдтэй нь хамт тэдэнд өгөв.
29|13353347|13997251|Тэд бэхлэгдсэн хотууд ба үржил шимт газрыг эзлэв. Алив сайн бүхнээр дүүрэн байшингуудыг өмчлөн, Зассан нөөцлүүрүүд, усан үзмийн талбай, Чидуны цэцэрлэг, жимсний моддыг элбэг дэлбэгээр Тэд эзэмшив.
30|14023888|14249062|Тиймээс тэд идэцгээж, Таргалцгааж, агуу сайн сайханд тань баясав.
31|14276757|14882427|Гэвч тэд Танд тэрслэн тэрсэлсээр Таны хуулийг ардаа орхисон. Тан уруу эргэж ирүүлэхийн тулд өөрсдийг нь ятгасан Таны эш үзүүлэгчдийг тэд алж, Аймшигт доромжлолыг үйлдсэн.
32|14903198|15643901|Тиймээс тэднийг дарласан дарлагчдын гарт Та тэднийг тушаасан. Гэвч тэд зовлон шаналантай үедээ Таныг дуудахад Та тэнгэрээс сонсож, Аугаа энэрлээрээ тэднийг дарлагчдын гараас аврах аврагчдыг Та тэдэнд өгсөн.
34|17363272|17868834|Харин Та тэднийг олон жил хүлцэж, Өөрийн Сүнсээр, эш үзүүлэгчдээрээ дамжуулан ятгасан ч Тэд чих тавьсангүй. Тиймийн учир Та тэднийг газрын ард түмнүүдийн гарт өгөв.
35|17890929|18636174|Гэлээ ч аугаа энэрлээрээ Та тэднийг эс мөхөөж бас үл орхив. Учир нь Та энэрэнгүй өрөвч Бурхан билээ Тиймээс одоо, бидний Бурхан, гэрээ ба хайр энэрэлээ сахигч Аугаа хүчирхэг болоод аюумшигт Бурхан минь
36|18657122|19807029|Ассирийн хаадын өдрүүдээс энэ өдрийг хүртэл Биднийг болон манай хаад, ноёд, Тахилчид, эш үзүүлэгчид, эцэг өвгөд ба Таны хамаг ард түмэн дээр буусан бүх хүнд бэрхшээлийг Та Өөрийнхөө өмнө өчүүхэн хэмээн бүү үзээч Гэсэн ч бидэн дээр буусан бүхэнд Та шударга юм. Учир нь Та итгэмжтэйгээр ханддаг байтал Харин бид буруу мууг үйлдсэн.
37|19834768|20407892|Учир нь манай хаад, манай удирдагчид, Манай тахилчид болон эцэг өвгөд маань Таны хуулийг сахисангүй. Таны тушаалууд болон тэднийг ятгасан ятгалгуудад тань Анхаарал хандуулсангүй.
38|20434793|21043770|Харин тэдэнд өгсөн Таны агуу сайн сайханд ба Тэдний өмнө тавьсан өргөн уудам, Үржил шимт газартай хаанчлалдаа Танд тэд үйлчилсэнгүй, Өөрсдийн муу үйлээсээ ч буцсангүй.
39|21070274|21214569|Үзэгтүн, бид өнөөдөр боолууд мөн.
40|21240324|21641148|Жимсийг нь идүүлж, шимийг нь хүртээхээр Манай эцэг өвгөдөд Таны өгсөн газрын хувьд, Харагтун, бид түүн дээр боолууд болжээ.
41|21661258|21962770|Нүглээс маань болж түүний элбэг дэлбэг үр жимс нь Бидний дээр Таны тавьсан хаадынх болов.
42|21985525|22507978|Зовлого биеийг маань Зоргоороо бас мал сүргийг маань ч эзэрхийлнэ Зовлон шаналан иймээс бидэнд үлэмж болжээ. Гэрээнд нэр хамрагдагсад
43|22537393|22691390|Одоо энэ бүхний учир бид бичгээр гэрээ хийж байна.
44|22712999|22980686|Тамгалсан бичиг дээр манай удирдагчдын Манай левичүүдийн болон манай тахилчдын нэрс байна.
