verse|start|end|sentence
1|89214|144118|тавдугаар бүлэг
2|165595|294147|Нехемиа дарангуйллыг эсэргүүцэв
3|318269|545825|Хүмүүс болон тэдний эхнэрүүд, иудей ахлагч нарынхаа эсрэг чанга дуугарав. Нэг хэсэг нь
4|566685|996042|Бид хөвгүүд, охидтойгоо нийлээд олуул билээ. Тиймээс бид өөрсдийгөө тэжээж амьдрахын тулд үр тариа олж авах шаардлагатай” гэж байхад, нөгөөдүүл нь
5|1016769|1357398|Өлсгөлөнгийн үеэр, бид үр тариа олж авахын тулд тариан талбайгаа, усан үзмийн талбай, байшингуудаа барьцаалж байна гэж байв.
6|1377948|2351853|Мөн Бидний тариан талбай, усан үзмийн талбайд оноогдсон хааны татварыг төлөхийн тулд мөнгө зээлсэн. Бие махбод маань бидний ахлагч нарын бие махбодтой адил, хүүхдүүд маань тэдний хүүхдүүдтэй адил бус уу. Гэсэн ч харцгаа, бид болохоор хөвгүүд, охидоо боол болгохоор хүчилж, манай охидын зарим нь аль хэдийнэ боолчлогдож байна.
9|6613236|7555388|Би мөн хувцасныхаа хормойг сэгсэрч, энэ амлалтыг биелүүлээгүй хүн бүрийг гэрээс нь, эзэмшлээс нь Бурхан ийнхүү сэгсрэг. Тэр хүн ийнхүү сэгсрэгдэж бүр хоосрог гэв. Тэгэхэд бүх чуулган Амен гэв. Тэгээд тэд ЭЗЭНийг магтлаа. Дараа нь хүмүүс амласан ёсоороо үйлдэв.
10|7587140|7692804|Нехемиагийн өгөөмөр сэтгэл
12|9431402|10654868|Бид ямар ч газар худалдаж аваагүй бөгөөд бүх зарц нар минь тэнд ажиллахаар цугласан. Түүнээс гадна, эргэн тойронд маань байсан үндэстнүүд дотроос бидэн уруу ирэгсэд болон зуун тавин иудей хүн ба түшмэд миний ширээнд хооллодог байв. Өдөр бүрийн хүнсэнд нэг үхэр, зургаан шилмэл хонь төхөөрч байсан төдийгүй, надад мөн шувуудыг бэлтгэдэг байв. Арван хоногт нэг удаа бүх төрлийн дарсыг тулам тулмаар өгч байв.
13|10683533|11037039|Энэ ард түмний дээрх боолчлол хангалттай хүнд байсан учир энэ бүхэнд би захирагчийнхаа хүнсний ногдлыг шаардаж байгаагүй билээ.
14|11065572|11314251|Энэ ард түмэнд хийсэн бүхий л зүйлийн минь төлөө Бурхан минь, надад сайныг санаач.
