verse|start|end|sentence
1|88244|267687|хоердугаар бүлэг Нехемиаг Иуда уруу илгээв
2|299527|505871|Артаксеркс хааны хорьдугаар оны Нисан сард түүний өмнө дарс байлаа.
3|526818|626925|Би дарсыг авч хаанд барив.
4|655943|1233124|Би урьд нь түүний өмнө гунигтай байсан удаагүй учир хаан надад Чи өвчин тусаагүй атал царай чинь юунд гунигтай байна вэ Энэ нь зүрхний гуниг шаналлаас өөр юу ч биш ажээ гэж хэлэв.
5|1253807|1377595|Тэгэхэд би маш их балмагдан 3 хаанд хандаж
6|1398940|1488992|Хаан мөнх наслах болтугай.
7|1509939|2000508|Эцэг өвгөдийг минь тавьсан газар болох хот эзгүйрч, гулдан хаалганууд нь галд шатаагдсан байхад миний царай хэрхэн гуниггүй байх билээ гэв.Тэгэхэд хаан надад
8|2020794|2944248|Чи юу гуймаар байна гэв. Тиймээс би тэнгэрийн Бурханд залбирлаа. Би хаанд Хэрэв хаан таашааж мөн таны зарц тааллыг тань олсон бол эцэг өвгөдийг минь тавьсан хотыг дахин босгохын тулд Иуда уруу намайг илгээнэ үү гэлээ.  Тэгэхэд түүний хажууд хатан нь сууж байсан бөгөөд хаан надад
9|2964137|3855971|Чиний аян хэр удаан болж, чи хэдийд буцаж ирэх вэ гэв. Намайг илгээхийг хаан таалсан тул би түүнд тодорхой цагийг товлон хэлэв. Би хаанд Хэрэв хаан таалбал, Евфрат мөрний тэртээхв аймгийн захирагчдад намайг Иуда хүртэл нэвтрүүлэхийг зөвшөөрүүлэх захидлыг надад өгнө үү.
10|3879741|4485763|Мөн сүмийн дэргэдэх цайзын дааман хаалгануудад дам нуруу хийх болон хотын хэрэмд зориулан, миний очих байшинд зориулан дүнз моддыг надад өгүүлэхийн тулд, хааны ойг сахигч Асафт захидал өгнө үү гэлээ.
12|7484387|7822810|Тиймээс би шөнөөр жалга даган явж, хэрмийг шинжив. Дараа нь би Хөндийн гулдан хаалгаар дахин орж, буцаж харив.
13|7849270|8386849|Намайг хаашаа явж, юу хийснийг минь түшмэд мэдээгүй бөгөөд би иудейчүүдэд ч, тахилчдад ч, язгууртнуудад ч, түшмэдэд ч, ажил хийсэн бусад хүмүүст ч юу ч хэлээгүй юм.
14|8408458|8499172|Хэрмийг сэргээх шийдвэр
15|8521178|8582212|Тэгэхэд би тэдэнд
16|8603910|9588442|Та нар бидний энэ байж байгаа муу байдлыг, Иерусалим эзгүйрч, гулдан хаалганууд нь галд шатаагдсан байгааг харж байгаа биз дээ. Ирцгээ, Иерусалимын хэрмийг дахин босгоцгооё. Тэгвэл бид цаашид гутамшиг болохгүй гэв. Бурханы минь мутар надад ямар ивээлтэй байсныг болон хааны надад айлдсан үгсийн тухай би тэдэнд хэлэв. Тэгэхэд тэд
17|9610139|9840341|Босоцгооё, дахин барьцгаая гэв. Тэд тийнхүү гараа сайн үйл хэрэгт зориулав.
18|9860539|10630437|Гэвч хорони хүн Санбаллат ба аммон хүн, түшмэл Тобиа, араб хүн Гешем нар үүнийг сонсоод биднийг шоолон басамжилж Та нар юу гээчийг хийж байна вэ Та нар хааны эсрэг тэрслэн босож байна уу гэв.Тэгэхэд би тэдэнд хариулан
19|10650458|10925245|Тэнгэрийн Бурхан бидэнд амжилтыг өгнө. Тиймээс Түүний зарц нар бид босоцгоон барих болно.
20|10957350|11366422|Харин та нар Иерусалимыг босгосны дараа ямар нэг хувь, эрх эсвэл дурсагдах зүйл хайсан ч та нарт юу ч ногдохгүй гэж хэлэв.
