verse|start|end|sentence
1|91463|158142|арван хоердугаар бүлэг
2|185969|294940|Тахилч ба левичүүдийн бүртгэл
4|4110825|4873976|Иддогоос Зехариа, Гиннетоноос Мешуллам, Абиагаас Зихри, Миниаминаас…, Моадиагаас Пилтаи, Билгагаас Шаммуа, Шемаиагаас Иехонатан, Иоиарибаас Маттенаи, Иедаиагаас Уззи, Саллаигаас Каллаи, Амокаас Ебер, Хилкиагаас Хашабиа, Иедаиагаас Нетанел нар байв.
5|4903302|5286531|Левичүүдийн хувьд, эцгүүдийн бүлийн тэргүүнүүд нь Елиашиб, Иоиада ба Иоханан ба Иаддуагийн өдрүүдэд бүртгэгдсэн байв.
7|7483637|7559489|Хэрмийг ЭЗЭНд өргөв
10|13123630|13343513|Тэгээд найрал дууны хоёр хэсэг Бурханы өргөөнд байраа эзэлцгээв.
11|13365739|14269657|Би болон надтай хамт буй түшмэдийн хагас нь ч мөн тийн үйлдэв. Мөн бүрээтэй тахилчид Елиаким, Маасеиа, Миниамин, Микаиа, Елиоенаи, Зехариа ба Хананиа нар Маасеиа, Шемаиа, Елеазар, Уззи, Иехоханан, Малхиа, Елам ба Езер нар бас тийн үйлдэв.
12|14291134|15158360|Дуучид удирдагч Иезрахиатайгаа хамт дуулав. Тэр өдөр тэд үлэмж тахилуудыг өргөсөн ба ихэд баярлацгаав. Учир нь Бурхан тэдэнд их баяр хөөрийг өгсөн бөгөөд эмэгтэйчүүд болон хүүхдүүд ч хүртэл баярлацгаав. Тиймээс Иерусалимын баяр хөөр алсаас сонсогдож байв.
13|15211104|15269404|Сүмийн үйлчлэлүүд
14|15315841|15924951|Тахилчид ба левичүүдэд хуулиар өгөгдөх хувь ногдлуудыг хотуудын тариан талбайнуудаас тэнд цуглуулахын тулд тэр өдөр агуулах өрөөнүүд, хандивууд, анхны үр жимс, аравны нэгийг хариуцах хүмүүсийг мөн томилов.
15|15948324|16566253|энд үйлчилж буй тахилчид ба левичүүдэд иудачууд талархав. Учир нь тэд Давид болон түүний хүү Соломоны тушаалын дагуу дуучид ба хаалгачидтай хамт Бурханы мөргөлийг ба ариусгалын үйлчлэлийг гүйцэтгэсэн юм.
16|16590155|17868305|Учир нь эрт үед Давид болон Асафын өдрүүдэд магтаалын дуунууд, Бурханд өргөх талархлын магтуунуудын удирдагчид байдаг байсан. Тиймээс Зеруббабел болон Нехемиагийн өдрүүдэд бүх израильчууд нь дуучид ба хаалгачдад өдөр бүрийн шаардлагатай хэмжээгээр нь хувь ногдлыг өгч, левичүүдэд зориулсан, ариусгасан хувийг тусгаарласан бөгөөд мөн левичүүд ч Аароны хөвгүүдэд зориулан ариусгасан хувийг бас тусгаарлав.
