verse|start|end|sentence
1|85818|253310|арван гуравдугаар бүлэг Харийнхныг гаргав
2|278844|1235373|Тэр өдөр ард түмнийг чих тавин байхад тэд Мосегийн номоос чангаар уншив. Нэг ч аммон эсвэл моаб хүн хэзээ ч Бурханы чуулганд орж болохгүй гэж түүн дотор бичигдсэнийг олов. Учир нь тэд Израилийн хөвгүүдийг талх устай угтсангүй, харин ч тэднийг хараалгахаар Балаамыг тэдний эсрэг хөлсөлжээ.
3|1264479|1662746|Харин Бидний Бурхан хараалыг нь ерөөл болгосон юм. Тиймээс тэд хуулийг сонсоод, бүх харийнхныг Израилиас гаргав.
4|1714167|1796854|Нехемиагийн шинэчлэл
5|1844262|2712414|Үүний өмнө манай Бурханы өргөөний өрөөнүүдийг хариуцахаар томилогдсон тахилч Елиашиб, Тобиагийн садан учир урьд нь левичүүд, дуучид, хаалгачид, болон тахилчдад өргөсөн хандив, идээн өргөлүүд, гүгэл, сав суулгууд ба ургацын аравны нэг, дарс ба тосыг хадгалж байсан том өрөөг түүнд бэлтгэж өгчээ.
6|2736052|3183711|Харин энэ бүх үеийн туршид би Иерусалимд байсангүй. Учир нь Вавилоны хаан Артаксерксийн гучин хоёрдугаар онд би хаанд бараалхахаар явсан байв.
7|3205717|3752954|Харин хэсэг хугацааны дараа би явах зөвшөөрөл хаанаас гуйв. Тэгээд би Иерусалимд ирээд, Бурханы өргөөний хашаанд Тобиад өрөө бэлтгэж өгсөн муу үйлийг Елиашиб үйлдсэн тухай сонсов.
8|3779458|4032459|Тэгээд би маш их уурлаж, би тэр өрөөнөөс Тобиагийн гэрийн бүх юмсыг гаргаж хаялаа.
9|4056626|4487968|Тэгээд намайг тушаал өгөхөд тэд өрөөнүүдийг цэвэрлэв. Би тийшээ Бурханы өргөөний сав суулгыг идээн өргөлүүд ба гүгэлтэй нь хамт буцааж авчрав.
10|4511826|5011965|Мөн левичүүдийн хувь өөрсдөд нь өгөгдөөгүйгээс болж тэнд үйлчилдэг левичүүд ба дуучид өөр өөрсдийн тариан талбай уруу явцгаасныг би олж мэдэв. Тэгээд би түшмэдийг зэмлэн
11|5035999|5330984|Бурханы өргөө яагаад орхигдов? гэв. Би тэднийг хамтад нь цуглуулж, албанд нь буцаан тавилаа.
12|5354842|6165576|Тэгээд бүх иудачууд үр тариа, дарс ба тосныхоо аравны нэгийг агуулахуудад авчирцгаав. Агуулахуудын даамлаар тахилч Шелемиа, гүүш Задок, левичүүдээс Педаиаг мөн тэдэн дээр нэмж Маттаниагийн ач, Заккурын хүү Хананыг би томилов.
13|6191022|6479392|Учир нь тэд итгэмжтэй хэмээн үзэгддэг байсан ба тэдний үүрэг нь ах дүү нартаа хуваарилах байв.
14|6524374|6969123|Бурхан минь, үүний төлөө надад сайныг санаач. Бурханыхаа өргөө ба түүний үйлчлэлүүдэд зориулан гүйцэтгэсэн үнэнч үйлсийг минь бүү арилгаарай
15|6992010|7096792|Амралтын өдрийг сахих шинэчлэл
16|7121664|7855003|Тэр өдрүүдэд Иудад Амралтын өдрөөр зарим хүмүүс усан үзмийн шахуурга гишгэж, ууттай үр тариа авчран, илжгэндээ дарс, усан үзэм, инжир болон бүх төрлийн ачаа ачаалан, тэднийг Амралтын өдрөөр Иерусалимд авчирч зарж байсныг би үзэв.
17|7882213|8688361|Тэр үед би тэдэнд хүнс зарж байгааг нь анхааруулав. Мөн тэнд амьдарч байсан Тирийн хүмүүс загас ба бүх төрлийн барааг гаднаас оруулж, тэднийгээ Иудагийн хөвгүүдэд, Иерусалимд ч хүртэл Амралтын өдрөөр зарж байв. Тэгэхэд нь би Иудагийн язгууртнуудыг зэмлэн, тэдэнд
18|8712572|9291429|Та нар Амралтын өдрийг бузарласан юу гэгчийн ёрын мууг үйлдэнэ вэ Танай эцгүүд энэ мэтийг үйлдсэнээр Бурхан маань бидэн дээр болон энэ хотын дээр энэ бүх гай гамшгийг авчирсан биш үү
19|9317844|9660060|Гэсэн ч та нар Амралтын өдрийг эс ариусгаснаар Израиль дээрх Түүний уур хилэнг нэмэгдүүлж байгаа бус уу гэв.
21|11469616|12113520|Мөн өөрсдийгөө ариусган, Амралтын өдрийг ариусгахын тулд хаалга сахихаар ирэхийг би левичүүдэд тушаав. Үүний төлөө мөн надад сайныг санаач! Бурхан минь, хайр энэрлийнхээ аугаа дотор намайг өршөөгөөч
22|12162515|12272677|Харийнхантай урагласныг буруушаав
23|12325244|13018011|Тэр өдрүүдэд иудейчүүд Ашдод, Аммон ба Моабын эмэгтэйчүүдтэй гэрлэснийг би мөн үзэв. Тэдний хүүхдүүдийн хувьд, хагас нь Ашдодын хэлээр, эсвэл бусад ард түмний хэлээр ярьдаг байсан бөгөөд тэдний нэг нь ч иуда хэлээр ярьж чадахгүй байв.
24|13039973|13377338|Тиймээс би тэдэнтэй тэрсэлдэн, хараахыг нь харааж, цохихыг нь цохиж, үсийг нь зулгаан байж тэднийг Бурханаар тангараглуулан
25|13403798|13683524|Та нар охидоо тэдний хөвгүүдэд өгөх ёсгүй, тэдний охидыг ч хөвгүүддээ эсвэл өөрсдөдөө авах ёсгүй.
26|13710204|14481602|Израилийн хаан Соломон эдгээр зүйлээр нүгэл үйлдээгүй гэж үү Хэдийгээр олон үндэстнүүдийн дунд түүн шиг хаан байгаагүй, тэр Бурханаараа хайрлагдан, Бурхан түүнийг бүх Израилийн хаан болгосон боловч харь эмэгтэйчүүд түүнийг ч хүртэл нүгэл үйлдэхэд хүргэсэн.
27|14505151|14975301|Тэгэхэд та нар Бурхандаа үнэнч бус байж, харь эмэгтэйчүүдтэй гэрлэн энэ бүх үлэмжийн мууг хийсэн гэж бид та нарын тухай сонсоно гэж үү гэв.
28|14999865|15416566|Иехоиадагийн хөвгүүдийн нэг, тэргүүн тахилч Елиашибын хүү хүртэл хорони хүн Санбаллатын хүргэн болсон бөгөөд би түүнийг өөрөөсөө зайлуулав.
29|15442408|15720371|Бурхан минь, тахилчлал ба тахилчид, левичүүдийн гэрээг тэд бузарласныг нь санаач.
30|15744493|16134911|Ийнхүү би тэднийг харийн алив бүхнээс ариусгаж, тахилчид ба левичүүдийг өөр өөрийнх нь үүрэгт ажилд томилов.
31|16161327|16524931|Би түлээний хангалт болон анхны үр жимсэнд тодорхой цагийг тогтоов. Бурхан минь, надад сайныг санаач
