verse|start|end|sentence
1|91198|271082|зургаадугаар бүлэг Дайсагнагчдын явуулга нурав
2|294058|963011|Намайг хэрмийг дахин босгосон ба хэрмэнд цөмөрхий үлдээгээгүй гэдгийг Санбаллат, Тобиа, араб хүн Гешемд болон бусад дайснуудад маань мэдээлэхэд Харин тэр үед би гулдан хаалгануудад самбаруудыг нь хараахан байрлуулаагүй байсан.
3|989118|1301391|Санбаллат, Гешем нар надад захидал илгээн Ирнэ үү Оногийн талд Хефиримд бүгдээрээ уулзацгаая гэв.
4|1328556|2258361|Гэвч тэд намайг хорлох санаатай байв. Тиймээс би тэдэн уруу элч нарыг илгээж, Би агуу ажил хийж байгаа бөгөөд очиж чадахгүй. Би үүнийг орхиж та нар уруу очих хооронд энэ ажлыг зогсоох хэрэг юу байна вэ гэж хэлүүлэв. Тэд надад ийм утгатай захидал дөрвөн удаа илгээсэн бөгөөд би тэдэнд нөгөө л утгатай хариугаа өгөв.
5|2284115|2615438|Тэгэхэд Санбаллат ийм утгыг тав дахь удаа өөрийн зарцаар илгээсэн бөгөөд түүний гарт битүүмжлээгүй захидал байв.
6|2637356|3602220|Тэнд бичсэн нь Чи болон иудейчүүд тэрслэн босохоор төлөвлөж байгаа. Тиймээс та нар хэрмийг сэргээн босгож байна гэж үндэстнүүдийн дунд яригдаж байна. Гешем ч үүнийг хэлж байна. Энэ мэдээллээр бол чи тэдний хаан болох гэнэ. Мөн чи Иерусалимд өөрийнхөө тухай Иудад хаан байна гэж зарлуулахаар эш үзүүлэгчдийг томилсон гэнэ.
7|3623123|4307952|Одоо эдгээр мэдээллийн дагуу энэ нь хаанд дуулдана. Тиймээс одоо ирэгтүн, хамтдаа зөвлөлдье гэжээ. Тэгэхэд би түүнд захидал илгээн Таны хэлж байгаа шиг тийм зүйлс огт болоогүй. Харин та эдгээрийг санаанаасаа зохиож байна гэлээ.
8|4329252|4666221|Учир нь тэд бүгдээрээ Тэд ажилдаа мохож, ажил нь гүйцэд хийгдэхгүй гэж бодож, биднийг айлгахыг хичээж байв.
9|4689373|5127418|Харин одоо, гарыг минь тэнхрүүлээч Бурхан минь ээ.  Нэг өдөр би гэртээ хоригдсон, Мехетабелын ач, Делаиагийн хүү Шемаиагийн гэрт ороход, тэр
10|5148586|5938594|Бурханы өргөөнд, сүм дотор уулзацгаая. Сүмийн хаалгуудыг хаа. Учир нь тэд чамайг алах гэж байна. Тэд чамайг алахаар шөнө ирнэ гэв. Гэвч би Над шиг хүн зугтаах гэж үү Над шиг нэг нь сүм уруу ороод амиа аварч чадах уу Би орохгүй гэж хэлэв.
11|5960952|6378668|Тэгэхэд би Бурхан түүнийг огт илгээгээгүй, харин Тобиа, Санбаллат нар түүнийг хөлсөлсөн учир тэр миний эсрэг эш үзүүлсэн гэдгийг ойлгосон.
12|6400321|7264901|Намайг айлгаж, ийм аргаар нүгэл үйлдүүлэх гэж тэрээр хөлслөгдсөн бөгөөд ингэснээр намайг буруутгах муу нэрийг тэд өгч чадах байлаа. Өө, Бурхан минь, Тобиа, Санбаллат нарын үйлдсэн бүхний дагуу мөн эш үзүүлэгч эмэгтэй Ноадиа, бас намайг айлгахыг хичээж байсан бусад эш үзүүлэгчдийг санаач.
13|7306576|7386750|Хэрмийг барьж дууслаа
14|7428336|8272410|Ингээд хэрэм нь тавин хоёр хоногийн дотор, Елул сарын хорин таванд баригдаж гүйцлээ. Бидний бүх дайсан үүнийг сонсож, эргэн тойрны маань бүх үндэстэн үүнийг хараад, тэдний ихэмсэг харц доошлов. Учир нь энэ ажил Бурханы маань дэмжлэгтэйгээр бүтсэн гэдгийг тэд ойлгожээ.
15|8292608|8586402|Мөн тэр өдрүүдэд Иудагийн сурвалжтануудаас Тобиад олон захидал очиж, Тобиагийн захидлууд тэдэнд ирэв.
16|8612068|9205786|Юун хэмээвээс, тэрбээр Арагийн хүү Шеканиагийн хүргэн байсан бөгөөд мөн түүний хүү Иехоханан нь Берехиагийн хүү Мешулламын охинтой гэрлэсэн тул түүнтэй тангаргаар холбогдсон хүн Иудад олон байжээ.
17|9230350|9708835|Түүнээс гадна тэд миний дэргэд түүний сайн үйлсийн тухай ярьж байсан ба үгсийг минь түүнд мэдээлж байв. Тэгээд Тобиа намайг сүрдүүлэхээр захидлуудыг илгээв.
