verse|start|end|sentence
1|89214|263718|гуравдугаар бүлэг Ажлын зохион байгуулалт
3|5194318|6438644|Түүний хажууд Иерусалимын дүүргийн нөгөө хагасыг захирагч, Халлохешийн хүү Шаллум охидтойгоо засвар хийв. Ханун болон Заноагийн оршин суугчид Хөндийн гулдан хаалгыг засав. Тэд үүнийг сэргээн барьж, яс модыг нь бэхэлж, самбар, түгжээ, хөндлийг нь суулгасан ба Хаягдалын гулдан хаалга хүртэл нэг мянган тохой хэрмийг засварлав.Бетхакхеремын дүүргийн захирагч, Рехабын хүү Малхиа Хаягдалын гулдан хаалгыг засварлав.
4|6458577|6895343|Тэрээр үүнийг сэргээн барьж, самбар, түгжээ, хөндлүүдийг нь суулгав. Мизпагийн дүүргийн захирагч, Кол-хозегийн хүү Шаллум Оргилуурын гулдан хаалгыг засварлав.
5|6916511|7393276|Тэр үүнийг сэргээн барьж, бүрээд, самбар, түгжээ, хөндлүүдийг нь суулгаж мөн хааны цэцэрлэг дэх Шелагийн цөөрмийн хэрмийг Давидын хотоос уруудах шат хүртэл засварлав.
6|7415723|8305397|Түүний дараа Бетзурын хагас дүүргийн захирагч, Азбукийн хүү Нехемиа, Давидын булшны харалдаах газар хүртэл, хиймэл цөөрөм, хүчит эрсийн байшин хүртэл засвар хийв. Түүний дараа Банийн хүү Рехумын дор левичүүд засвар хийв. Түүнтэй зэрэгцэн Кеилагийн хагас дүүргийн захирагч Хашабиа дүүрэгтээ засвар хийв.
7|8325815|8638263|Түүний дараа Кеилагийн нөгөө хагас дүүргийн захирагч, Хенададын хүү Бавваигийн дор ах дүү нар нь засвар хийв.
8|8660754|9048614|Түүний хажууд Мизпагийн захирагч, Иешуагийн хүү Езер Англе дахь зэвсгийн агуулахын өгсүүрийн өмнө талд өөр нэг хэсгийг засварлав.
9|9069870|9468711|Түүний дараа Англегаас тэргүүн тахилч Елиашибын байшингийн үүд хүртэлх өөр нэг хэсгийг Заббаин хүү Барух чармайн засварлав.
10|9489570|9875886|Түүний дараа Хаккозын хүү Уриагийн хүү Меремот, Елиашибын байшингийн үүднээс байшингийн эцэс хүртэл өөр нэг хэсгийг засварлав.
11|9898024|10267273|Түүний дараа хөндийн хүмүүс болох тахилчид засвар хийв. Тэдний дараа Бениамин ба Хасшуб нар байшингийнхаа өмнө талд засвар хийв.
12|10289103|10902490|Тэдний дараа Ананиагийн хүү, Маасеиагийн хүү Азариа байшингийнхаа хажууд засвар хийв. Түүний дараа Хенададын хүү Биннуи, Азариагийн байшингаас Англе ба булан хүртэл өөр нэг хэсгийг засварлав.
13|10925069|11264242|Узаин хүү Палал харуулын талбайн дэргэдэх хааны дээд байшингаас цухуйсан цамхаг ба Англегийн өмнө талд засвар хийв.
14|11288938|11793971|Түүний дараа Парошийн хүү Педаиа засвар хийв.  Офелд амьдрагч сүмийн үйлчлэгчид Усны гулдан хаалганы өмнө талаас зүүн тийш цухуйсан цамхаг хүртэл засвар хийв.
15|11817344|12159693|Түүний дараа текоачууд цухуйсан их цамхгийн өмнө хэсэг ба Офелын хэрэм хүртэлх өөр нэг хэсэгт засвар хийв.
16|12181698|12860045|Адууны гулдан хаалганаас дээш тахилч бүр байшингийнхаа өмнө талыг засварлав. Тэдний дараа Иммерийн хүү Задок байшингийнхаа өмнө талд засвар хийв. Түүний дараа Зүүн гулдан хаалганы харуул, Шеканиагийн хүү Шемаиа засвар хийв.
17|12882271|13194323|Түүний дараа Шелемиагийн хүү Хананиа ба Залафын зургаа дахь хүү Ханун нар өөр нэг хэсгийг засварлав.
18|13216064|13443355|Түүний дараа Берехиагийн хүү Мешуллам сууцныхаа өөдөөс харсан хэсгийг засварлав.
19|13464832|13956856|Түүний дараа алтны дархчуудын нэг Малхиа сүмийн үйлчлэгчид ба худалдаачдын байшин хүртэл, Хяналтын гулдан хаалганы өмнө тал ба булангийн дээд өрөө хүртэл засвар хийв.
20|13977406|14274508|Булангийн дээд өрөө ба Хонины гулдан хаалганы хооронд алтны дархчууд ба худалдаачид засвар хийв.
