verse|start|end|sentence
1|92169|130888|НЕХЕМИА
2|153159|226100|нэгдүгээр бүлэг
3|250355|335556|Нехемиагийн залбирал
4|358400|518263|Хакалиагийн хүү Нехемиагийн үгс оршвой.
5|538902|1781772|Хорьдугаар оны Хислев сард намайг Суса цайзад байх үед миний ах дүүсийн нэг болох Ханани, Иудагийн хүмүүстэй хамт ирцгээлээ. Амь мултрагсад, олзлолоос үлдсэн иудейчүүдийн талаар мөн Иерусалимын байдлыг би тэднээс асуулаа. Тэд надад Олзлолоос үлдэгсэд, аймагтаа туйлын зовлон зүдүүр, басамжлал амсаж, Иерусалимын ханан хэрэм нурж, гулдан хаалганууд нь галд шатсан гэв.
6|1802763|2188594|Энэ үгсийг сонсмогц би доош суун уйлж, хэдэн өдрийн турш гашуудан, тэнгэрийн Бурханы өмнө мацаг барин ийнхүү залбирлаа.
7|2215010|2881582|Аяа, тэнгэрийн Бурхан ЭЗЭН минь Аугаа хийгээд сүрдэм Бурхан минь Танд хайртай, тушаалуудыг тань сахигч хүмүүст өршөөл ба гэрээгээ сахигч ЭЗЭН минь Сонор тань соргог, мэлмий тань нээлттэй байж
8|2901735|3250302|зарц нар тань болох Израилийн хөвгүүдийн өмнөөс,Таны өмнө өдөр шөнөгүй залбирч байгаа зарцынхаа залбирлыг сонсооч.
9|3271338|3947876|Танд, би болон миний эцгийн гэр тэрсэлсэн. Таны эсрэг тэрсэлсэн өөрсдийн нүглийг болон Израилийн хөвгүүдийн гэм нүглийг улайж байна. Зарц Моседоо тушаасан тушаал, зарлиг болон шүүлтийг тань сахиагүй нь бид билээ.
10|3968118|5200448|Танд хорон хандсан нь бас бид билээ. Зарц Моседоо тушаан айлдсан үгээ Та санаач. Та Хэрэв та нар үнэнч бус байвал Би та нарыг ард түмнүүдийн дунд тараана. Харин та нар Над уруу эргэж, Миний тушаалуудыг сахин мөн үйлдвэл, та нар тэнгэрийн хамгийн алс хэсэгт туугдан тараагдсан байсан ч Би та нарыг тэндээс цуглуулж, нэрээ байлгах гэж Өөрийн сонгосон тэр газартаа аваачна гэсэн билээ.
11|5221925|5530228|Таны аугаа хүч болон хүчирхэг мутраараа золин аварсан ард түмэн тань, зарц нар тань тэд билээ.
12|5552631|5591130|Эзэн минь ээ
13|5610975|6224185|Таны сонор зарцынхаа залбиралд болон нэрийг тань эмээн хүндлэхийг хүсэгч зарц нарынхаа залбиралд соргог байж, зарцдаа зориулан энэ өдрийг амжилттай болгон, энэ хүний өмнө нигүүлслийг олуулаач гэв.
14|6246985|6350929|Тэгэхэд би хааны сөнч байв.
