verse|start|end|sentence
1|89082|156775|долоодугаар бүлэг
3|1944545|2235914|Хот том бөгөөд уудам, харин түүн дотор хүн нь цөөн, байшингууд нь сэргээн босгогдоогүй байв.
4|2256200|2760660|Олзлолоос ирэгсдийн бүртгэл Тэгэхэд сурвалжтанууд, түшмэд ба ард иргэдийг удмын бичигт бүртгэхийн тулд цуглуулах санааг миний Бурхан зүрхэнд минь оруулав.
6|12542525|12806728|Сүмийн бүх үйлчлэгч ба Соломоны зарц нарын хөвгүүд бүгд гурван зуун ерэн хоёр байв.
7|12831777|13669853|Телмела, Телхарша, Херуб, Аддон болон Иммерээс ирсэн дараах хүмүүс нь Израилийнх мөн эсэхээ, угсаа удамшил, эцгүүдийнхээ гэрийн тухай баталгаагаа гаргаж чадаагүй бөгөөд тэд нь Делаиагийн хөвгүүд, Тобиагийн хөвгүүд, Некодагийн хөвгүүд зургаан зуун дөчин хоёр байв.
8|13697636|14533463|Тахилч нарын хөвгүүдээс Хобаиагийн хөвгүүд, Хаккозын хөвгүүд, гилеад хүн Барзиллаин охидоос эхнэр авч, тэдний нэрээр нэрлэгдэх болсон Барзиллаин хөвгүүд юм. 64 Тэд өөрсдийгөө удмын бичигт тэмдэглэгдсэнийг хайсан ч олоогүй тул бузар гэж тооцогдон тахилчийн албанаас хасагдав.
10|16578998|16921699|Эцгийн бүлийн зарим тэргүүлэгчид ажлын санд хорин мянган алтан драхма, хоёр мянга хоёр зуун мөнгөн маанэ өгөв.
11|16950408|17298401|Үлдсэн хүмүүсийн өгсөн зүйлс хорин мянган алтан драхма, хоёр мянган мөнгөн маанэ ба жаран долоон тахилчийн хувцас байв.
12|17324244|17773711|Тэгээд тахилч нар левичүүд мөн хаалгачид, дуучид, зарим ардууд, сүмийн үйлчлэгч нар ба бүх Израиль ч бас өөр өөрсдийн хотуудад амьдарцгаав.
13|17805683|17906540|Ард түмнийг хуран цуглуулав
14|17958754|18216342|Тэгээд долдугаар сар болоход Израилийн хөвгүүд өөрсдийн хотууддаа сууж байлаа.
