verse|start|end|sentence
1|90140|692678|наймдугаар бүлэг Бүх ард түмэн нэг хүн мэт, Усны гулдан хаалганы урд талд байрлах талбайд цуглав. Израильд ЭЗЭНий өгсөн, Мосегийн хуулийн номыг авчрахыг тэд гүүш Езрагаас гуйжээ.
2|715566|1164592|Тэгээд долдугаар сарын анхны өдөр тахилч Езра эрэгтэйчүүд, эмэгтэйчүүд болон ойлгон сонсож чадах бүгдийн өмнө буюу чуулганы өмнө хуулийг авчирлаа.
3|1192023|1829312|Тэр эрэгтэй, эмэгтэй, ойлгох чадвартай хүмүүсийн өмнө Усны гулдан хаалганы урд талд байрлах талбайн өмнө өглөө эртээс үд дунд хүртэл түүнээс уншив. Бүх хүмүүс хуулийн номд анхааралтай хандаж байв.
4|1855595|2055236|Гүүш Езра энэ зорилгын тулд барьсан модон тавцан дээр зогсож байв.
5|2084518|2760924|Түүний хажууд, баруун гарт нь Маттитиа, Шема, Анаиа, Уриа, Хилкиа болон Маасеиа нар, зүүн гарт нь Педаиа, Мишаел, Малхиа, Хашум, Хашбаддана, Зехариа болон Мешуллам нар зогсож байв.
6|2790118|3029008|Езра бүх хүмүүсээс дээр зогсож бүх хүмүүсийн нүдэн дээр номыг нээлээ.
8|6418843|7164309|Тиймээс левичүүд бүх ард түмнийг намжаан, өнөөдөр ариун өдөр учраас чимээгүй байцгаа. Бүү шанал гэж хэлэв. Ард түмэн бүгдээрээ идэж, ууж, хувь илгээж, том баяр наадам тэмдэглэхээр явцгаав. Учир нь тэдэнд мэдүүлсэн үгсийг тэд ойлгожээ.
9|7199060|7288274|Майхан баярыг тэмдэглэв
