verse|start|end|sentence
1|95608|243873|хоёрдугаар бүлэг Естер хатан болов
2|268921|718212|Эдгээрийн дараа хаан Ахашверошийн уур хилэн намдахад, тэрээр Ваштийг, түүний юу хийснийг мөн түүний эсрэг юу зарлигласнаа санав.
3|743261|867799|Тэгэхэд хаанд үйлчилж байсан бараа бологчид нь
4|892098|1099368|Хаанд царай зүс үзэсгэлэнтэй, онгон залуу охидыг эрж олог.
5|1124594|1784815|Хаан хаанчлалынхаа бүх аймагт хянагч нарыг томилж, тэд царай зүс үзэсгэлэнтэй, онгон залуу охин бүрийг Суса цайз дахь эмэгтэйчүүдийн өргөө уруу, эмэгтэйчүүдийг хариуцдаг хааны тайган Хегаин мэдэл ба гар дор цуглуулж авчраг.
6|1810304|2230445|Тэгээд тэдэнд оо энгэсгийг өгсүгэй Тийнхүү хааны нүднээ тааллыг олсон залуу эмэгтэйг Ваштийн оронд хатан болгог гэж хэлэв.
7|2254480|2490150|Энэ үг хааны нүднээ таатай байсан бөгөөд тэр түүнчлэн үйлдэв.
8|2514978|2861737|Суса цайзад бениамин хүн Кишийн гуч, Шимеигийн ач, Иаирын хүү Мордехаи гэгч иудей хүн байв.
9|2886345|3355965|Тэрээр Вавилоны хаан Небухаднезарын олзлон авчирсан Иудагийн хаан Иекониатай хамт ирсэн олзлогдогсдын хамт Иерусалимаас олзонд ирсэн хүн юм.
10|3379779|3635251|Авга ахынх нь охин Хадасса буюу Естер эцэг эхгүй тул тэрээр асран хүмүүжүүлж байлаа.
11|3658800|4064873|Тэр залуу эмэгтэй бие галбир тэгш, царай зүс үзэсгэлэнтэй ажээ. Эцэг эхийг нь өөд болоход Мордехаи түүнийг охиноо болгон авсан юм.
12|4085997|4736736|Ингээд хааны зарлиг лүндэнг сонордуулахад, олон залуу эмэгтэй Суса цайзнаа Хегаин мэдэл, гар дор цуглацгааж байхад Естер ч мөн хааны өргөөнд, эмэгтэйчүүдийг хариуцаж байсан Хегаин мэдэл, гар дор хүргэгджээ.
13|4759007|5577988|Тэр залуу эмэгтэй түүний таалалд нийцэж, ивээлийг нь олов. Тиймээс тэрээр Естерийг оо энгэсэг болон хувь хишгээр нь үтэр түргэн хангаж, түүнд хааны өргөөнөөс долоон шилмэл шивэгчнийг өгөөд, түүнийг болон шивэгчингүүдийг нь эмэгтэйчүүдийн өргөөний хамгийн сайн газарт шилжүүлэв.
14|5599862|5969552|Естер ард түмнээ ч, үндэс угсаагаа ч илчилсэнгүй. Учир нь тэднийг илчлэн ярьж болохгүй гэж Мордехаи түүнд захижээ.
15|5992793|6410376|Тэгээд Естерийн амар амгаланг болон түүнд юу тохиолдож байгааг мэдэх гэж эмэгтэйчүүдийн өргөөний хашааны өмнүүр Мордехаи өдөр бүр холхидог байв.
16|6435513|7269267|Эмэгтэйчүүдэд зориулагдсан арван хоёр сарын гоо сайхны үйлчлэл буюу миррийн тосны зургаан сар, тэгээд үнэртэн болон эмэгтэйчүүдийн оо энгэсгийн зургаан сарыг гүйцээсэн залуу эмэгтэй бүрийн, хаан Ахашверош уруу очих ээлж нь болоход  залуу эмэгтэй хаан уруу ийн ордог байв.
17|7297579|8291990|Эмэгтэйчүүдийн өргөөнөөс хааны өргөө уруу түүний авч явахыг хүссэн бүхэн нь түүнд өгөгддөг байлаа.  Орой нь тэр очоод, өглөө нь эмэгтэйчүүдийн хоёр дахь өргөөнд буцаж, татвар эмсийг хариуцаж байсан хааны тайган Шаашгазын мэдэл, гар дор очно. Тэгээд хаан тэр эмэгтэйг хүсэн таалж, нэрийг нь дуудахаас нааш тэр дахин хаанд бараалхдаггүй ажээ.
18|8320788|8935101|Өөрийг нь охиноо болгож авсан Мордехаин авга ах Абихаилын охин Естерийн хаан уруу очих ээлж ирэхэд, эмэгтэйчүүдийг хариуцаж байсан хааны тайган Хегаин зөвлөн хэлснээс өөр зүйлийг тэр гуйсангүй.
19|8959400|9153572|Ингэж Естер өөрийг нь харсан бүхний нүдэнд тааллыг олов.
20|9175225|9623502|Ингээд Ахашверошийн хаант засгийн долдугаар оны Тебет буюу аравдугаар сард Естерийг хааны ордонд, Ахашверош хаан дээр авчрав.
21|9650358|10316092|Хаан, Естерийг бүх эхнэрүүдээсээ илүү хайрлаж, Естер түүний нүдэнд таалал хийгээд энэрлийг бүх онгон охидоос илүү олсон тул тэрээр хатны титмийг Естерийн толгойд өмсгөж, түүнийг Ваштийн оронд хатан болгов.
22|10344007|10905930|Тэгээд хаан их найр буюу Естерийн найрыг бүх ноён болон албат нартаа зориулан хийсэн бөгөөд мөн аймгууддаа баярын өдрийг зарлан хааны заншлаар бэлэг сэлт өгөв.
23|10956733|11070864|Мордехаи хуйвалдааныг илрүүлэв
24|11111788|11451182|Тэгээд онгон охидыг хоёр дахь удаагаа хамтад нь цуглуулахад Мордехаи хааны дааман хаалган тушаа сууж байв.
25|11477245|12015221|Мордехаин захисан ёсоор Естер үндэс угсаагаа ч, ард түмнээ ч илчилсэнгүй. Учир нь Естер, Мордехаин айлдлагыг түүний асрамжинд байх үеийнх шигээ л даган биелүүлж байв.
26|12038329|12615863|Тэр өдрүүдэд, Мордехаиг хааны дааман хаалган тушаа сууж байхад босгыг сахиж байсан хааны хоёр тайган Бигтан, Тереш нар хаан Ахашверошт өширхөн, түүний аминд хүрэхийг санаархав.
27|12644307|12957991|Гэвч Мордехаи үүнийг мэдээд Естер хатанд хэлэхэд Естер үүнийг Мордехаин нэрээр хаанд мэдэгдэв.
28|12981055|13239702|Уг хэргийг шалгаж, үнэн болохыг олж мэдээд, тэр хоёрыг дүүжлүүрт дүүжлэв.
29|13259679|13421658|Энэ нь хааны өмнө Шастирын номд бичигджээ.
