verse|start|end|sentence
1|91463|130536|ЕСТЕР
2|163919|226718|нэгдүгээр бүлэг
3|255559|390814|Ваштийг хатан суудлаас буулгав
4|420934|540004|Энэ нь Ахашверошийн өдрүүдэд болов.
5|568052|847337|Ахашверош нь Энэтхэгээс Етиоп хүртэлх зуун хорин долоон аймгийг хаанчилж байжээ.
6|875561|1373141|Суса цайзнаа Ахашверош хаан сэнтийдээ залран байсан тэр өдрүүдэд буюу  хаанчлалынхаа гуравдугаар онд өөрийн бүх ноён болон албат нартаа зориулан найр хийв.
7|1399778|2123723|Перс, Медийн цэргийн хүчин мөн ихэс дээдэс болон аймгуудынх нь засаг ноёд өмнө нь байсанд  тэрээр хаанчлалынхаа үлэмж баян чинээлгийг болон өөрийнхөө цог жавхлан, агуу сүр хүчийг олон өдрийн турш, зуун наян хоног харуулав.
8|2147934|2689747|Энэ өдрүүдийг дуусахад хаан Суса цайзад ихэс дээдээс эгэл дордод нь хүртэл бүх хүнд зориулан хааны ордны цэцэрлэгийн хашаанд долоо хоног үргэлжилсэн найр хийв.
9|2714310|3189708|Тэнд нил өнгийн нарийн маалинган уяануудаар мөнгөн гархинууд болон гантиг баганануудтай холбогдсон цагаан болон хөх ягаан өнгийн нарийн маалинган хөшигнүүд байв.
10|3211141|3979010|Мөн эрээн чулуу, гантиг, тана болон эрдэнийн чулуунуудыг шигтгэн зассан зам дээр алтан, мөнгөн буйдангууд байлаа.  Зүсэн бүрийн алтан сав суулгаар ууш ундаа түгээсэн бөгөөд хааны өгөөмөр хишгээс усан үзмийн дарс халгиж цалгиж байлаа.
11|4003177|4185927|Уухыг хууль зарлигаар зөвшөөрсөн бөгөөд хязгаарлалт байсангүй.
12|4211946|4450307|Учир нь хүн бүр тааллаараа байж болно гэж хаан ордныхоо албатуудад тогтоожээ.
13|4477517|4749349|Хатан Вашти мөн хаан Ахашверошийн хааны өргөөнд эмэгтэйчүүдэд зориулан найр хийв.
14|4774486|5442292|Долоо дахь өдөр хааны зүрх дарсанд хөгжин баясах үеэр хаан Ахашверош өмнөө үйлчилж байсан долоон тайган Мехуман, Бизта, Харбона, Бигта, Абагта, Зетар болон Каркас нарт айлдахдаа,
15|5467429|5871209|хатан Ваштийн гоо үзэсгэлэнг ард түмэн болон засаг ноёдод харуулахын тулд түүнийг хатны титэмтэй нь хааны өмнө авчрахыг тушаав.
16|5896037|5995527|Учир нь тэр ихэд үзэсгэлэнтэй ажээ.
17|6019341|6290953|Гэвч хатан Вашти тайгануудын гараар дамжуулсан хааны айлдвар ёсоор ирэхээс татгалзав.
18|6316310|6487992|Тэгэхэд хаан ихэд уурсан цээжинд нь хилэн дүрэлзэв.
19|6510527|6933269|Тэгээд хаан хууль ёсоо мэддэг мэргэн хүмүүстэй ярилцан Учир нь хууль цааз болоод шударга ёсыг мэддэг бүхний өмнө хааны ёс заншил ийм байв.
20|6957039|7596401|Тэгэхэд Перс болон Медийн долоон ноён, хааны шадрууд Каршена, Шетар, Адмата, Таршиш, Мерес, Марсена болон Мемукан нар түүнд бараа болон хаант улсынхаа дотор дээгүүр залардаг байлаа.
21|7620347|8175831|Тайгануудаар биечлэн дамжуулсан хаан Ахашверошийн айлдлагын дагуу үйлдээгүй хатан Ваштийг хуулийн дагуу бид хэрхэх ёстой вэ гэсэнд,  хаан хийгээд шадар түшмэдийн өмнө Мемукан ийн өгүүлэв.
22|8201497|8608584|Хатан Вашти зөвхөн хааны өмнө ч биш мөн хаан Ахашверошийн бүх аймаг дахь засаг ноёд болон хамаг олны өмнө бурууг үйлдэв.
23|8634559|9293986|Учир нь хатны үйлдэл бусад эмэгтэйчүүдэд хүрэх аваас энэ нь тэднийг Хаан Ахашверош хатан Ваштийг өөрийн өмнө авчрахыг тушаан айлдахад тэр ирээгүй гээд нөхрүүддээ хүндэтгэлгүй хандахад хүргэх болно.
24|9324724|9824686|Энэ өдөр хатны үйлдлийг сонссон Перс болон Медийн сурвалжит эмэгтэйчүүд мөн хааны хамаг ноёдтой ийн ярих бөгөөд жигшил зэвүүцэл, уур хилэн ихсэх болно.
25|9851102|10395207|Хэрэв хаан үүнийг таалбал, хаан Ахашверошийн өмнө Вашти цаашид ирэх ёсгүй гэсэн хааны зарлигийг гарган үүнийг хүчингүй болгохгүйн тулд Перс болон Медийн хуульд бичигдэг
26|10420080|11128855|Мөн хатан байр суурийг нь түүнээс илүү зохистой өөр бүсгүйд хаан өгөг Тэгээд хааны гаргах цааз жаягийг түүний агуу хаант улс даяар сонсгоход эмэгтэйчүүд бүгд нөхрүүдээ их ч бай, дорд ч бай хүндлэх болно гэв.
27|11164797|11460267|Энэ үг хаан болон ноёд түшмэдийнх нь таалалд нийцэж, Мемуканы хэлснийг хаан ёсоор болгов.
28|11485007|12008606|Тэрээр хааны бүх аймагт, аймаг бүрийн бичиг үсгээр, ард түмэн бүрийн хэлээр, эр хүн бүр гэртээ эзэн байж, төрөлх хэлээрээ ярьдаг байх ёстой гэсэн захидлуудыг илгээв.
