verse|start|end|sentence
1|92962|171593|есдүгээр бүлэг
2|198494|301423|Иудейчүүдийн дайснууд сүйрэв
3|328941|1131120|Ингээд арван хоёрдугаар сарын Адар сарын арван гурав дахь өдөр хааны тушаал ба зарлигийг гүйцэтгэх болсон бөгөөд иудейчүүдийн дайснууд тэднийг эзэгнэхээр горилж байсан тэр өдөр энэ нь эсрэгээр эргэж, өөрсдийг нь үзэн ядагчдыг иудейчүүд эзэгнэв.
4|1159565|2367243|Хаан Ахашверошийн бүх муж даяар иудейчүүд өөрсдөд нь мөхлийг хүсэгчдийг гардан хөнөөхөөр тус тусын хотуудад цуглацгаасан бөгөөд тэднээс айх айдас бүх ард түмнийг нөмөрсөн тул хэн ч тэднийг сөрөн зогсож чадсангүй. Аймгуудын бүх засаг ноён, эрх баригч, захирагч болон хааны ажлыг гүйцэтгэгч түшмэдийг Мордехаигаас айх айдас нөмөрсөн тул тэд хүртэл иудейчүүдэд туслав.
5|2393174|2723704|Учир нь Мордехаи, хааны өргөөнд агуу нэгэн байсан бөгөөд түүний нэр алдар бүх аймаг даяар түгэн таржээ.
6|2749326|2969429|Учир нь Мордехаи гэгч энэ хүн улам бүр өргөмжлөгдсөөр байв.
7|2994654|3268339|Ийнхүү иудейчүүд бүх дайснаа илдний ирээр цохиж, хүйс тэмтрэн устгалаа.
8|3293123|3627004|Тэд өстнүүдийнхээ эсрэг дур зоргоороо үйлдэв. Суса цайзад иудейчүүд таван зуун хүнийг алж устгалаа.
9|3653111|4445765|Мөн Паршандата, Далфон, Аспата, Пората, Адалиа, Аридата, Пармашта, Арисаи, Аридаи болон Ваизата нарыг буюу иудейчүүдийн өстөн дайсан, Хаммедатагийн хүү Хаманы арван хөвгүүнийг тэд алсан боловч олзонд гар хүрсэнгүй.
10|4472930|4745027|Тэр өдөр Суса цайзад алагдсан хүмүүсийн тоог хаанд мэдэгдэхэд хаан, хатан Естерт
11|4773075|5077365|Иудейчүүд Суса цайзад таван зуун хүнийг бас Хаманы арван хөвгүүнийг алж, хүйс тэмтэрсэн байна.
12|5103119|6078832|Тэгвэл хааны бусад аймагт тэд юуг үйлдсэн бол доо Одоо чиний гуйлт юу вэ Тэр нь чамд өгөгдөнө. Чи өөр юу хүсээ вэ Түүнийг чинь гүйцэлдүүлэх болно гэв. Тэгэхэд Естер Хэрэв хаан үүнийг таалбал, өнөөдрийн зарлиг ёсоор маргааш ч мөн үйлдэхийг Сусад буй иудейчүүдэд зөвшөөрөг.
13|6103925|6308946|Мөн Хаманы арван хөвгүүнийг ч дүүжлүүрт дүүжлэг гэж хэлэв.
14|6333333|6673432|Хаан тийнхүү үйлдэг гэж зарлиг болж, зарлиг нь Сусад гарч, Хаманы арван хөвгүүнийг дүүжлэв.
15|6700950|7168499|Сусад буй иудейчүүд Адар сарын мөн арван дөрөвний өдөр цуглацгаан Сусад гурван зуун хүнийг алсан боловч эд олзонд гар хүрсэнгүй.
16|7194297|8216888|Мөн хааны аймгуудад буй бусад иудейчүүд амиа хамгаалан дайснуудаасаа ангижрахын тулд цуглаж, өстнүүдээсээ далан таван мянгыг алав. Гэвч тэд олзонд гар хүрсэнгүй. Энэ нь Адар сарын арван гуравны өдөр бөгөөд арван дөрөвний өдөр нь тэд амарч, энэ өдрийг найр наадам, баярын өдөр болгов.
17|8244980|8322904|Пурим баярыг тэмдэглэсэн нь
18|8345792|8880637|Харин Сусад буй иудейчүүд тэр сарын арван гуравны болон арван дөрөвний өдөр цугларч, арван тавны өдөр нь амарцгаан энэ өдрийг найр наадам, баярын өдөр болгов.
19|8916490|9540064|Тиймээс бэхлэлтгүй хотуудад амьдрагч хөдөө нутгийн иудейчүүд Адар сарын арван дөрөвний өдрийг баясал, найр наадмаар өнгөрүүлж, бие биендээ идээний хувийг илгээх баярын өдөр болгодог.
21|11190286|11492901|Ийнхүү иудейчүүд хийж эхэлсэн зүйлээ Мордехаин тэдэнд бичсэн ёсоор заншил болгон авав.
22|11520066|12141347|Учир нь бүх иудейчүүдийн дайсан, агаг хүн, Хаммедатагийн хүү Хаман иудейчүүдийг хүйс тэмтрэхээр тэдний эсрэг төлөвлөн, тэднийг устган хүйс тэмтрэхээр пур буюу шавга орхин шодсон билээ.
23|12165161|12791954|Гэвч энэ нь хаанд хүрэхэд хаан, иудейчүүдийн эсрэг Хаманы санаачилсан хорон муу төлөвлөгөө нь өөрийнх нь толгой дээр буух ёстой бөгөөд түүнийг хөвгүүдтэй нь хамт дүүжлүүрт дүүжлэх ёстой гэж захидлаар тушаав.
26|16437260|16766687|Ингээд Естерийн айлдлага нь Пуримийн талаарх энэ заншлуудыг баталсан бөгөөд энэ нь номд бичигдэв.ы
