verse|start|end|sentence
1|89831|158230|наймдугаар бүлэг
2|182044|282328|Иудейчүүдийг Естер аврав
3|302790|900036|Тэр өдөр иудейчүүдийн дайсан Хаманы гэрийг хаан Ахашверош хатан Естерт өгсөн бөгөөд өөрийнх нь хувьд Мордехаи хэн байсныг Естер илчилсэнд Мордехаи хааны өмнө ирэв.
4|922219|1297730|Хаманаас авсан тамгат бөгжөө хаан сугалан авч Мордехаид өгөв. Естер, Мордехаиг Хаманы гэрийнхний захирагчаар томилов.
5|1317708|1908118|Тэгээд Естер хаантай үргэлжлүүлэн ярьж, хөлд нь унаж, агаг хүн Хаманы хорон муу төлөвлөгөөг болон иудейчүүдийн эсрэг түүний санаачилсан хуйвалдааныг болиулахыг түүнээс уйлан гуйв.
6|1928272|2241867|Хаан алтан очирт таягаа Естер уруу сунгасанд Естер босон хааны өмнө зогсоод ийн хэлэв.
7|2271987|3383307|Хэрэв хаан үүнийг таалбал, хэрэв би хааны нүдний өмнө тааллыг нь олсон бөгөөд энэ хэрэг хаанд зөв санагдан би түүний нүдэнд тааламжит аваас агаг хүн, Хаммедатагийн хүү Хаманаас хааны бүх аймгууд дахь иудейчүүдийг устгахаар санаачилсан захидлуудыг нь хүчингүй болгох зарлиг бичигдэг. Миний ард түмэн дээр айсуй зовлонг би хэрхэн харж тэвчих билээ
8|3406548|3598868|Мөн төрөл садангийнхаа сүйрлийг би хэрхэн харж тэвчих билээ гэв.
9|3618934|4311965|Тэгэхэд Естер хатан болон иудей хүн Мордехаид Ахашверош хаан ийн хэлэв. Үзэгтүн Би Хаманы гэрийг Естерт өгсөн бөгөөд Хаман иудейчүүдийн эсрэг гар сунгасан учир түүнийг тэд дүүжлүүрт дүүжилсэн.
10|4335691|4633939|Одоо та нар хааны нэр дээр иудейчүүдэд хандан хүссэнээ бичиж, хааны тамгат бөгжөөр лацад
11|4659076|4938362|Учир нь хааны нэр дээр бичигдсэн, хааны тамгат бөгжөөр лацадсан зарлиг нь хүчингүй болдоггүй.
12|4961735|6069350|Тэгээд тэр цагт буюу Сиван хэмээх гуравдугаар сарын хорин гуравны өдөр хааны гүүш нарыг дуудаж, иудейчүүдэд Мордехаин тушаасан бүгдийн дагуу Энэтхэгээс Етиоп хүртэлх зуун хорин долоон аймгийн захирагчид, засаг ноёд болон ноёдод, аймаг бүрийнх нь бичиг үсгээр, ард түмэн бүрийнх нь хэлээр мөн иудейчүүдэд өөрсдийнх нь бичиг үсэг болон хэлээр бичүүлэв.
14|8140066|8520825|Хааны зарлигаар дайчлагдсан зарлагууд яаравчлан хааны хурдан хүлгүүдийг унаж гарцгаав. Суса цайзад ч зарлиг тунхаглагдав.
