verse|start|end|sentence
1|77307|154526|зургаадугаар бүлэг
2|199684|298777|Мордехаиг хаан хүндэтгэв
3|320077|707937|Тэр шөнийн туршид хааны нойр хулжиж, тэрээр өдрийн хэрэг явдлын тойм номыг авчрахыг тушаасанд тэдгээрийг хааны өмнө уншив.
4|738939|1272637|Хаан Ахашверошийн аминд хүрэхийг санаархсан, босгоны сахиул хоёр тайган Бигтан, Тереш нарын талаар Мордехаи хэрхэн мэдээлсэн тухай тэнд бичигдсэн байсныг олов. Тэгээд хаан
5|1297907|1834074|Ингэснийх нь төлөө Мордехаид ямар нэр алдар болон хүндэтгэл олгосон бэ гэхэд өөрт нь үйлчилж байсан хааны зарц нар Түүнд юу ч хийгээгүй байгаа гэж хаанд хариулав.Хаан
6|1863930|1956496|Ордонд хэн байна вэ гэв.
7|1984500|2407374|Тэгэхэд Хаман, Мордехаид бэлдсэн дүүжлүүртээ түүнийг дүүжлүүлэх тухай хаантай ярихаар хааны өргөөний гадаад ордонд дөнгөж орж ирээд байлаа.
8|2431453|2496942|Хааны зарц нар түүнд
9|2522608|2829235|Үзэгтүн Хаман ордон дотор зогсож байна гэхэд хаан Түүнийг оруул гэв. Тэгээд Хаманыг орж ирэхэд хаан түүнд
10|2854989|3137759|Хаан хүндэтгэлээ үзүүлэхийг таалж буй хүнд юу хийх ёстой вэ гэхэд Хаман зүрх сэтгэлдээ
11|3159941|3364389|Хаан хэнийг надаас илүү хүндлэхийг хүсэх билээ гэж өгүүлээд  хаанд хариулахдаа
12|3393891|4625957|Хаан хүндэтгэлээ үзүүлэхийг таалж буй хүнд хааны өмсдөг дээл, хааны унадаг морийг авчруулж, толгойд нь хааны титмийгв тавиулж, дээл болон морийг хааны хамгийн тэргүүн ноёдын нэгэнд өгч, хаан хүндэтгэлээ үзүүлэхийг таалсан хүнийг хувцаслуулаад, түүнийг морь унуулан хотын талбайгаар хөтлөн явж, Хаан хүндэтгэлээ үзүүлэхийг таалж буй хүнд ингэж үйлдэнэ гэж өмнө нь тунхаглаг гэв.
13|4650300|4715480|Тэгэхэд хаан, Хаманд
14|4742249|5306817|Бушуул, өөрийнхөө хэлснээр дээл болон морийг авч, хааны дааман хаалганы дэргэд сууж буй иудей хүн Мордехаид тийн үйлд! Өөрийн хэлсэн бүхнээс юу ч бүү орхигдуул гэв.
15|5334027|5648283|Ингээд Хаман дээл болон морийг авч, Мордехаиг хувцаслаад, түүнийг морь унуулан хотын талбайгаар хөтлөн
16|5673861|5923071|Хаан хүндэтгэлээ үзүүлэхийг таалж буй хүнд ингэж үйлдэгдэнэ гэж өмнө нь тунхаглав.
17|5947237|6091533|Тэгээд Мордехаи хааны дааман хаалга уруу буцлаа.
18|6118742|6714225|Харин Хаман толгойгоо бүтээн гашуудсаар гэр уруугаа яарав. Хаман өөрт тохиолдсон бүгдийг эхнэр Зерештээ болон бүх анд нөхөртөө ярив. Тэгэхэд түүний мэргэн зөвлөгчид болон эхнэр Зереш нь
19|6737774|7202720|Чиний доройтол өмнө нь эхэлсэн тэр Мордехаи хэрэв иудейчүүдийн үр удам бол чи түүнийг дийлж чадахгүй, харин ч гарцаагүй түүний өмнө унах болно гэв.
20|7268517|7409241|Хаманы унал ба Мордехаин амжилт
21|7471863|7817254|Тэднийг түүнтэй ярьж байх үед, хааны тайганууд хүрэлцэн ирж, Хаманыг Естерийн бэлдсэн найранд яаран авч одов.
