verse|start|end|sentence
1|93359|167800|долоодугаар бүлэг
2|191967|436986|Ингээд хаан Хаман хоёр Естер хатантай хамт дарс уухаар ирцгээв.
3|464681|627410|Хоёр дахь өдөр нь тэд дарс ууж байхад хаан, Естерт
4|657795|870048|Хатан Естер, чиний гуйлт юу вэ Түүнийг чинь чамд өгөх болно.
5|897082|1190920|Чи юу хүсэж байна вэ Хаант улсын тал ч байсан түүнийг чинь гүйцэлдүүлэх болно гэв.
6|1217027|2209586|Тэгэхэд хатан Естер ийн хариулав. Хаантан минь, хэрэв би таны нүднээ тааллыг тань олсон бөгөөд хаан үүнийг таалбал, гуйлтын минь хариуд миний амийг надад өгч, хүсэлтийн минь хариуд ард түмнийг минь надад өгөөч Учир нь би ч, миний ард түмэн ч, бид устгуулж, алуулж, хүйс тэмтрэгдэхээр худалдагдаад байна.
7|2231856|2741388|Хэрэв бид эр, эм боолууд болж худалдагдсан бол, энэ нь хаантан шархадсантай дүйх зовнил бус тул би дуугүй байх байсан. Ахашверош хаан, Естер хатнаас
8|2768068|3215816|Тэр чинь хэн бэ Ийн үйлдэхийг зүрхлэгч хүн хаана байна вэ гэж асуухад Естер Дайсан бөгөөд өстөн нь энэ муу санаат Хаман гэв.
9|3240556|3452192|Хаман тэгэхэд хаан, хатан хоёрын өмнө айн чичирч эхлэв.
10|3480901|3696770|Хаан хилэгнэн, дарс уухаа больж босоод ордны цэцэрлэг уруу оров.
11|3728522|4062492|Харин өөрийг нь хөнөөхөөр хаан шийдсэн гэдгийг Хаман харсан тул хатан Естерээс амийнхаа төлөө гуйхаар үлдэв.
12|4088775|4504947|Тэгээд хаан ордны цэцэрлэгээс найрын өргөөнд буцаж ирэхэд, Естерийн налан хажуулдсан буйдан дээр Хаман унасан байлаа. Тэгээд хаан
13|4532245|5474397|Миний өргөөнд, тэр бүр намайг байхад хатныг хүчирхийлэх нь үү гэв. Хааны амнаас энэ үгс гармагц тэд Хаманы нүүрийг бүтээв. Тэгэхэд хааны өмнө байсан хааны тайгануудын нэг Харбона Үзэгтүн Хаанд сайныг өгүүлсэн Мордехаид бэлдсэн Хаманы тавин тохой өндөр дүүжлүүр нь Хаманы гэрийн дэргэд байна
14|5495962|5536490|гэхэд хаан
15|5565155|5984325|Түүн дээр өөрийг нь дүүжил гэв. Ингээд тэд Мордехаид бэлдсэн дүүжлүүрт нь Хаманыг дүүжлэн, хааны уур хилэн намжив.
