verse|start|end|sentence
1|93492|173974|гуравдугаар бүлэг
2|201581|336086|Иудейчүүдийг устгах хэргийг Хаман хариуцав
3|364221|842133|Эдгээрийн дараа агаг хүн Хаммедатагийн хүү Хаманыг хаан Ахашверош өргөмжлөн дэвшүүлж, түүний суудлыг хамт буй түшмэдээс нь дээгүүр тогтоов.
4|871857|1586585|Хаан түүний тухайд тийн зарлигдсан тул хааны дааман хаалганы дэргэдэх хааны бүх түшмэд Хаманд сөхрөн мэхийв. Харин Мордехаи сөхөрсөн ч үгүй, мэхийсэн ч үгүй.  Тэгэхэд хааны дааман хаалганы дэргэд байдаг хааны түшмэд, Мордехаид
5|1618470|2206808|Чи юунд хааны тушаалыг зөрчинө вэ гэв.  Тэд түүнд өдөр болгон хэлсэн ч Мордехаи тэднийг сонсдоггүй байв. Тиймээс Мордехаиг үгээрээ байх эсэхийг харахаар тэд түүнийг Хаманд мэдүүлэв.
7|4003089|4135212|Тэгээд Хаман, Ахашверош хаанд ийн хэлэв.
8|4163348|4876710|Таны хаанчлалын бүх аймгийн ард түмэн дунд тарж холилдсон нэгэн ард түмэн байна. Тэдний хууль бусад ард түмний хуулиас өөр бөгөөд тэд хааны хууль цаазыг сахин үйлддэггүй юм. Тиймээс хааны хувьд тэднийг тэвчих нь ашиггүй юм.
9|4900436|5101135|Хэрэв хаан үүнийг таалбал, тэднийг устгахыг зарлигдан бичигтүн.
10|5130902|5473383|Тэгээд хааны сан хөмрөгт оруулахын тулд хааны ажлыг хэрэгжүүлэгчдийн гарт би арван мянган талант мөнгийг тушаана гэв.
11|5500460|5924394|Тэгэхэд хаан гараасаа тамгат бөгжөө авч, иудейчүүдийн өстөн дайсан агаг хүн, Хаммедатагийн хүү Хаманд өгөв.  Хаан, Хаманд
12|5949927|6197990|Мөнгө чинийх, тэр хүмүүс ч мөн адил. Тааллаар тэдэнд үйлдэгтүн гэв.
13|6224273|7158973|Тэгээд нэгдүгээр сарын арван гуравны өдөр хааны гүүш нар дуудагдан Хаманы тушаасан бүхнийг хааны захирагчид, аймаг бүрийн засаг ноёд болон ард түмэн бүрийн ноёдод, аймаг бүрийн бичиг үсгээр, ард түмэн бүрийн хэлээр нь хаан Ахашверошийн нэрээр бичин илгээж, хааны тамгат бөгжөөр лацаджээ.
14|7186050|8013807|Адар сар буюу арван хоёрдугаар сарын арван гуравны өдөр хөгшин залуу, хүүхэд эмэгтэйчүүд буюу бүх иудей хүнийг нэг өдрийн дотор устгаж, алж, хүйс тэмтэрч мөн тэдний эд хөрөнгийг олзлон авсугай гэсэн захидлуудыг хааны бүх аймагт зарлагуудын гараар илгээв.
15|8038768|8895675|Зарлигийн хуулбарыг аймаг бүрд хууль болгон өгч, тэр өдөрт бэлтгэхийг бүх ард түмэнд тунхаглав.  Хааны зарлигаар зарлагууд яаран гарч явцгаав. Сусагийн цайзнаа ч зарлиг гарч, хаан, Хаман нар дарс уухаар сууцгаахад Суса хот үймэв.
