verse|start|end|sentence
1|93006|146720|тавдугаар бүлэг
2|175826|253001|Естерийн найр
3|282063|853335|Гурав дахь өдөр нь Естер хатныхаа хувцсыг өмсөн, хааны өргөөний дотоод ордонд хааны танхимын өмнө зогсоход, өргөөний үүд өөд харсан хааны танхимд хаан сэнтийдээ залран байв.
4|883940|1225715|Естер хатныг ордон дотор зогсож байгааг хаан харсан бөгөөд Естер хааны нүдний өмнө тааллыг олжээ.
5|1254336|1617014|Хаан гартаа барьсан алтан очирт таягаа Естер уруу сунгахад Естер ойртон очиж, очирт таягийн үзүүрт хүрэв.
6|1645679|1692513|Тэгээд хаан түүнд
7|1722590|2072435|Хатан Естер юу болов Чи юу хүсээ вэ Хаант улсын тал ч байсан чамд өгөгдөнө гэв.
8|2101100|2148552|Тэгэхэд Естер
9|2176996|2915936|Хэрэв хаан үүнийг таалбал, өөрт нь бэлтгэсэн найранд маань хаан Хаман нар энэ өдөр ирэг гэв. Хаан Естерийн хэлсний дагуу үйлдэхийн тулд Хаманыг түргэлүүл гэжээ. Тэгээд хаан болон Хаман, Естерийн бэлдсэн найранд ирэв.
10|2943630|3297621|Тэд дарс ууж байх үед хаан Естерт Чиний гуйлт юу вэ Түүнийг чинь өгөх болно. Чи юу хүсээ вэ
11|3323993|3498408|Хаант улсын тал ч байсан гүйцэлдүүлэх болно гэж хэлэв.
12|3523898|3572982|Естер хариуд нь
13|3600676|4339748|Миний гуйлт ба хүсэлт бол, хэрэв би хааны нүдний өмнө тааллыг олсон бөгөөд хэрэв хаан миний гуйсныг өгч, миний хүссэнийг хийхийг таалбал, хаан Хаман нар миний тэдэнд бэлдэх найранд ирэг Маргааш би хааны айлдсаныг хийнэ гэв.
14|4374102|4492863|Мордехаиг дүүжлэхээр Хаман төлөвлөв
15|4522234|4743792|Ингээд Хаман тэр өдөр баяр хөөртэй, өндөр сэтгэлтэй гарч явлаа.
16|4775897|5218794|Харин хааны дааман хаалганы дэргэд Мордехаи өөрийнх нь өмнө босох ч үгүй, сүрдэн чичрэх ч үгүй байгааг хараад Хаман, Мордехаид ихэд хилэгнэв.
17|5242431|5535079|Гэсэн ч Хаман биеэ барьж, гэртээ ирээд анд нөхөд болон эхнэр Зерешээ дуудуулахаар илгээв.
18|5564229|6173206|Тэгээд Хаман тэдэнд эд баялгийнхаа сүр жавхланг, хөвгүүдийнхээ өнөр олныг, өөрийг нь хаан хүндлэн өргөмжилсөнийг мөн өөрийг нь ноёд болон түшмэдээс дээгүүр дэвшүүлснийг тоочив. Хаман мөн
19|6202047|6663245|Тийм ээ, Естер хатан хүртэл бэлдсэн найрандаа хаантай хамт надаас өөр хэнийг ч ирүүлээгүй бөгөөд маргааш ч бас намайг хааны хамт урьж дуудсан.
20|6686530|7027776|Гэвч иудей Мордехаи хааны дааман хаалганы дэргэд суугааг харах бүрд надад энэ бүхэн онцгүй байна гэв.
21|7055206|7242190|Тэгтэл түүний эхнэр Зереш болон бүх анд нөхөр нь түүнд
22|7266489|7508598|Тавин тохой өндөр дүүжлүүр хийлгээд, Мордехаиг түүн дээр дүүжлэхийг хаанаас өглөө гуй.
23|7531177|7884550|Тэгээд хаантай хамт найранд санаа амар оч! гэж хэлэхэд энэ үг Хаманд таалагдаж, тэрээр дүүжлүүр хийлгэв.
