verse|start|end|sentence
1|95652|169211|дөрөвдүгээр бүлэг
2|195936|338776|Естер иудейчүүдэд туслахыг зөвшөөрөв
3|361708|796401|Мордехаи болсон бүхнийг мэдээд, хувцсаа урж өөртөө таар углан үнс цацаад хотын дундуур гарч чанга дуугаар гашуунаар уйлав.
4|823699|931965|Тэрээр хааны дааман хаалга хүртэл явав.
5|955426|1185849|Учир нь таар угласан хэн ч хааны дааман хаалгаар орж ирэх ёсгүй байв.
7|2755676|2970487|Хатах, Мордехаи уруу, хааны дааман хаалганы өмнөх хотын талбай уруу очив.
8|2996154|4051863|Мордехаи өөрт тохиолдсон бүхнийг мөн Хаман иудейчүүдийг устгасны төлөө хааны сан хөмрөгт төлөхөөр амласан мөнгөний нарийн тоог ч түүнд хэлэв. Мөн тэднийг устгах тухай Сусад гаргасан зарлигийн эх бичгийн хуулбарыг Естерт үзүүлэн мэдүүлэхийн тулд Мордехаи түүнд өгч, Естерийг хаан дээр ороод түүнээс ард түмнийхээ төлөө өршөөл гуйхыг тушаав.
9|4075501|4477384|Хатах буцаж ирээд Мордехаин үгийг Естерт дамжуулжээ. Тэгэхэд Естер, Мордехаид ийн хариу хэлэхийг Хатахад тушаан илгээв.
10|4500316|5251163|Дуудагдаагүй байж хааны дотоод ордонд орох эрэгтэй, эмэгтэй ямар ч хүн үхэх ёстой гэсэн ганц хууль байдаг бөгөөд хаан алтан очирт таягаа түүн уруу сунгавал л тэр хүн амьд үлддэг гэдгийг хааны бүх зарц, хааны аймгуудын ард түмэн мэднэ.
11|5274051|5450407|Тэгтэл би энэ гуч хоногийн турш хаан дээр дуудагдаагүй байна.
12|5470340|5723783|Тэд Естерийн үгийг Мордехаид дамжуулахад  тэр тэдэнд Естерт ийн хариул гэв.
13|5745789|6009242|Хааны өргөөнд байгаа чи бүх иудей хүнээс ганцаараа мултарч чадна гэж бүү сана.
14|6030851|6772789|Хэрэв чи энэ үед чимээгүй байвал иудейчүүдэд өөр газраас тусламж, аврал ирж, харин чи болон чиний эцгийн гэр сөнөнө. Хааны эрх дархад хүрсэн чинь энэ цагийн төлөө ч юм бил үү, хэн мэдэх вэ Тэгэхэд Естер, Мордехаид ийн хариул гэж хэлэв.
15|6797750|7677236|Явж, Сусад байгаа бүх иудейчүүдийг цуглуулж, миний төлөө мацаг барьж, шөнө ч, өдөр ч гурван хоногийн турш бүү ид, бүү уу Би болон миний шивэгчингүүд ч мөн ийнхүү мацаг барина. Хуулийн дагуу биш ч гэсэн би хаан дээр орно. Хэрэв би үхэх ёстой бол үхнэ.
16|7701447|7916611|Ингээд Мордехаи явж өөрт нь Естерийн тушаасан ёсоор үйлдэв.
