verse|start|end|sentence
2|3851649|4151794|Хэрэв би нүгэл үйлдвэл, Та намайг ажиглан хараад, Хилэнцээс минь болж намайг эс зөвтгөх байсан.
3|4173094|5243137|Хэрэв би бурууг үйлдсэн бол, би золгүй еэ Хэрэв би шударга зөв бол Толгойгоо өндийлгөж чадахгүй. Учир нь би ичгүүрээр дүүрсэн, Зовлон зүдүүрийгп минь хараач. Aрслан мэт үүнийг өндийлгөвөл Та хариуд нь намайг агнаж, Та хүч чадалаа миний эсрэг дахин харуулах байсан. Та гэрч нараа миний эсрэг сэргээж, Над уруу чиглэсэн уураа ихэсгэдэг.
4|5264613|5589234|Зовлон зүдүүрийн цаана зовлон зүдүүр л надтай хамт байна. Юунд Та намайг хэвлийгээс гаргасан юм бэ
5|5610931|6007875|Би үхэж, хэний ч нүд намайг хараагүй байх нь яав даа Би огт байгаагүй мэт хэвлийгээс булш уруу хүргэгдсэн байсан ч болоосой.
6|6043023|6941913|Би хэр удаан амьдрах вэ Намайг орхиоч, би түр ч болов тайтгарал олохсон, Харанхуйн ба үхлийн харанхуйн орон уруу Хэзээ ч эргэж ирэхгүй явахаас минь өмнө орхиоч Тэр нь харанхуй мэт үхлийн харанхуй, Эмх цэгцгүй гүн сүүдрийн орон бөгөөд Гэрэл нь ч тэнд харанхуй мэт билээ
7|6965418|7099570|гэв.
