verse|start|end|sentence
1|82378|174768|гучин дөрөвдүгээр бүлэг
2|209827|1013065|Бурханы шударгыг Елиху тунхаглав Тэгээд Елиху үргэлжлүүлэн хэлэв Мэргэд ээ, миний үгсийг сонс. Мэддэг хэмээгчид ээ, намайг чагна. Учир нь хоолыг тагнай амталдгийн адил үгсийг чих шалгадаг юм. Шийдвэрлэхээр өөрсдөдөө сонгоцгооё.
3|1056768|1226200|Юу нь сайн болохыг дундаа мэдэцгээе. Иов хэлэхдээ
5|2776050|3963972|Учир нь Тэрээр үйлсийнх нь дагуу хүмүүнд хариулж Зам мөрийнх нь дагуу олгодог ажээ. Үнэндээ, Бурхан хорон мууг үйлдэхгүй бөгөөд Төгс Хүчит Нэгэн ч шударга шүүлтийг гуйвуулахгүй. Дэлхийн эрх мэдлийг хэн Түүнд өгсөн бэ Даяар ертөнцийг хэн тогтоосон бэ Тэрээр зүрхээ хүн дээр тогтоох аваас Түүний сүнсийг мөн амьсгалыг нь ч Тэрээр Өөртөө хурааж авдаг.
7|6178542|7016530|Учир нь Бурханы өмнө, хүнийг шүүхэд очуулахдаа Тэрээр хэнд ч цаг хугацааг товлодоггүй юм. Тэрээр хүчтэнүүдийг асуулгүйгээр үй олноор няцалж, тэдний оронд бусдыг тавьдаг. Тэдний ажлыг Тэрээр мэддэг бөгөөд Тэднийг сүйртэл нь шөнөөр хөмрөн хаядаг билээ.
9|9115337|10256425|Хэрэв би гэм бурууг үйлдсэн байх аваас Харин дахин үйлдэхгүй гэж хэлж байсан уу Чи татгалзсан учраас Тэр тохируулан буцааж төлөх ёстой юу Учир нь би биш, чи сонгох ёстой. Тиймээс юу мэддэгээ тунхагла. Ухаант хүмүүс болон намайг сонсдог мэргэн хүмүүс надад хэлэх болно. Иовын ярианд мэдлэг алга. Иовын үгст ухаарал алга.
10|10281650|10661836|Цөвт муу хүн мэт хариулсан тул Иов эцэстээ тултал соригдог. Учир нь нүгэл дээр нь бас тэрслэл нэмэгдэв.
11|10685209|11095295|Бидний дунд тэрээр алгаа ташин, Бурханы эсрэг үгсээ олшруулсаар байна гэх болно гэв.
