verse|start|end|sentence
2|1700054|2271943|Бас л адилхан шаврын өөдөснөөс бүтээгдсэн билээ. Үзэгтүн, надаас айх хэрэггүй, Үнэндээ би чамайг эс дарна. Үнэхээр чи миний чихэнд ярьсан үгсийг би сонссон билээ.
3|2301887|3636089|Би цэвэр, гэмт үйлдэлгүй, Би гэм халгүй, дотор минь хилэнц алга. Харагтун, Тэр л миний эсрэг далим олж, Хөөрхий намайг дайснаа гэж тооцдог. Хөлийг минь Тэрээр хэвэнд оруулж, Хамаг харгуйг минь харуулддаг. гэж хэллээ. Үзэгтүн, гэвч чиний зөв биш ээ. Үнэхээр би чамд хариулъя. Учир нь хүмүүнээс Бурхан аугаа билээ. Юм бүхэнд минь хариулдаггүй гэж юунд чи Түүний эсрэг гомдоллоно вэ
4|3662240|4166744|Бурхан нэг удаа мөн хоёр удаа хэлдэг боловч, хэн ч үүнийг ойшоодоггүй юм. Хүмүүсийг гүн нойр хучин, хэвтэр дээрээ дугхийх зуур зүүд буюу шөнийн үзэгдэл дотор
6|8625651|8944053|Иов оо Намайг анхааран сонс. Дуугүй байж, намайг яриул. Хэлэх зүйл чамд байвал надад хариул.
7|8964912|9540241|Чамайг зөвтгөхийг би хүсэж байгаа учир хэлэх зүйл байвал хэл. Хэрэв байхгүй бол дуугүй байж намайг сонс. Мэргэн ухааныг танд би сургая гэв.
