verse|start|end|sentence
1|63945|1106248|гучин хоердугаар бүлэг Иовын нөхдийг Елиху зэмлэв Ингээд Иов өөрийн нүдэнд зөвт байсан тул өнөөх гурван хүн түүнд хариу өчихөө больжээ. Тэгтэл Рамын ургийн, буз хүн Барахелын хүү Елиху гэгч байв. Иов өөрийгөө Бурханы өмнө зөвтгөсөн тул Елихугийн уур түүний эсрэг шатсан юм.
2|1129224|1952086|түүнийг буруутгасан хэдий ч хариулах зүйл олж чадаагүй тул Елихугийн уур мөн тэдний эсрэг шатав. Тэд өөрөөс нь насаар ахмад байсан тул Елиху, Иовтой ярилцахаа хүлээзнэж байв. Тэгээд өнөөх гурван хүний аманд хариу байхгүйг Елиху хараад түүний уур шатжээ.
4|5338790|6340918|Тэгэхлээр би ч мөн өөрийн хувьд хариулж, Төрсөн санаа бодолоо хэлэх болно. Хэлэх үгсээр дүүрэн байна, би Хэвэл доторх сүнс шахамдуулж байна, намайг. Харагтун, хэвлий гэдэс минь бөглөөгүй дарс мэт, Хариугүй, шинэ тулам адил дэлбэрэх гэж байна. Тайтгарахын тулд би ярих ёстой Уруулаа нээж, би хариу хэлье.
5|6362351|6869809|Хэнд ч би тал тохой татахгүй, бялдуучлахгүй. Хэрхэн бялдуучлахыг би хэзээнээс мэдэхгүй ээ. Эс бөгөөс Бүтээгч минь намайг үтэр түргэн зайлуулах байсан.
