verse|start|end|sentence
2|1561272|2235605|Түүний майхан дахь гэрэл харанхуйлж, түүн дээрх дэнлүү нь унтардаг юм. Түүний хүч тэнхээтэй алхаа саарч, хорон санаа нь түүнийг унагаадаг юм. Учир нь тэрээр хөлөөрөө торонд унагаагдсан бөгөөд тэрээр сараалжин урхин дээр алхдаг аж.
3|2270047|2718191|Занганд өсгийгөөрөө орж, Хавханд тэрээр урхидуулдаг юм. Түүнийг оосорлох гогцоо газарт далдлагдсан бөгөөд Түүний урхи замд нь отох бөлгөө.
4|2740065|3222431|Гэнэтийн аймшгууд тал бүрээс нь түүнийг айлгаж, алхам тутамд нь түүнийг яаруулна. Өлсгөлөн хүч чадлыг нь залгиж, Зовлон гамшиг хажууд нь бэлэн байх аж.
5|3254844|4235187|Арьс нь өвчинд идэгдсэн бөгөөд Үхлийн ууган хүү үе мөчүүдийг нь иддэг аж. Тэрээр майхныхаа хамгаалалтаас таслагдан Аюумшгийн хааны өмнө хүргэгддэг. Майханд нь түүний гэх юм нэг ч үлдэхгүй бөгөөд Сууцанд нь хүхэр цацагддаг билээ. Доороосоо түүний үндэс хатаж, Дээрээсээ түүний мөчир ганддаг.
