verse|start|end|sentence
2|2598460|2714266|Намайг тэд жигшиж, надаас дөлцгөөжээ.
4|4197261|4304204|алдар хүндийг минь салхи мэт мушгиж байна
6|7772977|8075812|Энд зогсоод би чуулган дотор хашхирлаа. Би цөөвөр чонын ах дүү, Би тэмээн хяруулын анд нөхөр.
7|8109196|8559280|Арьс минь харлаж, Яс минь халуу төөнөнө. Ингээд ятга минь уй гашуу, Лимбэ минь уйлагсдын дуу хоолой болов.
