verse|start|end|sentence
1|92169|141208|ТАВДУГААР НОМ
2|167844|774175|Дуулал зуун долоогоос зууг тавь ДУУЛАЛ зуундолоо Түмэн зовлонгоос гэтэлгэсэнд талархахуй ЭЗЭНд талархагтун Тэрээр сайн сайхан бөгөөд Түүний хайр энэрэл мөнхийнх.
3|794108|1496798|Өстний гараас Түүний зольсон, ЭЗЭНээр золигдсон хүмүүс ийн өгүүлэг. Өрнө хийгээд дорно, Өмнө хийгээд умар, Нутаг бүрээс тэднийг цуглуулсан билээ. Тэд цөлд зэлүүд замаар тэнэж, Оршин суугчидтай хотыг эс олов.
4|1518980|1865738|Өлсөж, цангаад Тэдний сэтгэл нь сульджээ. Шаналал дундаа тэд ЭЗЭНд хашхирсанд Шахаанаас нь Тэр сулласан.
6|3382381|4461729|Тэд бүдрэн унасан бөгөөд хэн ч эс туслав. Шаналал дундаа ЭЗЭНд тэд хашхирсанд Шахаанаас нь Тэр аварчээ. Тэднийг харанхуйгаас ба Үхлийн харанхуйгаас Тэр гаргаж, Хүлээсийг нь таслав. Энэрэл хайрынх нь төлөө, Хүний хөвгүүдэд үйлдсэн гайхамшгуудынх нь төлөө ЭЗЭНд талархагтун Учир нь Тэрээр хүрэл дааман хаалгыг хэмхэлж, Хөндөл төмрийг нь хугалсан.
7|4483911|5234008|Тэрслүү зам, хилэнцээсээ болж Тэнэгүүд зовжээ. Тэдний сэтгэл бүхий л хоолонд дургүйцэж Үхлийн үүд хаалганд ойртжээ. Шаналал дундаа тэд ЭЗЭНд хашхирсанд Шахаанаас нь Тэр аварчээ. Үгээ илгээн тэднийг эдгээж, Мөхлөөс нь аврав,
8|5254779|5648372|Энэрэл хайрынх нь төлөө, Хүний хөвгүүдэд үйлдсэн гайхамшгуудынх нь төлөө ЭЗЭНд талархагтун Тэд бас талархлын тахилуудыг өргөг
9|5668878|6651426|Түүний үйлсийг уухайн дуугаар тунхаглаг Усан онгоцоор далайд гарагчид, Их усан дээр наймаа эрхлэгчид ЭЗЭНий үйлсийг хийгээд Гүнд буй гайхамшгуудыг нь харж байна. Учир нь Тэр тушаан салхи шуургыг босгоод, Түүгээр давалгааг хуйлруулав. Тэд тэнгэр өөд гарч, Оёоргүй гүнд эргэн буужээ.
10|6676431|7713575|Гамшгийн улмаас сэтгэл нь мохжээ. Тэд согтуу хүн шиг дороо эргэлдэн гуйвж, Оюун ухаан нь самуурав. Шаналал дундаа тэд ЭЗЭНд хашхирсанд Шахаанаас нь Тэр гаргаж авав. Далайн давалгаануудыг нам гүм болгохоор Тэрээр шуургыг аядуулав. Тэдгээр нь нам гүм болсонд Тэд баярласан бөгөөд Тэр тэднийг хүссэн боомт уруу нь газарчилжээ.
12|9587163|10932345|Машид олшруулахаар тэднийг бас ерөөдөг бөгөөд Мал сүргийг нь ч Тэрээр эс хорогдуулдаг. Дарамт, арчаагүйдэл, уй гашуугаар Тэд цөөрч, доройтсон үед нь Тэрээр ноёдод зэвүүцэлээ юүлж, Замгүй, зэлүүд газраар тэднийг тэнүүчлүүлдэг. Харин Тэрээр гачигдагсдыг Зовлон зүдүүрээс өндөрт өргөж, Тэдний гэрийнхнийг хонин сүрэг мэт өсгөдөг. Чигч шударга хүн үүнийг хараад баяртай байна. Хамаг гэмт байдал амаа хамхина.
13|10966699|11219260|Мэргэн хэн боловч Эдгээр зүйлийг анхаарч, ЭЗЭНий хайр энэрлийг ойлгогтун
