verse|start|end|sentence
1|89567|156643|ДУУЛАЛ ес
2|179795|385257|Бурханы хүч ба шударга нь Удирдаачид. Давидын дуулал
3|410041|1065191|Мутлаббен дээр. Бүхий л зүрхээрээ би ЭЗЭНд талархах болно. Бүх гайхамшгийг тань Би тунхаглана. Би баярлаж, Танд баясна. Хамгийн Дээд Нэгэн, Таны нэрд магтаалыг би дуулна.
4|1085830|1966683|Дайснууд минь ухрахдаа Таны өмнө бүдрэн унаж, сөнөмүй. Учир нь Та шударга заргыг минь дэмжсэн билээ. Та зөв шударгаар шүүн сэнтийдээ заларсан билээ. Та үндэстнүүдийг зэмлэж, Та гэм буруутнуудыг устгасан. Та тэдний нэрийг үүрд мөнхөд үгүй болгосон.
5|1989836|2795146|Дайсан үүрдийн сүйрлээр сүйрсэн бөгөөд Та тэдний хотуудыг нураасан агаад Тэдний талаар дурсагдах ч юмгүй болсон билээ. Харин ЭЗЭН мөнхөд захиран сууж байдаг. Тэрээр шүүхийн төлөө сэнтийгээ зэхсэн бөгөөд Тэр дэлхийг зөв шударгаар шүүх болно.
6|2815299|4066990|Тэрээр ард түмнүүдийг чигч шударгаар шүүнэ. ЭЗЭН бол дарлагдагсдыг хамгаалах бэхлэлт, Бэрх цагийн бэхлэлт болно. Нэрийг тань мэдэгсэд Танд найдна. ЭЗЭН, Өөрийг тань эрэн хайгчдыг, Та орхиогүй билээ. Сионд оршигч ЭЗЭНд Магтаалыг дуулагтун. Түүний үйлсийг хүмүүсийн дунд зарлагтун. Цус урсгалтаар өшөө авагч Тэрээр тэднийг санадаг. Зовогсдын хашхирахыг Тэрээр үл мартдаг.
7|4087055|4878474|ЭЗЭН, намайг өршөөгөөч. Үзэн ядагчдаас болсон Зовлон зүдүүрийг минь хараач. Үхлийн үүд хаалганаас Намайг босгодог нь Та билээ. Тэгвэл би Таны бүх магтаалыг зарлах бөгөөд Сион охины үүд хаалган дээр Таны авралд би баясна.
8|4899024|5507693|Үндэстнүүд өөрсдийнхөө ухсан нүхэнд унасан билээ. Өөрсдийнх нь нуусан торонд тэдний хөл орсон билээ. ЭЗЭН Өөрийгөө мэдүүлж, шүүлтийг гүйцэлдүүлжээ. Гэм буруутан гарынхаа үйлээр урхидуулжээ.
9|5527758|5591218|Хиггаион. Села
10|5635803|6428280|Бурханыг мартдаг бүх үндэстэн, Гэм буруутнууд Үхэгсдийн орон уруу буцна. Гачигдагсад үүрд мартагдахгүй, Зовогсдын найдлага ч мөнхөд тасрахгүй. ЭЗЭН, босооч, Хүмүүн бүү дийлэг, Үндэстнүүд өмнө тань шүүгдэг.
11|6448743|6693806|ЭЗЭН, тэднийг эмээлгээч. Хүн л юм гэдгийг нь Үндэстнүүдэд мэдүүлээч.
12|6721898|6753297|Села
