verse|start|end|sentence
1|89787|383184|ДУУЛАЛ  дөчин нэг Бурханы тусламжинд бат итгэхүй Удирдаачид. Давидын дуулал.
2|412114|557600|Дорой хүмүүсийг анхааран асрагч нь Юутай ерөөлтэй вэ
3|584016|705864|Зовлонгийн өдөр ЭЗЭН түүнийг аварна
4|726900|804163|ЭЗЭН түүнийг хамгаалан амьдруулна,
5|832122|1105057|Тэрээр газар дэлхий дээр ерөөлтэй гэгдэнэ. Түүнийг дайсных нь хүсэлд бүү өгөөч.
6|1132311|1943222|Орондоо түүнийг сульдан хэвтэж байхад нь ЭЗЭН тэтгэнэ Өвчтэй байхад нь Та сэргээн босгоно. Би ЭЗЭН, намайг нигүүлсээч, Таны эсрэг нүгэл үйлдсэн тул Сэтгэлийг минь эдгээгээч гэсэн. Дайснууд минь намайг муулан Тэр хэзээ үхэж, нэр нь үгүй болох вэ гэж ярилцав.
7|1971181|2120813|Тэр намайг харахаар ирэхдээ Хуурмаг хоосныг ярина.
8|2148507|2613939|Тэрээр зүрхэндээ цөв мууг агуулаад Гадагш гарахдаа түүнийгээ тараана. Намайг үзэн ядагч бүхэн Миний тухай шивнэлдэнэ. Намайг хорлохоор тэд хуйвалдаж
9|2633916|3120560|Тэр хорт өвчин туссан Тэр хэвтээд дахин босож чадахгүй гэнэм Миний итгэдэг дотнын найз, Миний талхыг идэж байсан нэгэн нь Миний эсрэг өсгийгөө өргөв.
10|3144374|3556929|Гэвч ЭЗЭН, Та намайг нигүүлсэж, Тэдэнд хариу барихын тулд намайг босгооч Дайсан минь намайг ялсан дуугаар хашхирдаггүй билээ
11|3578141|3721907|Та намайг таалдгийг би үүгээр мэддэг билээ.
12|3750175|3967853|Та намайг үнэнч байдлын минь дунд түшиж, Намайг мөнхөд өмнөө байлгадаг
13|3996738|4269100|Израилийн Бурхан ЭЗЭН Мөнхийн мөнхөд магтагдтугай Амен, амен
