verse|start|end|sentence
1|96358|881118|ДУУЛАЛ далан хоер Хааныг удирдан хамгаалахын төлөө залбирал Соломоны дуулал. Бурхан, шүүлтээ хаанд, Зөвт байдлаа хааны хүүд өгөөч Тэр Таны ард түмнийг зөв шударгаар, Таны үгээгүйчүүдийг шударга ёсоор шүүг.
2|901448|2207028|Уулс ба толгод ч зөвт байдлаар Ард түмэнд амар тайвныг авчраг. Тэрээр ард түмний зүдрэгсдийг зөвтгөн Гачигдагсдын хүүхдүүдийг аварч Дарлагчийг сөнөөх болтугай Нар, сарыг байхад Тэд үеийн үед Танаас эмээг. Тэрээр хатсан өвсөн дээр бороо шиг, Газар хөрсийг чийглэгч Шиврээ бороо мэт бууж ирэг Түүний өдрүүдэд зөвт хүн цэцэглэж, Сарыг үгүй болтол Амар тайван ч арвин их болно.
4|3876213|4183370|Тэр тэдний амийг Дарамт хүчирхийллээс аврах бөгөөд Тэдний цус түүний нүдэнд Үнэтэй байх болно.
5|4207448|4635659|Тиймээс тэр амьд байж, Шебагийн алт түүнд өгөгдөх болтугай Тэд түүний төлөө  үргэлж залбирч Түүнийг өдөржин ерөөх болтугай
6|4656166|4950754|Уулсын оргил дээрх газарт Үр тариа элбэг дэлбэг байг. Үр жимс нь Ливаны хуш шиг найгана
