verse|start|end|sentence
1|89875|288590|ГУРАВДУГААР НОМ Дуулал далангураваас наян ес
2|310772|397120|ДУУЛАЛ далан гурав
3|417759|547192|Дарлагчаас чөлөөлөгдөхийн төлөө гуйлт
4|572682|642713|Асафын дуулал.
5|663396|835695|Үнэндээ Бурхан Израильд, Зүрх цэвэртэнд бас сайн.
6|856113|1057694|Хөл минь, гэтэл бараг бүдрэв. Ул минь, тэгтэл хариугүй хальтрав.
7|1080494|1252792|Гэм буруутны амжилтыг хараад Сайрхагчид би атаархав.
8|1274578|1466501|Тэд үхэх цагтаа зүдүүргүй агаад Бие хаа нь тарган юм.
9|1487978|2447417|Тэд бусад хүмүүс шиг зовлонгүй, Хүн төрөлхтөн шиг ч гай гамшиггүй. Тиймээс бардамнал нь Тэдний хүзүүний зүүлт болж Хүчирхийллийн хувцас тэднийг нөмөрдөг. Таргалснаас болж нүд нь бүлтэрчээ Зүрхний нь төсөөллүүд хүслээс нь илүү. Тэд элэглэж, Дарангуйллын талаар хорсолтой өгүүлж, Ихэмсгээр бас ярьцгаана.
10|2467836|3179345|Тэд амаараа тэнгэрсийг эсэргүүцэж, Хэл нь газар дэлхийгээр сэлгүүцнэ. Тиймээс түүний хүмүүс Энэ газарт эргэн ирж, Бялхам их усыг ууна. Тэд Бурхан яаж мэддэг юм бэ Хамгийн Дээд Нэгэнд мэдлэг байдаг уу гэцгээнэ.
11|3199675|3490074|Харагтун, эдгээр нь буруутууд юм Үргэлж санаа амар байж Эд хөрөнгөө тэд арвижуулна.
12|3516754|3807285|Үнэндээ би зүрхээ Дэмий л зэмгүй цэвэр байлгаж, Гараа гэмгүй байдал дотор угаалаа.
13|3827262|4051202|Учир нь би өдөржин сахилгажуулагдаж, Өглөө бүр гэсгээл хүртдэг байжээ.
14|4076868|4395138|Хэрвээ би Би ингэж ярина гэсэн бол, Харагтун, би Таны хүүхдүүдийн үе удмаас урвах байсан.
15|4417276|5692251|Үүнийг ойлгохоор бодох үед минь Надад маш хэцүү байв. Бурханы ариун газарт орох хүртэл минь Ийн үргэлжлэв. Тэгэхэд л би тэдний эцсийг ухаарсан Үнэндээ Та тэднийг Халтиргаатай газар байлган Та тэднийг мөхөл уруу хаясан Тэд хоромхон зуур ингэж сүйрэх гэж Тэд гэнэтийн аймшгаар Бүрмөсөн сүйтгэгдсэн билээ Зүүднээс сэрэх мэт тэднийг босгохдоо, ЭЗЭН Та, Дүр төрхийг нь ч үл ойшооно.
16|5713022|6843261|Зүрх минь гашуудан Дотроо би цоо хатгагдахдаа Би тэнэг, ухвар мөчид байж Таны өмнө би адгуус адил байжээ. Гэсэн ч би үргэлж Тантай хамт байна Та баруун гараас минь барьсан. Та намайг зөвлөгөөгөөрөө удирдаж, Хожим намайг сүр жавхланд угтан авна. Тэнгэрт Танаас гадна Хэн надад байгаа вэ Танаас өөр юуг ч Газар дээр би үл хүснэ.
17|6866061|7378723|Бие махбод хийгээд зүрх минь Үгүй болж болох ч, Бурхан мөнхөд зүрхний минь хад Хувь ногдол минь юм. Учир нь, харагтун, Танаас хол байгчид нь сөнөх болно.
18|7401126|7961505|Танд итгэлгүй бүгдийг Та устгасан билээ. Харин Бурханд ойр байх нь надад сайн. Таны бүх үйлсийг тунхаглахын тулд Би БУРХАН Эзэнийг Хоргодох газраа болгосон.
