verse|start|end|sentence
1|93844|167094|ДУУЛАЛ зуун арав
2|187513|354387|Тахилч хааны ялалтын баталгаа Давидын дуулал.
3|374805|446027|ЭЗЭН миний Эзэнд
4|465916|1519068|Би чиний дайснуудыг хөлийн чинь гишгүүр болготол Миний баруун гарт залрагтун гэв. ЭЗЭН, Сионоос хүч чадлын очирт таягийг тань сунгана. Дайснуудынхаа дунд захирагтун. Ариун ууландаа Та Өөрийнхөө хүчнийг дагуулах өдөр Таны ард түмэн сайн дураараа Өөрсдийгөө өргөх болно. Үүрийн хаяанаас шүүдэр мэт Таны залуучууд Танд ирнэ.
5|1540368|1865562|ЭЗЭН тангарагласан бөгөөд санаагаа өөрчлөхгүй. Мелхизедекийн хэргэмийн дагуу Чи мөнхийн тахилч юм гэв.
6|1886377|2136600|Баруун гар талд чинь Эзэн байна. Хилэнгийнхээ өдөр Тэрээр хаадыг бут цохино.
7|2160988|2458134|Тэрээр үндэстнүүдийн дундахыг шүүж, Хүүрээр дүүргэнэ. Өргөн уудам орны тэргүүнүүдийг Тэрээр хага цохино.
8|2480228|2726703|Тэрээр зам дахь горхиноос ундаална Тэрээр тэргүүнээ дээш өргөх болно.
