verse|start|end|sentence
1|89567|415995|ДУУЛАЛ жаран тав Газар дэлхийн төлөө талархал Удирдаачид Давидын дуулал. Дуу.
2|437736|683594|Бурхан, Таны өмнө Анир чимээгүй байдал, Сион дахь магтаал байх болно.
3|707760|787317|Танд ам өчгийг ч биелүүлнэ.
4|807691|990441|Та залбирлыг сонсдог, Танд бүх махбод очдог.
5|1011080|1222848|Хилэнц нүгэл намайг дийлжээ. Гэмт үйлдлийг маань Та уучилна.
6|1245075|1447935|Хашаандаа суулгахаар Таны сонгож, ойртуулсан хүн Юутай ерөөлтэй вэ
7|1468971|2138717|Бид Таны ариун сүм болох Таны өргөөний сайн сайханд хангалуун байна. Бидний авралын Бурхан, Газар дэлхийн бүх хязгаар, Алс холын далайн найдлага болох Та айдас төрүүлмээр үйлсээр Бидэнд зөвт байдалд хариулна.
8|2161782|2962241|Та бяр тэнхээгээрээ уулсыг цогцлуулж, Эрх чадлыг бүсэлнэ. Та далайн түрхрээ Давалгаануудынх нь түрхрээг, Хүмүүсийн үймээнийг ч намдаадаг. Хязгаарт оршин суугчид Таны тэмдгүүдээс айн зогсдог Та үүрийн туяа ба үдшийн бүрийг Баясган хашхируулдаг.
9|2983717|3496027|Та газар дэлхийд айлчилж, Түүнийг бялхуулдаг. Та түүнийг ихэд баяжуулдаг. Бурханы урсгал усаар дүүрэн байдаг. Та газрыг ийнхүү зэхэхдээ Тэдний үр тариаг бэлтгэдэг.
10|3518474|4472710|Та түүний шанг арвинаар услан Нурууг нь тэгшилж, Та зүсэр бороогоор түүнийг дэвтээн Ургахыг нь ч ерөөнө. Та ээлтэй жилдээ титэм өмсгөн Таны мөрөөр тос цавдмуй. Хээр талын бэлчээрүүд ч цавдуулж, Толгод баяр баясгалангаар хучигддаг. Нугыг хонин сүрэг нөмөрч, Хөндийнүүд үр тариагаар хучигджээ.
11|4493349|4650565|Баясгалантай хашхиралтууд, Тийм ээ, тэд дуулалдмуй
