verse|start|end|sentence
1|95741|1132752|ДУУЛАЛ зуун арван найм Ялалтын дуу ЭЗЭНд талархал өргө. Тэрээр сайн сайхан бөгөөд, Түүний хайр энэрэл мөнхийнх. Израилиар Түүний хайр энэрэл мөнхийнх гэж хэлүүл. Аароны гэрээр, Түүний хайр энэрэл мөнхийнх гэж хэлүүл. ЭЗЭНээс эмээгчдээр, Түүний хайр энэрэл мөнхийнх гэж хэлүүл.
2|1153611|1419049|Зовол хавчил дундаас ЭЗЭНд би хашхирав. Зоо тэнүүн газраар ЭЗЭН надад хариулав.
3|1440482|1638270|ЭЗЭН миний талд, би айхгүй. Хүн надад юу хийж чадах вэ
4|1658645|1889464|ЭЗЭН надад туслагчдын дунд байна. Тиймээс намайг үзэн ядагсад уруу би харах болно.
5|1913631|2184140|Хүнд итгэхээс ЭЗЭНий дотор хоргодох нь дээр. Ноёдод итгэхээс ЭЗЭНий дотор хоргодох нь дээр.
6|2208483|2745710|Бүх үндэстэн намайг бүсэлжээ. ЭЗЭНий нэрээр би тэднийг тас цохино. Тэд намайг хүрээлжээ, Тийм ээ, намайг хүрээлжээ. ЭЗЭНий нэрээр  тэднийг тас цохино.
7|2772963|3056306|Тэд намайг зөгийнүүд мэт хүрээлэв. Өргөст бутны дундах гал мэт тэд унтарчээ.
8|3077694|3605924|ЭЗЭНий нэрээр би тэднийг тас цохино. Та нар намайг унагахаар хүчээр түлхсэн боловч ЭЗЭН надад тусалжээ. ЭЗЭН миний хүч ба миний дуу, Тэр миний аврал болсон.
9|3628107|4182840|Зөвтүүдийн майханд уухайн чимээ хийгээд аврал байна. ЭЗЭНий баруун мутар эрэлхэгээр үйлддэг. ЭЗЭНий баруун мутар өргөгдсөн байна. ЭЗЭНий баруун мутар эрэлхэгээр үйлддэг.
10|4208154|4783350|Би үхэхгүй, харин амьдрах бөгөөд ЭЗЭНий үйлсийг тунхаглах болно. ЭЗЭН намайг гэсгээн гэсгээв. Гэлээ ч үхэлд хүргээгүй. Надад зөвтийн үүд хаалгыг нээгээч.
11|4804430|5129491|Би түүгээр орж, би ЭЗЭНд талархал өргөнө. ЭЗЭНий үүд хаалга энэ юм. Зөвт нэгэн түүгээр орно.
