verse|start|end|sentence
1|94506|1390473|ДУУЛАЛ зуун дөрөв Бүтээгч, тэтгэгч Бурхан Сэтгэл минь ээ, ЭЗЭНийг магтагтун. Миний Бурхан ЭЗЭН, Та аугаа бөгөөд Цог жавхлан, сүр хүчээр хувцаслажээ. Хувцас адил Та Өөртөө гэрлийг өмсөж, Тэнгэрийг хөшиг мэт татдаг. Тасалгааныхаа тулгуурыг уснаас дээгүүр тавьж, Үүлсийг тэргээ болгон хөлөглөөд, Салхин жигүүрээр Та явдаг. Салхинуудыг элчээ, Галын дөлийг Та үйлчлэгчээ болгодог.
2|1415124|2461353|Үүрд мөнхөд дайвуулуулахгүйн тулд Дэлхийг суурин дээр нь Та тогтоон тавьсан. Хувцсаар халхлахын адил Та түүнийг оёоргүй гүнээр бүрхсэн. Их ус уулсын дээгүүр байжээ. Зэмлэлээр тань тэд зугтаж, Аянгын дуунаар тань тэд зайлан оддог. Уул өөд өгсөж, Таны тэдэнд оноосон газар болох Хөндий талууд уруу тэд бууж байна.
4|5263996|6407818|Цаг хугацааг заахаар Тэрээр сарыг бүтээсэн. Нар ч шингэх газраа мэднэ. Та харанхуйг томилсонд Тэр нь шөнө болж, Тэгэхэд ойн бүх араатан амьтад хэсэн явдаг. Залуу арслангууд идэшнийхээ хойноос архирч, Бурханаас хүнсээ гуйдаг. Нар мандахад тэд эргээд цугларч, Үүрэндээ хэвтдэг. Хүн ажиллахаар, Үдэш болтол хөдөлмөрлөхөөр гардаг.
5|6428412|7264637|Аяа ЭЗЭН, Таны үйлс хичнээн их вэ Мэргэн ухаанаар Та Тэр бүхнийг бүтээжээ. Дэлхий баялгаар тань дүүрэн юм. Агуу, өргөн далай энэ байна. Тоо томшгүй олон мөлхөгчид буюу Том, жижиг амьтад тэнд бий. Тэнд усан онгоцнууд зөрж явдаг.
6|7290347|7706078|Тоглож байхаар Таны бүтээсэн Левиатан ч бий. Тогтоосон цагт  хүнсийг нь өгөхийг тань Тэд бүгд хүлээдэг. Та тэдэнд өгвөл тэд түүж авдаг.
7|7731876|8933733|Мутраа дэлгэхэд тань Тэд сайн сайханд ханадаг. Таныг нүүрээ нуухад тэд хямардаг Амьсгалыг нь авахад тэд үхэж, Хөрс шороондоо буцдаг. Таныг Сүнсээ илгээхэд тэд бүтээгддэг. Та газрын төрхийг ч шинэчилдэг. ЭЗЭНий алдар мөнхөд байх болтугай. ЭЗЭН үйлс дотроо баярлах болтугай. Түүнийг дэлхий уруу харахад тэр нь чичирдэг. Уулсад хүрэхэд нь тэд утаа уугиулдаг.
8|8953843|9158555|Би амьддаа ЭЗЭНд дуулна. Би байх зуураа Бурханаа магтана.
9|9179282|9819879|Миний бясалгалууд Түүнд тааламжтай байх болтугай. Би ЭЗЭНий дотор баярлах болно. Нүгэлтнүүд газар дэлхийгээс ангижирч, Гэм буруутнууд үгүй болог. Сэтгэл минь ээ, ЭЗЭНийг магтагтун. ЭЗЭНийг магтагтун.
