verse|start|end|sentence
1|92433|143060|ХОЁРДУГААР НОМ
2|174150|287355|Дуулал дөчинхоёроос даланхоёр
3|318490|629659|дуулал дөчинхоёр Бурханыг хүсэмжлэхүй Удирдаачид. Корагийн хөвгүүдийн маскил.
4|658236|1074143|Буга урсгал усыг хүсэхийн адил Бурхан Таныг сэтгэл минь хүснэм Бурханаар, амьд Бурханаар Сэтгэл минь цангамуй
5|1100295|1208648|Би хэзээ явж, Бурханд бараалхах вэ
6|1238416|1576619|Хүмүүс надад Чиний Бурхан хаана байна гэж өдөржин хэлэхэд Нулимс минь өдөр шөнөгүй миний хоол болов.
7|1603035|1757076|Урьд нь би баяр тэмдэглэж буй олон түмний дунд явж,
8|1779523|2052105|Баяр хийгээд талархал өргөх уухайгаар Тэднийг Бурханы өргөө уруу Цуваагаар дагуулдаг байлаа.
9|2083504|2247247|Эдгээр зүйлийг л би санаж, Сэтгэлдээ шаналан өвдөж байна.
10|2272120|2517889|Сэтгэл минь ээ, чи юунд цөхөрнө вэ Яагаад чи миний дотор үймэрнэ вэ
11|2543202|2795631|Бурханд найд, Учир нь Түүний оршихуйн авралын төлөө Би Түүнийг дахин магтах болно
12|2819533|2855386|Бурхан минь ээ,
13|2878671|3429921|Сэтгэл минь миний дотор цөхөрсөн байна Тиймээс би Таныг Иордан нутаг, Хермон ба Мизар уулаас дурсдаг Таны хүрхрээнүүдийн дуунд Оёоргүй гүн оёоргүй гүнийгээ дууддаг.
14|3453867|3922342|Таны давалгаа, долгио намайг нөмрөв. ЭЗЭН өдрөөр энэрэл хайраа тушаана Шөнөөр Түүний дуу болох Амьдралын минь Бурханд хандсан залбирал Надтай хамт байна
15|3946464|4323211|Өөрийн минь хад болсон Бурханд би Юунд Та намайг мартсан бэ Юунд би дайсны дарангуйллаас болж Гашуудан явна вэ гэж хэлнэ
16|4346143|4680818|Ясыг минь бяцлах шиг Өстнүүд минь намайг буруутгана. Тэд өдөржин надад Бурхан чинь хаана байна гэж хэлнэ.
17|4710629|4811045|Сэтгэл минь ээ, чи юунд цөхөрнө вэ
18|4832081|4943213|Яагаад чи дотор минь гасална вэ
19|4969143|5266818|Бурханд найд Учир нь би миний Бурхан, миний тусламж Түүнийгээ л магтах болно.
