verse|start|end|sentence
1|94153|306891|ДУУЛАЛ зуун хорин хоер Иерусалимын төлөөх залбирал магтаал
2|333175|402985|Давидын өгсөх дуу.
3|423889|599892|Тэд надад ЭЗЭНий өргөө явцгаая гэхэд Би баярлав.
4|622736|822509|Иерусалим аа, бидний хөл улдан хаалганы чинь дотор зогсож байна.
5|846190|1341036|Иерусалим нь иж цогцлуулсан хотын ёсоор баригджээ. Ийшээ, овгууд, ЭЗЭНий овгууд Израилийн тогтоолын дагуу ЭЗЭНий нэрд талархахаар өгсөнө ажээ.
6|1363836|1571944|Ийн тэнд шүүхийн сэнтийнүүд, Давидын гэрийн сэнтийнүүд тавигджээ.
7|1593509|2060175|Иерусалимын амар тайвны төлөө гуй Чамайг хайрлагчид өөдөлтүгэй. Амар тайван чиний ханан хэрмийн дотор, Аюулгүй байдал цайзуудад чинь байг
8|2083460|2669108|Ах дүүс ба анд нөхдийнхөө төлөө Одоо Чиний дотор амар амгалан байх болтугай гэж би хэлнэ. Бидний Бурхан ЭЗЭНий өргөөний төлөө Чиний сайн сайхныг би эрэн хайх болно.
