verse|start|end|sentence
1|90757|317740|ДУУЛАЛ ДӨЧИНДӨРӨВ Үндэсний гашуудал ба тусламж эрсэн залбирал
2|343098|473545|Удирдаачид. Корагийн хөвгүүдийн маскил.
3|499785|895450|Эцэг өвгөдийн маань өдрүүдэд, Эртний өдрүүдэд, өө Бурхан, Таны үйлдсэн ажлыг Бид чихээрээ сонссон. Тэд бидэнд ярьсан.
4|921204|1679813|Та улс үндэстнүүдийг мутраараа зайлуулж Тэднийг маань суурьшуулсан юм. Та харь овгуудыг гамшгаар тараасан. Учир нь тэд илдээрээ Газар нутгийг эзлээгүй. Гар нь бус харин Таны баруун мутар, Таны хуруу ба оршихуйн гэрэл тань Тэднийг аварсан билээ.
5|1707022|2147449|Миний Хаан Бурхан Та Иаковт ялалтыг тушаагаач Танаар бид өстнүүдээ шахна. Бидний эсрэг босогчдыг Таны нэрээр бид гишгэчнэ.
6|2173468|2335712|Би нумандаа найдахгүй, Илд минь ч намайг аврахгүй.
7|2355910|2574337|Та л биднийг өстнүүдээс минь аварч, Үзэн ядагчдыг минь ичгүүрт унагасан.
8|2601503|2834262|ид өдөржин Бурханаар бахархаж, Таны нэрд мөнхөд талархана. Села
9|2858958|3080826|Гэтэл одоо биднийг Та орхиж, ичгүүр болгож, Цэргүүдтэй маань хамт эс давшив.
10|3106536|3332416|Та, биднийг өстнүүдээс зугтаалгасан. Биднийг үзэн ядагчид олз авчээ.
11|3355436|3591945|Та биднийг идэшний хонь адил өгч, Биднийг улс үндэстнүүдийн дунд тараасан.
12|3613333|3818839|Ард түмнээ Та Ашиггүйгээр худалдаж, Үнийг нь үл нэмэгдүүлэв.
13|3844770|4119336|Та биднийг хөршүүдэд маань ичгүүр, Эргэн тойрныхонд маань Элэглэл, тохуурхал болгосон.
14|4145929|4924514|Та биднийг улс үндэстнүүдийн дунд ёгт үг, Харь овгуудын дунд толгой сэгсрэлт болгосон. Өдөржин гутамшиг минь Өмнө минь байв, Нүүрийг минь ичгүүр хучсан нь Намайг доромжлогч ба гүтгэгчийн дуунаас, Дайсан хийгээд өшөө авагчийн байгаагаас болой.
15|4949563|5198993|нэ бүхэн бидэнд ирсэн ч Бид Таныг мартаагүй, Таны гэрээнд ч хуурамчаар хандаагүй
16|5223997|5454905|Бидний зүрх эргэж буцаагүй, Алхмууд маань ч Замаас тань хазайгаагүй.
17|5479866|5737895|Гэсэн ч биднийг цөөвөр чонын газарт Та няц дарж, Үхлийн харанхуйгаар биднийг хучсан.
18|5762988|6078788|Хэрэв бид Бурханыхаа нэрийг мартсан Эсвэл гараа харийн бурханд сунгасан бол Бурхан үүнийг илрүүлэхгүй байсан гэж үү
19|6103704|6223788|Тэрээр зүрхний нууцыг мэддэг юм.
20|6251616|6529754|Харин Таны төлөө бид Бүхэл өдөржингөө хядуулжээ. Нядалгааны хонь мэтээр Бид тооцогджээ.
21|6566357|7074742|Босооч Эзэн, юунд Та унтана вэ Сэрээч, мөнхөд бүү орхиоч. Юунд Та нүүрээ нууж, Зовлон зүдүүр, дарлагдлыг маань мартана вэ
22|7096880|7545686|Сэтгэл маань шороон доор ортол Дорд болжээ. Гэдэс хэвлий маань газарт наалджээ. Босооч, туслаач, Энэрэл хайрынхаа учир Биднийг авраач.
