verse|start|end|sentence
1|88817|462785|ДУУЛАЛ жаран долоо Бурханыг магтах үндэстнүүд Удирдаачид Утсан хөгжим дээр. Дуулал. Дуу.
2|491494|1339978|Биднийг нигүүлсэн биднийг ерөөж, Царайгаа дээрээс минь гэрэлтүүлээч, Бурхан Села Энэ нь Таны зам дэлхий дээр, Таны аврал бүх үндэстний дунд Танигдахын тулд билээ. Бурхан, Таныг ард түмнүүд магтаг Ард түмэн Таныг магтаг, бултаараа.
3|1360485|1498694|Үндэстнүүд баярлан баяр хөөрөөр дуулаг.
4|1520612|1847304|Учир нь Та хүмүүсийг Шударга ёсоор шүүж, Дэлхий дээр үндэстнүүдийг Захирах болно.Села
5|1870325|2653497|Бурхан, Таныг ард түмнүүд магтаг. Ард түмэн бүгдээрээ Таныг магтаг, Газар ургацаа ургуулан гаргажээ. Бурхан, бидний Бурхан Биднийг ерөөнө. Бурхан биднийг ерөөнө, Газар дэлхийн бүх хязгаар Түүнээс эмээдэг.
