verse|start|end|sentence
1|88552|248768|ДУУЛАЛ жаран найм Магтаал ба талархал
2|269980|393019|Удирдаачид Давидын дуулал. Дуу.
3|413834|750493|Бурхан босоход дайснууд нь таран бутарч, Түүнийг үзэн ядагчид Өмнөөс нь зугтана. Утаа замхрах адил Тэднийг хөөнө.
4|773646|994719|Галын өмнө хайлах лааны тос адил Буруут нь Бурханы өмнө сөнөнө.
5|1018401|1267081|Харин зөвт хүмүүс баярлана. Тэд Бурханы өмнө баяр хөөр болно. Тэд баясан хөөрцөглөнө.
6|1292350|1410626|Бурханд дуул, нэрийг нь магтан дуулагтун
7|1433117|1740582|Цөлөөр явагч Түүнд дуугаа өргө. Түүний нэр ЭЗЭН. Түүний өмнө баярлан хөөрөгтүн
8|1762632|2036714|Өнчидийн эцэг нь, Бэлэвсний өмгөөлөгч нь Өөрийн ариун газарт агч Бурхан юм.
9|2058896|2293288|Ганцаардагчийг гэртээ суулган Хоригдогсдыг сайн сайханд Бурхан дагуулна.
10|2319792|3429304|Тэрслэгчид л харин ангамал газар үлдэнэ. Бурхан, Таныг ард түмнээ манлайлан явахад Таныг цөл дундуур мөн тэргүүлэн алхахад,Села Газар хөдөлжээ. Тэнгэрс ч бас Бурханы өмнө, Синаин Нэгэний өмнө, Израилийн Бурхан, Бурханы өмнө бороо дуслуулжээ. Бурхан, Та элбэг дэлбэг бороог цутгажээ.
11|3451751|3706252|Доройтоход нь Та өв юугаа бататгажээ. Таны бүтээлүүд түүн дотор суурьшсан.
12|3726361|3915065|Бурхан, Та нинжин сэтгэлээр ядуусыг хангажээ.
13|3939364|4378380|зэн тушаал буулгадаг. Мэдээ тунхаглагч эмэгтэйчүүд олон. Их цэргийн хаад зугтана, Тэд зугтана. Гэрт үлдсэн эмэгтэй олзыг хуваана
14|4401444|4962087|Хонины хашаанд хэвтэх үедээ та нар Мөнгөөр бүрсэн тагтааны жигүүр, Солонгорсон алтлаг өд нь мэт ажгуу. Төгс Хүчит Нэгэн тэнд Хаадыг тараахад Залмонд цас бударч байв.
15|4983829|5242255|Бурханы уул бол Башаны уул Олон өндөр оргилтой уул Башаны уул.
16|5263202|5590601|Олон өндөр оргилтой уулс аа, Бурханы оршин суух газраа болгохыг хүссэн уулыг Та нар юунд атаархан харна вэ
17|5612077|5749934|Үнэхээр ЭЗЭН тэнд мөнхөд оршино.
18|5771146|6076847|Бурханы тэрэгт цэрэг мянга мянгаар, түм түмээрээ, Эзэн тэдний дунд Синаи ариун газарт.
19|6098015|6891551|Та өндөрт гарч, олзолсон олзлолоо дагуулжээ. Та хүмүүсийн дунд өглөг авсан, Тэрслэгчдээс ч авсан нь ЭЗЭН Бурхан тэнд оршин суухын тулд юм. Өдөр бүр ачааг маань үүрдэг Эзэн, Бидний аврал болох Бурхан магтагдах болтугай Села
21|8401535|8862380|Хэнгэрэг дэлдэх бүсгүйчүүдийн дуунд Дуучид өмнө нь явж, хөгжимчид дагав. Израилийн ундаргаас гардаг та нар аа, Цугларалтуудад Бурхан ЭЗЭНийг ерөөгтүн
22|8882401|9501477|Тэнд тэднийг удирддаг отгон Бениамин, Иудагийн ноёд олон түмэнтэйгээ, Зебулун ба Нафталийн ноёд тэнд байна. Чиний Бурхан чамд хүчийг тушаав. Бидэнд үйлдэж байсан Бурхан, Та хүчээ харуулаач.
23|9522557|10003070|Иерусалим дахь Таны сүмээс болж Хаад Танд бэлэг авчирна. Зэгсэн дундах араатнууд болон Ард түмнүүдийн тугалуудын дундах Бухын сүргийг зэмлэ
24|10026223|10713830|Мөнгөн олзонд шунагчдыг талхал. Дайнд дурлагч хүмүүсийг тараа Дээдэс Египетээс гарч ирнэ. Етиоп төдөлгүй гараа Бурханд сунгана. Дэлхийн хаанчлалууд аа, Бурханд дуулагтун, Эзэнд магтан дуулагтун
25|10734072|10767147|Села
26|10787212|11192976|Эртний үеийн дээд тэнгэрсийг хөлөглөгч Түүнд дуулагтун Харагтун, Тэрээр дуугаа, Сүрлэг дуу хоолойгоо цуурайтуулна.
27|11215864|11500883|Хүч чадлыг Бурханых гэж үз. Түүний сүр хүч Израилийн дээр, Хүч чадал нь тэнгэрт буй.
28|11523021|12022233|Бурхан, ариун газраасаа Та сүрдмээр байна. Израилийн Бурхан, хүч хийгээд чадлыг Ард түмэнд Тэр өгдөг. Бурхан магтагдах болтугай
