verse|start|end|sentence
2|2330464|2654246|Тэдний аманд хараал болон ов мэх, дарамтлал дүүрэн Тэдний хэлэнд төвөг садаа, ёс бус нь байдаг.
3|2674312|3421807|Тэрээр тосгодын нуувчуудад суудаг. Далдхан газруудад тэрээр гэмгүй хүнийг алдаг. Нүд нь, ядуу хүнийг нууцхан хайж байдаг. Арслан нүхэндээ мяраадаг шиг Тэрээр нууц газруудад хэвтдэг Ядарсан нэгнийг барихаар Тэрээр хүлээн хэвтдэг.
4|3444121|3573643|Тэрээр ядарсан нэгнийг Торондоо оруулж барьдаг.
5|3593885|4151794|Тэр мяраан атийн хэвтдэг бөгөөд Ядуучууд түүний хүчирхийлэлд унадаг. Тэгээд зүрхэндээ Бурхан мартсан билээ. Нүүрээ Тэр нуусан, хэзээ ч үүнийг харахгүй гэдэг.
6|4174991|5097915|ЭЗЭН, босооч Бурхан, мутраа өргөөч Ядуусыг бүү мартаач. Бурханыг юунд буруут нь харааж, Зүрхэндээ тэрээр Та буцааж нэхэхгүй гэдэг вэ Харин Та харсан билээ. Учир нь мутраараа хариулахын тулд Та зовлон зүдүүр, уур унтууцлыг ажигласан билээ.
7|5118069|5194539|Ядуу нэгэн Танд даатгадаг.
