verse|start|end|sentence
1|95344|313286|ДУУЛАЛ дал Дайснуудаас ангижрахын төлөө залбирал
2|336703|782466|Удирдаачид Давидаас санамж өргөлд. Бурхан, намайг аврахаар соёрхооч ЭЗЭН, надад туслахаар хурдлаач
3|803149|1134516|Миний амийг эрэн хайгчид Доромжлогдон ичгүүрт орог. Намайг гайтахад баярлагчид Эргэж, шившиг болог
4|1155508|1562595|Өөрт минь Ха, ха хэмээгчид Өөрсдийнхөө ичгүүрээс болж эргэж буцаг Таныг эрэн хайгчид бүгд Таны дотор баярлан баясаг.
5|1583057|2278206|Таны авралыг хайрлагсад Бурхан агуу гэж мөнхөд хэлэг. Би харин зүдэрсэн, гачигдсан. Бурхан, над дээр хурдан ирээч. Та миний тусламж, Та миний аврагч билээ. ЭЗЭН, бүү саатаач
