verse|start|end|sentence
1|94903|964819|ДУУЛАЛ зуун тав ЭЗЭНий итгэмж ба Израиль Аяа, ЭЗЭНд талархлыг өргөн Алдар нэрийг нь дуудан Ард түмний дунд үйлсийг нь мэдүүлэгтүн. Түүнд дуулж, Түүнд магтуу дууг дуулагтун. Түүний бүх гайхамшгуудыг яригтун. Түүний ариун нэрд алдар байг.
2|985502|2125840|ЭЗЭНийг эрэлхийлэгчийн зүрх баясах болтугай. ЭЗЭНийг хийгээд Түүний хүч чадлыг эрэлхийлэгтүн. Түүний нүүр царайг үргэлж хайгтун. ЭЗЭНий үйлдсэн гайхамшигт үйлсийг, Түүний тэмдгүүд болон Түүний амнаас гарах шүүлтүүдийг санагтун. Түүний зарц Абрахамын үр удам, Түүний сонгосон хүмүүс, Иаковын хөвгүүд ээ Тэр бидний Бурхан ЭЗЭН. Түүний шүүлтүүд бүх дэлхийд байна.
3|2145773|2713076|Мянга мянган үеийнхэнд Тушаасан үг, гэрээгээ Тэрээр мөнхөд санадаг. Абрахамтай тогтоосон гэрээ, Исаакт өгсөн амлалтаа Иаковт зарлиг, Израильд мөнхийн гэрээ болгож баталсан юм.
4|2733097|3036505|Ингэхдээ Би та нарт Канаан нутгийг Өв залгамжлалын чинь хувь болгон өгнө гэж айлдсан билээ.
5|3056747|4058831|Тэгэхэд тэд тоогоор цөөн, дорой бөгөөд Тэнд харь хүмүүс байсан. Тэд нэг үндэстнээс нөгөө үндэстэн уруу, Нэг хаанчлалаас нөгөө ард түмэн уруу тэнүүчилсэн. Тэднийг дарлахыг Тэрээр хэнд ч үл зөвшөөрч, Тэдний төлөө хаадыг зэмлэсэн. Миний тослогдсон хүмүүст бүү хүр, Эш үзүүлэгчдэд минь хор хөнөөл бүү учруул гэсэн.
8|10495226|11309930|Ард түмнээ баяр хөөртэй нь, Сонгосон хүмүүсээ баярын уухайтай нь Тэр гарган авчирсан. Бас тэдэнд нутгийг өгч, Улсуудын хөдөлмөрийг тэдэнд эзэмшүүлсэн нь Тэднээр зарлигуудаа сахиулж, Хуулиудаа мөрдүүлэхийн тулд байв. ЭЗЭНийг магтагтун.
