verse|start|end|sentence
1|92874|190026|дуулал зуун арван зургаа
2|212738|1020474|дгэрлийн талархал Би ЭЗЭНд хайртай. Учир нь миний дуу хоолойг, гуйлтыг минь Тэр сонссон билээ. Тэр надад чих тавьсан учраас Би амьддаа дуудах болно. Үхлийн уяа намайг ороож, Үхэгсдийн орны урхинууд Намайг олж иржээ.
4|2950686|3978084|Би тулгамдахдаа Бүх хүн худалч гэж хэлсэн. Надад хандсан бүх өгөөмөр хишгийнх нь төлөө Би ЭЗЭНд юуг буцаах вэ Би авралын хундагыг өргөж, ЭЗЭНий нэр дээр дуудна. Бүх ард түмнийх нь өмнө ЭЗЭНд тангарагласнаа би одоо биелүүлнэ. Итгэлтнүүдийнх нь үхэл ЭЗЭНий мэлмийд үнэ цэнэтэй. Аяа ЭЗЭН
5|4000443|5059372|би үнэхээр Таны зарц, Би Таны зарц бүсгүйн хүү зарц тань билээ. Та хүлээсийг минь тайлсан. Танд би талархлын тахилыг өргөж, ЭЗЭНий нэр дээр дуудна. Бүх ард түмнийх нь өмнө ЭЗЭНд тангарагласнаа би биелүүлнэ ЭЗЭНий өргөөний хашаанд, Дунд чинь биелүүлнэ, Иерусалим аа, ЭЗЭНийг магтагтун
