verse|start|end|sentence
1|94197|155540|ДУУЛАЛ дөч
2|182529|329471|Чөлөөлөлтийн талархал, тусламж эрсэн залбирал
3|350991|452554|Удирдаачид. Давидын дуулал.
4|481042|725224|Би ЭЗЭНийг тэвчээртэйгээр хүлээсэн Тэр над уруу ойртож, Хашхирахыг минь сонссон
5|745554|1119654|Тэр намайг сүйрлийн нүхнээс, Шавар шавхайнаас татан гаргаж, Алхмыг минь бат бэх болгон Хөлийг минь хадан дээр тавьсан
6|1146335|1511483|Тэр миний аманд шинэ дууг Бурхандаа өргөх магтаалын дууг оруулав Олон хүн хараад эмээж, ЭЗЭНд итгэх болно
7|1538737|1807085|ЭЗЭНийг итгэлээ болгогсод ерөөлтэй еэ Тэд бардамналд эс эргэнэ, худалд үл төөрнө.
8|1832707|2278691|Бурхан ЭЗЭН минь, Таны үйлдсэн олон гайхамшгууд Бидэнд хандсан Таны бодлууд олон юм. Тантай эн зэрэгцэхүйц хэн ч байхгүй
9|2301975|2516610|Би тэдгээр гайхамшгуудыг зарлан хэлье гэсэн ч Тэд тоолшгүй олон.
10|2543864|2679471|Шатаалт ба идээн тахилыг Та эс таална.
11|2704256|2955802|Та чихийг минь нээсэн Шатаалт тахил ба нүглийн тахилыг Та үл шаардана.
12|2980278|3249288|Тэгэхэд би Харагтун, би ирлээ. Миний тухай хуйлмал номд бичигдсэн байдаг.
13|3277953|3931515|Бурхан минь ээ,Таны тааллыг би гүйцэлдүүлэх дуртай. Таны хууль зүрхэнд минь бий гэж хэлсэн Би зөвт байдлыг их чуулганд тунхаглав. ЭЗЭН, харагтун, би уруулаа хамхиагүйг Та мэднэ шүү дээ
14|3960797|4091024|Би Таны зөвт байдлыг Зүрхэндээ эс нууцлав.
15|4121850|4505917|Би Таны итгэмж хийгээд Авралыг тань тунхаглав. Би энэрлийг, хайрыг тань хийгээд үнэнийг тань Их чуулганаас эс далдлав.
16|4538992|4697532|ЭЗЭН, Та надаас Өршөөлөө бүү зайлуулаач
17|4725359|4885706|Энэрэл хайр хийгээд үнэнээрээ Намайг үргэлж хамгаалаач
18|4907756|5437353|Учир нь тоо томшгүй бузрууд намайг тойрчээ, Харж чадахгүй болтлоо хилэнц нүгэлд би баригджээ. Тэдгээр нь толгойны минь үснээс ч илүү олон бөгөөд Зүрх минь ч мохжээ
19|5464916|5696132|ЭЗЭН, намайг аврахаар соёрхооч ЭЗЭН, надад туслахаар хурдлаач
20|5723253|6666464|Миний амийг эрэн хайгчид Доромжлогдон ичгүүрт орог Намайг гайтахад баярлагчид Эргэж, шившиг болог Өөрт минь Ха, ха хэмээгчид Өөрсдийнхөө ичгүүрээс болж айцгааг Харин Таныг эрэн хайгчид бүгд Таны дотор баярлан баясаг Таны авралыг хайрлагсад ЭЗЭН агуу гэж үргэлж хэлэг.
21|6694512|6992628|Би зүдэрсэн, гачигдсан ч Эзэн намайг санана. Та миний тусламж, Та миний аврагч билээ.
22|7015957|7122150|Бурхан минь ээ, бүү саатаач
