verse|start|end|sentence
1|96490|580797|ДУУЛАЛ зуун ес Өмгөөлөл эрсэн залбирал Удирдаачид Давидын дуулал. Миний магтаалын Бурхан, Бүү нам гүм байгаач.
3|7885521|7986818|Тэд харааг, харин Та ерөөгөөч
4|8008604|8214727|Босохдоо тэднийг ичгүүрт оруулж, Боолыгоо харин баярлуулаач
5|8236998|8545874|Өөрийг минь буруутгагчдыг ичгүүрээр хувцаслаж, Өөрсдийнх нь шившгээр тэднийг нөмрөг мэт ороогооч
6|8568321|9127641|ЭЗЭНд би үлэмж талархлыг өргөнө. Олны дунд би Түүнийг магтана. Учир нь тэдний сэтгэлийг Буруушаагчаас аврахын тулд Тэрээр гачигдагчийн баруун гар талд зогсдог.
