verse|start|end|sentence
1|90581|161670|ДУУЛАЛ гучиндөрөв
2|186146|308170|Хүнд байдлаас хэлтэрсний төлөө талархал
3|333881|555483|Абимелехийн өмнө галзуурсан дүр үзүүлж, хөөгдөөд явах үеийн Давидын дуулал.
4|581855|829653|Би ЭЗЭНийг цаг үргэлж магтана. Түүнийг магтах нь миний аманд үргэлж байх болно.
5|856818|1107571|Сэтгэл минь ЭЗЭН дотор сайрхнам. Даруу нэгэн үүнийг сонсон баярламуй.
6|1133193|1593862|Надтай хамт ЭЗЭНийг дээдэлж, Хамтдаа нэрийг нь өргөмжилцгөөе Би ЭЗЭНийг хайсан агаад Тэр надад хариулж, Бүх айдсаас минь Тэр намайг чөлөөлсөн.
7|1620013|1845893|Тэд Түүнийг ажаад Гэрэлтэх болсон хийгээд Тэдний царай дахин Ичгүүрт эс ормой.
8|1870677|2143083|Энэ ядуу хүн хашхирахад ЭЗЭН түүнийг сонсож, Зовлон шаналан бүгдээс нь Түүнийг аварсан болой.
9|2166941|2539807|ЭЗЭНий тэнгэрэлч Эмээгчдийнх нь эргэн тойронд байж Тэднийг чөлөөлнө. ЭЗЭН сайн гэдгийг амсацгаа, үзэцгээ
10|2559872|2677399|Дотор нь хоргоддог нэгэн Юутай ерөөлтэй вэ
11|2701566|3009472|Түүний ариун хүмүүс ээ, Та нар ЭЗЭНээс эмээгтүн Учир нь түүнээс эмээгчдэд Юу ч дутагддаггүй.
12|3037784|3354907|Залуу арслан ч гачигдан өлсөж байдаг. Харин ЭЗЭНийг хайгчид Ямар ч сайн юмаар гачигдахгүй.
13|3381896|3650157|Хүүхдүүд ээ, та нар ирж, Намайг сонс. Та нарт ЭЗЭНээс эмээхүйг Би зааж өгье.
14|3673750|3871450|Амийг хүсэмжилдэг бөгөөд Сайныг харахаар өдрүүдээ хайрлагч хэн бэ
15|3893236|4116558|Хэлээ муу муухайгаас, Уруулаа худал хэлэхээс сахин хамгаал
16|4144650|4871594|Муугаас салж, сайныг үйлд, Амар тайвныг хай, мөшгө ЭЗЭНий мэлмий зөвт хүн дээр Сонор нь тэдний хашхираан дээр байдаг. ЭЗЭНий нүүр царай ёр мууг үйлдэгчдийн эсрэг байдаг нь Тэдний дурсамжийг ч Дэлхийгээс арилгахын тулд буюу.
17|4897128|5383639|Зөвтүүдийг хашхирахад ЭЗЭН сонсож, Зовлон шаналан бүгдээс нь тэднийг аварна. ЭЗЭН эмтэрсэн зүрхнүүдэд Ойрхон байх агаад Сүнсээрээ гэмшигчдийг авардаг.
18|5408644|5608682|Зөв шударгын зүдүүр их авч, ЭЗЭН түүнийг тэр бүгдээс нь аварна.
19|5638493|5830064|Бүх ясыг нь Тэрээр хамгаалан, Тэднээс нэг нь ч хугарна үгүй.
20|5856568|6074730|уруутыг нүгэл нь алах Зөвтийг үзэн ядагчид буруутгагдах.
21|6101014|6361557|ЭЗЭН зарц нарынхаа амийг аврах агаад Түүнд хоргодох хэн нь ч Үл буруутгагдана.
