verse|start|end|sentence
1|98828|711024|ДУУЛАЛ зуун дөч Дайснуудаас чөлөөлөгдөхийн төлөө Удирдаачид Давидын дуулал. Аяа ЭЗЭН, намайг буруу муу хүмүүсээс авраач. Намайг хүчирхийлэгчдээс хамгаалаач.
2|731133|947047|Тэд зүрхэндээ ёрын зүйлсийг сэддэг. Тэд үргэлж дайн өдөөдөг.
3|968083|1180424|Тэд могой шиг хэлээ билүүддэг. Тэдний уруул дор могойн хор байдаг.
4|1201945|1231272|Села
6|3768124|3893368|Гүжирдэгч хүн нутагт бүү суурьшиг.
7|3917403|4351258|Хүчирхийлэгч хүнийг гай зовлон мөшгөн хөнөөг. ЭЗЭН зовогчийн хэргийг хийгээд Ядуугийн төлөөх шударга ёсыг Гүйцэлдүүлнэ гэдгийг би мэднэ.
8|4371456|4643244|Тийм ээ, зөвтүүд Таны нэрд талархана. Чигч шударга хүмүүс Таны оршихуйд амьдарна.
