verse|start|end|sentence
1|90713|334454|ДУУЛАЛ гучин долоо Тэвчээр ба итгэлийн сургамж Давидаас.
2|364266|822112| Ёр мууг үйлдэгчээс болж санаа бүү зов, Бурууг үйлдэгчдэд бүү атаарх. Учир нь тэд удахгүй өвс шиг хорчийн хатна. Ургамал ногоо шиг хагдарна.
3|851703|1113569|ЭЗЭНд итгэж, сайныг үйлд Газар нутагт сууж, Үнэнч байдлыг хоолоо болго.
4|1140117|1522773|ЭЗЭНд баярлагтун Тэр чамд зүрхний чинь хүслийг өгнө ЭЗЭНд замаа даатга, Түүнд итгэж найд Тэгвэл Тэр биелүүлж өгнө
5|1547204|1798265|Тэрээр зөв байдлыг чинь гэрэл адил, Шударга хэргийг чинь үд дунд мэт гийлгэюү.
6|1825475|1953894|ЭЗЭН дотор дуугүй байж, Түүнийг тэвчээртэйгээр хүлээ
7|1980839|2238030|Өөрийнхөө замаар амжилт ологчоос Хорон башир явуулгаа биелүүлдэг хүнээс болж бүү эгдүүц
8|2266519|2495795|Уурлахаа больж, хилэнгээ хая. Бүү эгдүүц. Энэ нь зөвхөн мууд хүргэнэ.
9|2525827|2748444|Мууг үйлдэгчид таслагдана, Харин ЭЗЭНийг хүлээгчид Газар нутгийг өвлөнө.
10|2779270|3081487|Тун удахгүй буруутууд үгүй болно Чи түүний газрыг анхааралтай хайвч Тэр байхгүй байх болно.
11|3111387|3727993|Харин даруу нэгэн газар нутгийг өвлөж, Дүүрэн амар амгаланд умбана. Буруут нь зөвтийн эсрэг хуйвалдаж, Түүн уруу шүдээ хавирна. Өдөр нь ирж буйг ЭЗЭН харах тул Тэрээр түүнээс болж инээнэ.
12|3751190|4116294|Ядуу зүдүү хийгээд гачигдагсдыг хөсөр унагаж, Үйлсээрээ чигч шударга хүмүүсийг алахаар Буруут нь илдээ сугалж, нумаа хөвчилжээ
13|4144165|4330575|Тэдний илд өөрсдийнх нь зүрхэнд зоогдож, Нумууд нь хугарах болно
14|4360387|4772722|Зөв хүний жаахан юм нь Буруу олны элбэг дэлбэгээс хавьгүй дээр. Учир нь буруутын гар хугалагдана Зөвтийг ЭЗЭН дэмжинэ.
15|4803283|4983785|Чигч шударгын өдрүүдийг ЭЗЭН мэднэ. Тэдний өв мөнхөд байна.
16|5012009|5231583|Тэд гамшгийн үед ичгүүрт орохгүй, Өлсгөлөнгийн өдрүүдэд ч цадах буюу.
17|5260865|5576797|Харин буруут нь мөхнө. ЭЗЭНий дайснууд нугын цэцгүүд мэт болж, Тэд утаа мэт замхармой.
18|5618251|5858464|Буруут хүн зээлээд буцааж эс өгнө Зөвт хүн харин өгөөмрөөр өгдөг.
19|5886909|6104542|Түүгээр ерөөгдөгсөд газар нутгийг өвлөнө, Түүгээр хараагдагсад таслагдана.
20|6145731|6352296|Хүний алхмууд ЭЗЭНээр тогтоогдох агаад Замд нь Тэр баярлаюу.
21|6377433|6603357|Тэрээр бүдрэвч газар хөсөр унахгүй Учир нь ЭЗЭН мутраараа түшдэг.
22|6634844|6929521|Би залуугаасаа хөгширтлөө Зөв шударга хүн хаягдахыг, Үр удам нь талх гуйж байхыг үзээгүй.
23|6963390|7140231| Тэр үргэлж элэгсэг агаад зээлүүлдэг. Үр удам нь ерөөлтэй.
24|7169733|7346619|Нүгэл муугаас эргэж, сайныг үйлд, Тэгвэл чи мөнхөд орших болно.
25|7376298|7790309|Учир нь ЭЗЭН шударга ёсыг хайрлах агаад Бишрэлтнүүдээ үл орхино. Тэд мөнхөд хамгаалуулсан, Харин буруутын үр удамтаслагдана,
26|7817607|7959741|Зөвт нь газар нутгийг өвлөж, мөнхөд оршин сууна.
27|7988141|8162513|Зөвтийн ам ухааныг хэлж Хэл нь зөвийг өгүүлдэг.
28|8188752|8434698|Зүрхэнд нь Бурханых нь хууль оршиж, Алхамд нь алдаа эс байдаг.
29|8462260|8637955|Буруут нь зөвтийг анаж, Түүнийг алахаар эрэлхийлнэ.
30|8665164|9194188|ЭЗЭН түүнийг буруутын гарт орхихгүй Эсвэл шүүгдэх үед нь түүнийг буруушаахгүй. ЭЗЭНийг хүлээж, замыг нь дага, Тэгвэл газар нутгийг өвлүүлэхээр Тэр чамайг өргөмжилнө
31|9215356|9336940|Буруут нь таслагдахад чи үүнийг үзнэ.
32|9364370|10092946|Саглагар модv шиг өөрийгөө Сагсайлган ургуулдаг Буруу, харгис хүнийг Би харсан билээ. Тэгээд тэр өнгөрсөн, Харагтун, тэр алга болсон. Би түүнийг хайсан боловч тэр олдоогүй. Өөлөх өөгүйг тэмдэглэж, Үнэнч шулууныг үзэгтүн.
33|10120861|10359442|Ийм хүмүүний ирээдүй Энх тунх билээ. Харин тэрслэгчид цөмөөрөө устгагдана
34|10381404|10760664|Буруутын ирээдүй таслагдана. Зөвтийн аврал ЭЗЭНээс ирнэ. Тэрээр зовлон шаналангийн цагт хүч чадал нь буюу.
35|10788535|11120917|ЭЗЭН тэдэнд тусалж, чөлөөлдөг. Дотор нь хоргоддог тул тэднийг Буруу хүнээс Тэр чөлөөлж, авардаг.
