verse|start|end|sentence
1|95697|194084|ДУУЛАЛ зуун хорин нэг
2|217589|313992|Бурханы хамгаалалтын баталгаа
3|340055|377275|Өгсөх дуу.
4|403779|609770|Харцаа би уулс өөд өргөнө. Хаанаас надад тусламж ирэх вэ
5|630497|682623|Тэрхүү тусламж минь
6|707584|824449|тэнгэр газрыг бүтээгч ЭЗЭНээс.
7|847293|1076569|Тэр хөлийг чинь эс гуйвуулна. Чамайг хамгаалагч Тэрээр үл үүрэглэнэ.
8|1099280|1299538|Харагтун, Израилийг хамгаалагч Тэрээр Үүрэглэх ч үгүй, унтах ч үгүй.
9|1319427|1402291|ЭЗЭН чамайг хамгаалагч,
10|1422533|1567225|ЭЗЭН чиний баруун гар тал дахь сүүдэр чинь юм.
11|1587114|1772202|Шөнөөр саранд ч Өдрөөр наранд ч чи цохиулахгүй.
12|1792576|2008446|ЭЗЭН чамайг муу бүхнээс хаацайлж, Тэрээр амийг чинь хамгаална.
13|2032128|2236840|Орох, гарах бүрийг чинь ЭЗЭН Өдгөөгөөс мөнхөд сахин хамгаална.
