verse|start|end|sentence
2|1494063|2304225|Би Таны сонгогдогсдын сайн сайхныг харж, Таны үндэстний баяр хөөрт баясаж, Өвөөр тань бахархахын тулд юм. Бид ч эцэг өвгөд маань ч нүгэл хийжээ. Бид хуулийг завхруулж, бурууг үйлджээ. Эцэг өвгөд маань Египетэд Таны гайхамшгуудыг ухаарсангүй.
3|2329803|2605913|Таны үй олон энэрлийг тэд саналгүй, Харин тэнгисийн, Улаан тэнгисийн дэргэд тэрсэлсэн.
4|2626463|2842333|Гэлээ ч сүр хүчээ мэдүүлэхийн тулд Тэрээр нэрийнхээ төлөө тэднийг аварсан.
5|2864295|3421630|Тэрээр Улаан тэнгисийг зэмлэсэнд Тэр нь хатсан бөгөөд Тэр тэднийг цөл газраар мэт Оёор гүнээр нь дагуулсан. Үзэн ядагчийнх нь гараас Тэр тэднийг аварч, Дайсны гараас зольсон.
6|3442005|3605704|Өстнүүдийг нь ус бүрхсэн. Нэг нь ч эс үлдсэн.
7|3628107|3998194|Тэгэхэд тэд үгэнд нь итгэж, Түүнд магтаалыг дуулсан. Гэвч тэд үйлсийг нь үтэр мартав. Зөвлөгөөг нь тэд эс хүлээв.
8|4020729|4239906|Харин цөлд ихэд шунан тачаадаж, Зэлүүд газарт Бурханыг сорьсон.
9|4260942|4956928|Иймээс Тэр хүсэж шаардсаныг нь өгсөн боловч Тэдний аманд эцээх өвчнийг илгээсэн. Хуаранд тэд Мосед болон ЭЗЭНий ариун хүн Ааронд атаархсан. Тэгтэл газар нээгдэн Датаныг залгиж, Абирамын бүлэглэлийг дарсан.
10|4977214|5174164|Тэдний бүлэглэл дотор гал дүрэлзэж, Галын дөл буруутыг шатаасан.
11|5194009|5363221|Хоребт тэд тугалыг бүтээж, Цутгамал хөрөгт мөргөцгөөсөн.
12|5383551|5663939|Өөрсдийн алдрыг ингэж тэд Өвс иддэг үхрийн дүрсээр сольж Аврагч Бурханаа тэд мартсан юм.
13|5684578|5826315|Агуу зүйлсийг Тэрээр харин Египетэд хийсэн байсан юм.
15|7601737|8445635|Тэд Баал-пеортой нийлж, Үхэгсдийн тахилыг иджээ. Тэд үйлдлээрээ Түүнийг Хилэнд өдөөсөн бөгөөд Тэдний дунд тахал дэлгэрсэн. Тэр үед Финехас босож, Шүүлтийг гүйцэтгэсэн бөгөөд Тахал зогссон. Энэ нь үеэс үед мөнхөд Түүнд зөв зүйтэй гэж тооцогдсон.
16|8466318|8620315|Тэд бас Мерибагийн их усны дэргэд хилэгнэхэд хүргэсэн
17|8640204|9020346|Түүнийг хилэнг өдөөсөн бөгөөд Тэднээс болж Мосе хэцүүдсэн. Тэд Сүнснийх нь эсрэг тэрсэлсэн учраас Тэрээр гоомой үгс хэлсэн юм.
18|9041514|9784290|ЭЗЭНий өөрсдөд нь тушаасан ёсоор Тэд тэрхүү ард түмнүүдийг үл устгасан, Харин үндэстнүүдтэй хутгалдан Үйлсээс нь суралцаж, Өөрсдөд нь урхи болох Шүтээнүүдэд нь үйлчилсэн. Охид, хөвгүүдээрээ тэд чөтгөрүүдийг тахиж, Гэмгүй цусыг урсгасан.
19|9806472|9952840|Охид хөвгүүдийнхээ цусаар Канааны шүтээнүүдийг тахисан
20|9978418|10319091|Тэгээд газар цусаар бузарлагдсан. Ийн тэд үйлсээрээ бузарлагдан Үйлдлээрээ садар самууныг хийжээ.
21|10339421|10608387|Тиймээс ЭЗЭНий уур хилэн хүмүүсийнхээ эсрэг асаж, Тэр Өөрийн өвийг жигшсэн.
22|10629114|10964053|Тэр тэднийг үндэстнүүдийн гарт оруулсан Үзэн ядагчид нь тэднийг захирсан. Дайснууд нь ч бас тэднийг дарангуйлсан.
23|10984163|11080874|Тэд гар дор нь номхорсон.
24|11100719|11426486|Олон удаа Тэр тэднийг аварсан. Харин тэд сэдлээрээ тэрсэлж, Гэм буруудаа улам шигдэн ялзарсан.
