verse|start|end|sentence
1|88685|157833|ДУУЛАЛ дөчинтав
2|194040|284974|Хааны хуримын магтаал
3|315667|561437|Удирдаачид. Шошаннимаар. Корагийн хөвгүүдийн маскил. Хайрын дуу.
4|594247|810337|Зүрх минь сайн үгээр бялхму Шүлгээ би Хаанд зориулму.
5|842662|955117|Хэл минь чадварлаг бичээчийн бийр амуй.
6|974962|1186686|Та хүний хөвгүүдээс гойд сайхан Таны уруулаас нигүүлсэл дусална.
7|1210280|1328071|Тиймээс Таныг Бурхан мөнхөд ерөөсөн.
8|1357839|1572914|Хүчит Нэгэн, цог жавхлан болоод сүр хүчтэйгээ Ташаандаа илдээ зүү.
9|1597522|1839675|Үнэн, дөлгөөн хийгээд зөвийн хэргээр Сүр хүч дотроо ялгууснаар мордооч.
10|1863180|1999582|Баруун гар тань сүрдэм үйлсийг Танд заана.
11|2029570|2284909|Таны сумнууд Хааны дайснуудын зүрхэнд хурц. Ард түмнүүд Таны өмнө унана.
12|2310707|2445477|Бурхан, Таны сэнтий мөнхийн мөнх.
13|2473745|2662317|Таны хаанчлалын очирт таяг нь Шударга ёсны очирт таяг мөн.
14|2687674|3104640|Та зөвт байдлыг хайрлаж, Буруу явдлыг үзэн яддаг. Тиймээс Бурхан, Таны Бурхан, Нөхдийн тань дээгүүр Таныг баяр баяслын тосоор тослов.
15|3131188|3559663|Таны бүх хувцас мирр, Зуун наст ба могойн зүрхэн зандан мэт. Зааны ясан ордны Утсан хөгжмийн зэмсгүүд Таныг баясгана.
16|3588328|3715645|Хаадын охид Таны Хатагтай нарын дунд бий.
17|3738930|3899233|Баруун гар талд тань Офирын алт зүүсэн хатан зогсоно.
18|3927281|4179489|Сонс, охин оо, хараад чихээ тавь. Ард түмнээ хийгээд эцгийнхээ гэрийг март.
19|4206213|4342659|Тэгвэл Хаан гоо үзэсгэлэнг чинь хүсэмжилнэ.
20|4366517|4471651|Тэр чиний Эзэн учир Түүнд мөргө.
21|4497009|4709174|Тэр охин бэлэгтэй ирнэ Тааллыг чинь ард түмний баячууд гуйна
22|4734487|4940787|Хааны охин бүх цог жавхлан дотроо бөгөөд Хувцас нь алтан хатгамалтай.
23|4961470|5244283|Алаг эрээн хувцастай түүнийг Хаанд хүргэж ирнэ. Араас нь бараа бологч охидыг нь Танд аваачна.
24|5268318|6105909|Тэд баяр болоод баясгалантайгаар хүргэгдэн Хааны ордонд орно. Эцэг өвгөдийн тань байранд Таны хөвгүүд байх бөгөөд Та тэднийг бүх дэлхийд ноёд болгоно. Би нэрийг тань үеийн үед сануулна Тиймээс ард түмэн өнө мөнхөд Таныг магтана.
