verse|start|end|sentence
1|91463|299218|ДУУЛАЛ гучин гурав ЭЗЭН аугаа бас сайн сайхан
2|327398|600509|Зөвт хүмүүс ээ, ЭЗЭН дотор баярлан дуулагтун Чигч шударга хүн магтан дуулах нь зохистой.
3|623044|936992|Ятгын эгшгээр ЭЗЭНд талархал өргө. Арван чавхдаст пийпаа хөгжмөөр Түүнд магтаалуудыг дуулагтун
4|963585|1457019|Түүнд шинэ дууг дуул, Баярт дуугаар уран чадварлаг тогло Учир нь, ЭЗЭНий үг зөв шударга агаад Бүх бүтээл нь итгэлтэйгээр хийгдсэн буюу.
5|1480260|1610708|Тэрээр зөв ба шударга байдлыг хайрлаюу.
6|1645679|1802234|Дэлхий ЭЗЭНий Энэрэл хайраар дүүрэн буюу.
7|1824417|2101982|ЭЗЭНий үгээр тэнгэрс, Амных нь амьсгалаар тэдгээрийн Түг түмд бүгдээрээ бүтээгдсэн билээ.
8|2126016|2417253|Тэрээр далайн усыг овоо адил Хамтад нь цуглуулнам. Гүний усыг агуулахад хуримтлуулнам.
9|2442302|2973751|Хамаг дэлхий ЭЗЭНээс эмээгтүн, Ертөнцийн бүх оршин суугчид Түүнийг хүндэтгэгтүн Учир нь Түүнийг айлдваас Тэр нь биелнэ. Түүнийг тушаах аваас Тэр нь буй болмой.
10|3003871|3302296|ЭЗЭН үндэстнүүдийн зөвлөгөөг үгүй хийж Тэрээр ард түмнүүдийн бодлыг Үр дүнгүй болгомуй.
11|3326639|3510007|ЭЗЭНий зөвлөгөө мөнхөд, Зүрхнийх нь санаа Үеийн үед.
12|3538231|3844417|Өөрсдийн Бурхан нь ЭЗЭН байдаг үндэстэн, Өв юугаа болгохоор Түүний сонгосон ард түмэн ерөөлтэй еэ
13|3867658|3943730|ЭЗЭН тэнгэрээс ажмуй.
14|3966750|4090583|Тэрээр хүний хөвгүүдийг Бүгдийг харах авай.
15|4115367|4302616|Сэнтийнхээ газраас Тэрээр Дэлхийн бүх оршин суугчдыг ширтдэг.
16|4325945|4437033|Тэд бүгдийн зүрхийг бүтээсэн Тэр агаад
17|4459127|4581063|Тэд бүгдийн үйлсийг Тэр анхаарах болой.
19|4885618|5112733|Цэргийн олноор ялах хаан гэж үгүй. Хүчний ихээр чөлөөлөгдөх баатар гэж үгүй.
20|5136591|5224615|Аврал хэрэгтэй үед морь дэмий
21|5258836|5686518|Их тэнхээгээрээ хэнийг ч чөлөөлж үл чадмуй. Харагтун, ЭЗЭНий мэлмий Өөрөөс нь эмээгчдийг, Хайр энэрэлд нь найдагчдыг хардаг нь
22|5709979|5953632|Амийг нь үхлээс аварч, Тэднийг өлсгөлөн дундаас Амьд үлдээхийн тулд ажгуу.
23|5979474|6454784|Сэтгэл маань ЭЗЭНийг хүсэн хүлээдэг Тэр бидний тусламж, Бидний бамбай буюу. Бид ариун нэрд нь итгэдэг учраас Зүрх маань Түүнд баярлаюу.
24|6484728|6784873|ЭЗЭН, Танд бидний найдсаны дагуу Хайр энэрэл тань бидний дээр байх болтугай
