verse|start|end|sentence
1|91948|165507|ДУУЛАЛ гучин тав
2|186146|326736|Дайснаас ангижрахын төлөө Давидын дуулал.
3|354519|1111143|Надтай тэмцэлдэгчидтэй тэмцэлдээч, ЭЗЭН Надтай тулалдагчидтай тулалдаач Халхавч, бамбайгаа барин Надад туслахаар босооч Намайг мөрдөгчдийн эсрэг Жад, сүхээ сугалж Би чиний аврал хэмээн Сэтгэлд минь хэлээч
4|1136809|1467648|Амийг минь хайгчдыг Шившиг болгож, ичгүүрт унагаан Миний эсрэг бузар мууг сэдэгчдийг Буцааж, самууруулаач
5|1494549|1741420|Тэднийг салхинд хийсэх будааны хальс мэт болгож ЭЗЭНий тэнгэрэлчээр туулгаач
6|1763029|2004256|Замыг нь харанхуй, халтиргаатай болгож ЭЗЭНий тэнгэрэлчээр тэднийг хөөлгөөч
7|2027012|2361069|Учир нь шалтгаангүйгээр Тэд нууцаар надад тор тавьсан, Шалтгаангүйгээр Тэд сэтгэлд минь нүх ухсан.
8|2388897|2752192|Мэдээгүй байхад нь Сүйрлийг түүнд ирүүлж, Нууцаар тавьсан тор нь Өөрийг нь бариг. Сүйрэлд түүнийг унагаагаач
9|2781916|3388732|Сэтгэл минь ЭЗЭНд баярлаж, Авралд нь баясна Бүх яс минь ЭЗЭН, хэн Тан шиг вэ Хүчтэнээс зүдэрснийг, Дээрэмчдээс нь зүдэрсэн хийгээд ядууг Та аварна хэмээмой.
10|3416427|3598824|Хэрцгий гэрч нар босон Эс мэдэх зүйлийг надаас байцаана.
11|3629121|3800229|Тусыг минь усаар тэд хариулан Сэтгэл минь ганцаардана.
12|3826468|4209653|Тэднийг өвчтэй байхад Харин би тааран хувцас өмссөн Сэтгэлээ би мацгаар дордуулсан. Залбирал минь өвөрт минь буцаж ирэв.
13|4232365|4609640|Би найздаа, ах дүүдээ юм шиг Тэдэнд үйлдсэн Би эхийнхээ хойноос гашууддаг шиг Гашуудан бөхийсөн.
14|4634336|5003762|Харин намайг бүдэрсэнд Тэд баярлан цуглав Миний мэддэггүй байсан довтлогчид Миний эсрэг цуглав.Зогсоо зайгүй намайг гүжирдэв
15|5030795|5259851|Найран дээрх сүсэг бишрэлгүй тохуурхагчид мэт Над уруу тэд шүдээ хавирав
16|5287986|5648989|Эзэн, Та хэдий болтол харж суух вэ Амийг минь тэдний сүйтгэлээс, Намайг арслангуудаас авраач
17|5673376|5934757|Танд би их чуулганд талархал өргөнө. Таныг олон ард түмний дунд магтах болно.
18|5961834|6340301|Үндэсгүйгээр намайг дайсагнагчдыг Надаас болж бүү баясга. Шалтгаангүйгээр намайг үзэн ядагчдын Нүдийг ч бүү ирмүүл.
19|6367995|6684325|Учир нь тэд амар амгаланг ярьдаггүй, Нутгийн аниргүй оршигчдын эсрэг Хуурмаг үгсийг зохиодог.
20|6707257|6922200|Амаа тэд над уруу томоор нээцгээн Аахаа, нүд маань үзлээ гэцгээнэ.
21|6947028|7255596|ЭЗЭН, Та үүнийг харсан. Бүү дуугүй байгаач Эзэн, надаас бүү хол байгаач
22|7277646|7866161|Бурхан минь, миний Эзэн, Өөрийгөө сэрээж, намайг хамгаалахаар, Миний хэргийн төлөө босооч Бурхан ЭЗЭН минь, зөвт байдлынхаа дагуу намайг шүүн, Надаас болж тэднийг бүү баясгаач
23|7898486|8277834|Тэднийг Аахаа, ингэхийг л бид хүссэн юм гэж Зүрхэнд нь бүү хэлүүлээч. Бид түүнийг залгисан гэж Тэднээр бүү хэлүүлээч.
24|8304206|8688537|Хохиролд минь баясагч бүгдийг Ичгүүрт унаган дорд болгооч. Өөрсдийгөө миний дээгүүр дөвийлгөгчдийг Ичгүүр, гутамшигт оруулаач
25|8712396|9208521|Зөвтөлд минь баярлагчид Баясан хашхирч, баярлан хөөрөг. Тэднээр Зарцынхаа сайн сайханд баярладаг ЭЗЭН дээдлэгдэх болтугай гэж Үргэлж хэлүүлээч.
26|9236612|9471886|Таны зөв шударгыг, Таны магтаалыг Хэл минь өдөржин тунхагланам.
