verse|start|end|sentence
1|97813|537402|ДУУЛАЛ хоринхоёр Дайсагнал ба шаналлаас гэтлэх гуйлт Удирдаачид. Аиелет Хашшахар дээр. Давидын дуулал.
2|569860|939153|Бурхан минь, Бурхан минь, Юунд Та намайг орхисон бэ Миний ёолох дуу, авралаас минь Юунд Та хол байна вэ
3|962791|1238680|Бурхан минь ээ, би өдрөөр хашхирдаг ч Та хариулдаггүй Шөнөөр бас хашхирдаг ч Надад хариу алга.
4|1262583|2097351|Гэвч Израилийн магтаал дунд сэнтийд залрагч аа, Та ариун юм. Эцэг өвгөд маань Танд итгэсэн Тэд итгэсэн бөгөөд Та тэднийг аварсан. Тэд Тан уруу хашхирч, аврагдаж байв. Тэд Танд итгэсэн бөгөөд ичгүүрт унасангүй. Харин би өт, хүн биш
5|2121871|2258316|Би хүмүүсийн буруушаал болж Ард олонд жигшигдсэн юм.
6|2278647|2825619|Намайг хардаг бүхэн Намайг тохуурхан инээдэг Тэд уруулаа нээж, толгой сэгсрэн Тэр өөрийгөө ЭЗЭНд даатгасан Тэр түүнийг авраг Тэр Түүнд баярладаг тул түүнийг авраг гэж байна.
7|2846610|3029846|Гэсэн ч Та намайг эхийн хэвлийгээс гаргасан Тэр мөн
8|3057717|3199102|Эхийнхээ хөхөөр байх үед Та намайг итгүүлсэн.
9|3222122|3726582|Би төрөхөөсөө Танд даатгагдсан Эхийнхээ хэвлийд байх үеэс минь Та миний Бурхан байсан. Зовлон шаналан ойрхон Туслагч ганц ч алга тул Надаас бүү холдооч.
10|3746824|3931647|Олон үхэр намайг хүрээлжээ. Башаны хүчтэнүүд намайг бүсэлжээ.
11|3952991|4548870|Хуу татахаар архиран байгаа арслан шиг Тэд над уруу амаа том ангайлган байна. Намайг ус шиг асгасан бөгөөд Бүх яс минь мултарсан. Зүрх минь лааны тос адил Дотор минь хайлсан.
12|4571141|4779425|Хүч минь шаазангийн хэлтэрхий шиг хатаж, Хэл минь түүшиндээ наалдав
13|4800505|5050596|Та намайг үхлийн шороонд тавьжээ. Учир нь, намайг ноход хүрээлжээ.
14|5071588|5208783|Ёрын мууг үйлдэгчдийн бүлэглэл Намайг бүсэлжээ.
15|5228628|5468355|Тэд гар, хөлийг минь нэвт хатгалаа. Би бүх ясаа тоолж чадна.
16|5494815|5603390|Тэд харж, над уруу гөлрөн ширтэнэ.
17|5636244|5855421|Тэд гадуур хувцсыг минь дундаа хувааж, Хувцасны минь төлөө шодму.
18|5875619|6126813|Харин, ЭЗЭН, Та бүү холдооч Миний хүч чадал аа, надад туслахаар хурдлаач.
19|6163371|6413463|Сэтгэлийг минь илднээс, Ганц амийг минь нохойн эрхшээлээс авраач.
20|6437188|7099835|Намайг арслангийн амнаас авраач. Зэрлэг үхрийн эврээс аварч, Надад хариу өгөөч. Таны нэрийг би Ах дүүстээ хэлэх болно. Чуулган дунд би Таныг магтах болно. ЭЗЭНээс эмээгчид ээ, Түүнийг магт.
21|7119680|7935706|Иаковын үр удам болох та бүгд Түүнийг алдаршуул. Израилийн үр удам болох та бүгд Түүнийг хүндэтгэ. Учир нь, Тэр зовогсдын зовлонг Жигшээ ч үгүй, үзэн ядаа ч үгүй. Тэр нүүрээ түүнээс нуугаа ч үгүй. Харин тусламж гуйн түүнийг хашхирахад Тэр сонссон юм.
22|7958903|8511741|Их чуулганы дунд магтаал минь Танаас ирдэг. Түүнээс эмээгчдийн өмнө Би тангаргаа биелүүлнэ. Ядуу нэгэн идэж, цадна. ЭЗЭНийг эрэн хайгчид Түүнийг магтах болно.
23|8536437|8684083|Та нарын зүрх мөнхөд амьд байх болтугай
24|8704943|8889457|Газрын бүх зах хязгаар ЭЗЭНийг санаж, Түүн уруу эргэх болно
25|8911992|9075780|Улс үндэстнүүдийн бүх ураг Таны өмнө хүндэтгэн мөргөнө.
26|9099064|9320314|Учир нь хаанчлал нь ЭЗЭНийх Тэрээр улс үндэстнүүдийг захирдаг.
27|9342144|10379420|Дэлхийн бүх хүн мэхийн хүндэтгэх болно Чинээлэг нь ч, иддэгүүд ч Шороон доор орогчид ч, Амь үл хадгалагчид бүгд Өмнө нь сөгдөнө. Үр удмууд Түүнд зарагдах болно Эзэний тухай ирэх үеүдэд яригдах болно. Тэд ирж, Тэр үүнийг үйлдсэн гэдгийг, Ирээдүйд төрөх хүмүүст Зөв шударгыг нь зарлах болно.
