verse|start|end|sentence
1|95961|799136|ДУУЛАЛ зуун нэг Шударга ёсыг хүсэмжлэхүй Давидын дуулал. Хайр энэрэл ба үнэний тухай би дуулна, Аяа ЭЗЭН Танд би магтан дуулна. Би гэм зэмгүйн замаар явна. Та над уруу хэзээ ирэх вэ
2|824184|1001334|Би гэр дотроо үнэнч сэтгэлээр явах болно.
3|1024707|2083945|Би нүднийхээ өмнө Үл бүтэх ямар ч юмыг байлгахгүй. Би урвагчдын ажлыг үзэн яддаг. Тэр нь надад наалдахгүй. Зальхай зүрх надаас дайжин Ёрын мууг би мэдэхгүй болно. Хөршөө сэмхэн муулагчдыг би устгана. Дээгүүр харц, бардам сэтгэлтэй хэнийг ч би тэвчихгүй. Өөртэйгөө хамт суулгахаар Нүд минь энэ нутгийн үнэнч хүмүүсийг ажиглана.
4|2109655|2876334|Гэм зэмгүй замаар явагч нь Надад үйлчилж болно. Хууран мэхлэгч нэгэн Гэрт минь эс сууна. Худал яригч нь Хараанд минь үл тогтоно. Ёс бусыг үйлдэгч бүхнийг ЭЗЭНий хотоос таслахын тулд Өглөө бүр би энэ газар нутгийн Бүх буруутыг устгана.
