verse|start|end|sentence
1|89787|178781|ДУУЛАЛ зуун хорь
2|200655|330044|Гүжирдлэгээс ангижрахын төлөө залбирал
3|352094|391343|Өгсөх дуу.
4|412864|884116|Би зовлон шаналангийнхаа дунд ЭЗЭНд хашхирсанд Тэрээр намайг сонсов. Аяа ЭЗЭН, сэтгэлийг минь худалч уруул Хуурмаг хэлнээс авраач.
5|904843|1089931|Чамд юу өгөх вэ Хуурмаг хэл ээ, чамд өөр юу хийх вэ
6|1110879|1298127|Тац модны шатаж буй нүүрстэй Дайчин хүний хурц сум.
7|1323308|1779038|Би Мешехт түр сууж, Кедарын майхнуудын дунд оршин суудаг тул би хөөрхийлөлтэй еэ Амар тайвныг үзэн ядагчтай хамт Сэтгэл минь удаан оршин суужээ.
8|1799588|2028379|Би амар тайван. Харин намайг ярихад тэд дайныг хүснэ.
