verse|start|end|sentence
1|88200|323826|ДУУЛАЛ зуун дөчин хоер Хавчигсдаас ангижрахуйн төлөө залбирал
2|344906|795652|Давидын маскил. Агуйд байх үеийнх нь залбирал. Дуу хоолойгоороо ЭЗЭНд чангаар хашхирлаа, би Дуу хоолойгоороо ЭЗЭНээс гуйлаа, би.
3|815497|1029867|Түүний өмнө гомдолоо уудалж, Зовлон шаналангаа Түүний өмнө ярилаа, би.
4|1050991|1710594|Сүнс минь миний дотор сульдахад Зам мөрийг минь Та мэдэж байжээ. Явах тэр замд минь Надад тэд урхи нуусан байжээ. Баруун тал уруу би харж ажиглалаа. Намайг тоох хэн ч алга. Надад хоргодох газар ч үлдсэнгүй.
5|1739259|2803348|Сэтгэлийг минь эрэлхийлэгч нэг ч үгүй. Аяа ЭЗЭН, би Танд хашхирч, хэлэхдээ Миний хоргодох газар, Амьдын нутагт миний хувь Та юм. Хашхирах дууг минь анхааран сонсооч. Учир нь би маш дорд болгогджээ. Миний хувьд тэд хэт хүчтэй тул Намайг мөшгөгчдөөс минь авраач Сэтгэлийг минь шоронгоос гаргаач
6|2825663|2899927|Би Таны нэрд талархал өргөе.
7|2920478|3129821|Та надад өгөөмөр хандах учир Зөвтүүд намайг хүрээлнэ гэсэн.
