verse|start|end|sentence
1|93668|522629|ДУУЛАЛ зуун найм Ялалтын магтаал залбирал Дуу. Давидын дуулал. Аяа Бурхан, зүрх минь бат байна.
2|544105|1373847|Би дуулна, би аялгуулан дуулна. Сэтгэл сүнс минь, сэрээч Босоо ятга болон ятга аа, сэрээч. Үүрийн гэгээг би сэрээнэ Аяа ЭЗЭН, би ард түмнүүдийн дунд Танд талархал өргөнө, Үндэстнүүдийн дунд Таныг магтан дуулна.
4|2998800|3676881|Едомын дээр Би гутлаа шиднэ. Филистийн дээгүүр Би ялгууснаар хашхирна гэв. Хэн намайг бэхлэгдсэн хотод авчрах вэ Хэн намайг Едом уруу хөтлөх вэ Өө, Бурхан, Та Өөрөө Биднээс татгалзсан бус уу
5|3697829|4386494|Өө Бурхан, Та манай цэрэгтэй хамт давшихгүй гэж үү Учир нь хүнээр авруулах нь дэмий хоосон юм. Бурхантай хамт бид зоригтой байна. Өстнүүдийг маань гишгэлэгч нь Тэр билээ.
