verse|start|end|sentence
1|91948|440911|ДУУЛАЛ жаран ес Дарамтын эсрэг залбирал Удирдаачид: Шушанимын дагуу. Давидаас.
2|460844|880853|Бурхан, намайг авраач. Учир нь их ус аминд минь заналхийлжээ. Гүн намагт би живж Тэнд хөл тогтох газар үгүй.
3|910268|1016725|Гүн усанд би орж, үерт автлаа.
4|1038643|1307256|Хашхирсаар байгаад би ядарчээ Хоолой минь хатжээ. Бурханаа хүлээсээр Нүд минь гархилжээ.
5|1328865|1715269|Шалтгаангүйгээр намайг үзэн ядагчид Толгойн үснээс минь ч олон Утгагүйгээр дайсагнагч Устгах гэж оролдогсод хүчтэй байна.
6|1735158|2184317|Би хулгайлаагүй зүйлээ Буцааж өгөх ёстой болж байна. Аяа Бурхан, мунхаглалыг минь Та мэддэг нь бөгөөд Ял зэм минь Танаас нууцлагдаагүй.
7|2205441|3218462|Түг түмдийн БУРХАН Эзэн, Таныг хүлээгчдийг надаас болж Ичгүүрт бүү оруулаач Израилийн Бурхан, Таныг эрэн хайгчдыг надаас болж Шившигт бүү оруулаач Учир нь Таны төлөө би Жигшил зэвүүцлийг үүрчээ. Нүүрийг минь ичгүүр нөмөрлөө. Би ах дүүстээ харийн хүн болж, Эхийнхээ хөвгүүдэд ч гаднын хүн болсон.
8|3238571|3530469|Таны өргөөний төлөөх зүтгэл Намайг залгиж, Таныг буруутгасан хүмүүсийн буруутгал Над дээр буув.
9|3551152|3712999|Мацаг барин сэтгэлдээ уйлаад Буруушаал болов би.
10|3734123|3882740|Тааран хувцас өмсөөд Ёгт үг болов би тэдэнд.
11|3904790|4378027|Гулдан хаалганы дэргэд суугчид Миний тухай ярьж Би согтуурагчдын элэглэл дуу болжээ. ЭЗЭН, залбирал минь тааламжтай цагт Танд хандана.
12|4400650|5319694|Бурхан, хайр энэрлийнхээ аугаагаар Авралынхаа үнэнээр надад хариулаач Намгаас татан гаргаж, Намайг бүү живүүлээч, Үзэн ядагсад хийгээд Усны гүнээс намайг авраач Усны үерт намайг үл автуулж, Гүн усанд эс залгиулж, Нүхний амыг ч дээр минь Бүү хаагдуулаач
13|5339892|6212190|ЭЗЭН, хайр энэрэл тань сайн учир Хариулаач надад. Өршөөлийнхөө үлэмжээр над уруу эргэж, Зарцаасаа нүүрээ бүү нуугаач. Учир нь би хавчлага дунд байна. Надад даруйхан хариулаач Сэтгэлд минь ойртон ирж, Түүнийг авраач ээ Дайснуудын минь учир Намайг золиоч
14|6232256|6509689|Надад ирсэн буруутгал, Ичгүүр, доромжлолыг Та мэднэ. Бүх өстөн минь Таны өмнө байна.
15|6529578|7219478|Буруутгал зүрхийг минь эмтэлж, Би маш их өвчтэй байна. Би өрөвдөгчийг хүлээсэн ч Хэн ч байсангүй. Тайтгаруулагчийг ч бас эс олов. Тэд бас надад хүнсэнд минь цөс, Цангахад минь уулгахаар цуу өгөв.
16|7242719|7482932|Тэдний ширээ нь тэдэнд урхи болог. Тэднийг амар тайван байхад Энэ нь хавх болог.
17|7503659|8211287|Харж чадахгүйн тулд Тэдний нүд харанхуйлаг. Ууц нуруу нь үргэлж Дагжин чичрэг. Хараалаа тэдний дээр асгаач Таны дүрэлзэж буй уур Тэднийг нөмрөг. Тэдний хуаран эзгүйрэг Майхнуудад нь хэн ч бүү сууг
18|8232808|8378118|Учир нь тэд Таны бут цохисон хүнийг хяхан хавчсан.
19|8402240|8821940|Таны шархдуулсан хүний өвчин шаналлыг хөөрөлддөг. Тэдний хилэнц дээр хилэнц нэмээч. Тэд Таны зөвт байдалд бүү орог.
20|8842711|9107135|Тэд амийн номоос хасагдан арчигдаж, Зөвт хүмүүстэй хамт бүү бичигдэг
21|9129317|10462372|Харин би зүдрүү агаад хөндүүрлэж байна. Аяа Бурхан, Таны аврал Намайг өндөрт өргөх болтугай! Би Бурханы нэрийг дуугаар магтаж, Түүнийг талархлаар өргөмжилнө. Энэ нь ЭЗЭНд үхрээс илүүгээр Эвэр туурайтай залуу бухнаас илүүгээр таашаагдана. Даруу хүмүүс үүнийг үзсэн бөгөөд баярлаж байна. Бурханыг эрэн хайгчид аа, Зүрх тань сэргэх болтугай. Учир нь гачигдагсдыг ЭЗЭН сонсдог бөгөөд Хоригдлуудаа жигшдэггүй.
22|10484863|11143673|Тэнгэр ба газар, Далай ба тэдгээрийн дотор хөдөлж буй бүхэн Түүнийг магтаг. Учир нь Сионыг Бурхан аварч, Иудагийн хотуудыг босгон байгуулна. Энэ нь тэднийг тэнд суулгаж, Тэдгээрийг эзэмшүүлэхийн тулд юм.
23|11166120|11438569|Зарц нарынх нь үр удам үүнийг өвлөж, Нэрийг нь хайрлагчид тэнд оршин суух болно.
